Date,Open,High,Low,Close,Volume
2013-06-20 16:00:00-04:00,15.8,17.4,15.63,16.49,3371619
2013-06-21 16:00:00-04:00,16.75,17.72,16.5,17.5,181646
2013-06-24 16:00:00-04:00,17.25,17.81,16.33,17.35,146261
2013-06-25 16:00:00-04:00,17.41,17.92,17.377,17.54,116312
2013-06-26 16:00:00-04:00,16.82,17.0,15.7,16.045,1056150
2013-06-27 16:00:00-04:00,16.1,16.19,13.035,13.63,580511
2013-06-28 16:00:00-04:00,13.48,15.18,13.48,15.0,166105
2013-07-01 16:00:00-04:00,14.85,15.074,14.42,15.0,59048
2013-07-02 16:00:00-04:00,15.51,17.39,15.044,16.13,90767
2013-07-03 16:00:00-04:00,16.24,16.24,15.16,15.16,12956
2013-07-05 16:00:00-04:00,15.85,16.23,15.025,15.2,12601
2013-07-08 16:00:00-04:00,15.2,15.92,15.19,15.92,72807
2013-07-09 16:00:00-04:00,15.97,15.99,15.31,15.515,13834
2013-07-10 16:00:00-04:00,15.5,15.8,15.2,15.8,45303
2013-07-11 16:00:00-04:00,16.03,16.5,15.83,16.34,87186
2013-07-12 16:00:00-04:00,16.94,16.95,16.3117,16.94,82140
2013-07-15 16:00:00-04:00,17.37,17.7,16.22,17.17,188750
2013-07-16 16:00:00-04:00,18.5,18.5,16.51,16.57,249747
2013-07-17 16:00:00-04:00,16.78,17.82,16.75,17.82,210827
2013-07-18 16:00:00-04:00,18.0,18.47,17.88,18.4,149319
2013-07-19 16:00:00-04:00,17.78,18.41,17.09,17.75,251302
2013-07-22 16:00:00-04:00,17.7,17.7,16.75,16.98,172049
2013-07-23 16:00:00-04:00,17.02,17.22,16.4,16.77,148788
2013-07-24 16:00:00-04:00,16.74,16.74,15.91,16.1,93703
2013-07-25 16:00:00-04:00,16.11,16.23,15.5,16.14,84283
2013-07-26 16:00:00-04:00,16.18,17.33,16.18,16.57,61367
2013-07-29 16:00:00-04:00,16.67,16.87,16.35,16.55,15361
2013-07-30 16:00:00-04:00,16.77,16.889,15.58,15.58,239279
2013-07-31 16:00:00-04:00,15.49,16.035,14.41,15.66,87846
2013-08-01 16:00:00-04:00,15.64,16.1,14.26,14.62,183135
2013-08-02 16:00:00-04:00,14.73,14.73,13.88,14.06,186805
2013-08-05 16:00:00-04:00,14.06,15.17,14.0,14.92,47002
2013-08-06 16:00:00-04:00,15.0,15.1996,14.315,14.53,194996
2013-08-07 16:00:00-04:00,14.49,15.8299,14.42,14.86,156067
2013-08-08 16:00:00-04:00,15.08,15.7,14.71,14.95,206692
2013-08-09 16:00:00-04:00,15.2,15.999,15.2,15.42,18669
2013-08-12 16:00:00-04:00,15.35,15.71,14.861,15.46,52589
2013-08-13 16:00:00-04:00,15.58,15.58,14.56,15.0,103003
2013-08-14 16:00:00-04:00,15.18,15.75,14.35,15.64,179336
2013-08-15 16:00:00-04:00,15.02,15.58,15.02,15.55,17271
2013-08-16 16:00:00-04:00,15.58,16.1,15.44,15.66,19874
2013-08-19 16:00:00-04:00,15.5,16.0,15.5,15.86,15665
2013-08-20 16:00:00-04:00,15.99,16.03,15.44,15.63,43888
2013-08-21 16:00:00-04:00,15.56,15.75,15.34,15.59,6203
2013-08-22 16:00:00-04:00,15.73,16.16,15.0,16.15,27054
2013-08-23 16:00:00-04:00,15.94,16.52,15.04,15.82,6822
2013-08-26 16:00:00-04:00,16.03,16.99,15.56,16.2,23999
2013-08-27 16:00:00-04:00,16.36,16.914,16.36,16.57,15503
2013-08-28 16:00:00-04:00,16.54,17.32,16.34,16.62,43392
2013-08-29 16:00:00-04:00,16.96,17.51,16.96,17.49,25257
2013-08-30 16:00:00-04:00,17.64,18.25,17.64,17.94,91164
2013-09-03 16:00:00-04:00,19.09,19.09,17.76,18.15,84312
2013-09-04 16:00:00-04:00,18.3,18.95,17.95,18.74,237778
2013-09-05 16:00:00-04:00,18.95,19.25,18.6,19.1,32614
2013-09-06 16:00:00-04:00,19.45,19.45,18.67,19.07,11630
2013-09-09 16:00:00-04:00,19.11,21.01,18.13,20.88,142610
2013-09-10 16:00:00-04:00,21.01,22.37,20.83,21.86,151405
2013-09-11 16:00:00-04:00,21.99,21.99,19.58,20.4,65233
2013-09-12 16:00:00-04:00,20.49,20.85,20.0,20.42,70285
2013-09-13 16:00:00-04:00,21.2,21.9,20.295,21.34,69392
2013-09-16 16:00:00-04:00,21.43,21.44,20.3,20.78,82553
2013-09-17 16:00:00-04:00,20.35,20.89,19.39,19.76,58878
2013-09-18 16:00:00-04:00,19.66,19.74,18.35,19.73,69890
2013-09-19 16:00:00-04:00,19.77,20.15,19.03,19.52,47420
2013-09-20 16:00:00-04:00,18.77,19.32,17.46,17.88,125048
2013-09-23 16:00:00-04:00,17.9,24.38,17.9,22.48,552492
2013-09-24 16:00:00-04:00,22.37,23.0,20.25,21.39,212299
2013-09-25 16:00:00-04:00,21.4,22.23,20.84,21.84,126444
2013-09-26 16:00:00-04:00,21.99,22.51,20.53,21.45,124393
2013-09-27 16:00:00-04:00,21.77,21.77,20.17,21.37,168073
2013-09-30 16:00:00-04:00,21.31,21.79,19.8525,21.46,906004
2013-10-01 16:00:00-04:00,21.45,22.42,20.78,22.39,182082
2013-10-02 16:00:00-04:00,22.3,22.3,20.19,20.36,94954
2013-10-03 16:00:00-04:00,20.31,20.6,19.2,19.39,109947
2013-10-04 16:00:00-04:00,19.27,19.6,18.84,19.03,75360
2013-10-07 16:00:00-04:00,18.83,19.34,18.83,19.11,51027
2013-10-08 16:00:00-04:00,19.05,19.84,16.52,16.84,158970
2013-10-09 16:00:00-04:00,16.8,17.22,15.35,16.87,248779
2013-10-10 16:00:00-04:00,17.24,17.59,15.59,17.43,140653
2013-10-11 16:00:00-04:00,18.41,18.41,16.45,17.2,104705
2013-10-14 16:00:00-04:00,17.05,18.28,16.805,17.76,113589
2013-10-15 16:00:00-04:00,17.67,18.905,16.896,18.28,88297
2013-10-16 16:00:00-04:00,18.21,18.64,17.39,18.44,63468
2013-10-17 16:00:00-04:00,18.41,19.669,18.41,19.47,91419
2013-10-18 16:00:00-04:00,19.47,19.7862,18.67,19.24,48557
2013-10-21 16:00:00-04:00,19.2,20.75,18.5,20.52,76660
2013-10-22 16:00:00-04:00,20.5,21.93,20.385,21.24,263271
2013-10-23 16:00:00-04:00,21.08,21.946,17.7437,20.73,105715
2013-10-24 16:00:00-04:00,20.66,20.78,20.35,20.48,71658
2013-10-25 16:00:00-04:00,20.57,20.77,20.34,20.71,429328
2013-10-28 16:00:00-04:00,20.66,20.98,19.93,20.43,57107
2013-10-29 16:00:00-04:00,20.42,20.5,19.25,19.82,87124
2013-10-30 16:00:00-04:00,19.8,19.8,18.2,18.29,38646
2013-10-31 16:00:00-04:00,18.27,19.0,17.69,18.042,75966
2013-11-01 16:00:00-04:00,17.87,19.0,16.51,17.5,338331
2013-11-04 16:00:00-05:00,17.51,18.38,16.57,18.29,214971
2013-11-05 16:00:00-05:00,18.27,18.9,17.97,17.98,67696
2013-11-06 16:00:00-05:00,18.12,18.33,16.9,17.25,279860
2013-11-07 16:00:00-05:00,17.27,17.3,16.17,16.7,101985
2013-11-08 16:00:00-05:00,16.68,17.31,16.66,16.86,61780
2013-11-11 16:00:00-05:00,16.86,17.2,16.25,17.03,83356
2013-11-12 16:00:00-05:00,16.96,17.1153,15.62,16.42,138387
2013-11-13 16:00:00-05:00,16.34,16.65,16.045,16.31,41418
2013-11-14 16:00:00-05:00,17.29,17.34,15.42,15.87,114347
2013-11-15 16:00:00-05:00,15.86,16.1,14.48,14.56,259359
2013-11-18 16:00:00-05:00,14.59,14.729,13.15,13.59,88264
2013-11-19 16:00:00-05:00,13.56,14.31,13.272,14.16,79403
2013-11-20 16:00:00-05:00,15.248,15.248,13.93,14.06,95291
2013-11-21 16:00:00-05:00,14.04,15.52,13.81,14.75,53863
2013-11-22 16:00:00-05:00,14.78,15.48,14.69,14.75,50824
2013-11-25 16:00:00-05:00,14.68,14.89,14.33,14.71,18566
2013-11-26 16:00:00-05:00,14.76,15.4,14.47,15.0,96253
2013-11-27 16:00:00-05:00,15.12,15.82,14.66,15.48,29365
2013-11-29 16:00:00-05:00,15.58,16.98,15.38,15.67,28350
2013-12-02 16:00:00-05:00,15.75,16.61,15.22,15.61,66490
2013-12-03 16:00:00-05:00,15.63,15.65,15.205,15.59,49798
2013-12-04 16:00:00-05:00,15.47,15.925,15.34,15.68,60587
2013-12-05 16:00:00-05:00,15.73,16.19,15.51,15.98,44736
2013-12-06 16:00:00-05:00,16.11,16.92,15.97,16.62,55902
2013-12-09 16:00:00-05:00,16.83,17.26,16.7,16.99,72283
2013-12-10 16:00:00-05:00,16.98,17.26,16.02,16.47,41797
2013-12-11 16:00:00-05:00,16.42,16.48,15.6,15.96,44723
2013-12-12 16:00:00-05:00,15.92,17.13,15.92,16.77,85763
2013-12-13 16:00:00-05:00,16.86,17.16,15.63,16.98,114521
2013-12-16 16:00:00-05:00,17.07,19.57,16.945,19.34,540267
2013-12-17 16:00:00-05:00,19.3,19.72,18.61,19.15,325464
2013-12-18 16:00:00-05:00,19.22,19.3,18.69,19.0,181222
2013-12-19 16:00:00-05:00,18.93,18.97,18.46,18.77,77228
2013-12-20 16:00:00-05:00,18.75,19.12,18.05,18.84,780559
2013-12-23 16:00:00-05:00,18.83,18.83,17.641,18.41,200014
2013-12-24 16:00:00-05:00,18.2,19.2,17.9,19.1,87226
2013-12-26 16:00:00-05:00,19.0,19.205,17.771,18.31,103834
2013-12-27 16:00:00-05:00,18.3,18.3,17.6201,17.8,75743
2013-12-30 16:00:00-05:00,17.99,17.99,17.44,17.5,45622
2013-12-31 16:00:00-05:00,17.5,17.58,16.93,16.97,124619
2014-01-02 16:00:00-05:00,16.73,17.18,16.32,16.74,101140
2014-01-03 16:00:00-05:00,16.76,17.51,16.211,17.45,67153
2014-01-06 16:00:00-05:00,17.54,17.7196,16.47,16.72,27613
2014-01-07 16:00:00-05:00,16.78,17.09,16.25,16.71,59389
2014-01-08 16:00:00-05:00,16.85,17.84,16.85,17.75,110520
2014-01-09 16:00:00-05:00,17.99,18.27,17.78,18.04,79586
2014-01-10 16:00:00-05:00,18.0,20.22,17.93,19.5,149235
2014-01-13 16:00:00-05:00,19.75,20.79,19.3,19.87,176342
2014-01-14 16:00:00-05:00,19.89,21.96,19.87,21.87,212483
2014-01-15 16:00:00-05:00,21.96,24.99,21.772,24.64,437777
2014-01-16 16:00:00-05:00,25.0,27.65,24.43,26.55,782965
2014-01-17 16:00:00-05:00,26.5,30.0,26.5,29.32,481826
2014-01-21 16:00:00-05:00,29.32,30.4,28.5401,28.96,432387
2014-01-22 16:00:00-05:00,28.73,28.815,26.76,26.84,545963
2014-01-23 16:00:00-05:00,26.7,27.01,25.21,26.22,257867
2014-01-24 16:00:00-05:00,21.85,27.67,21.75,26.9,1082430
2014-01-27 16:00:00-05:00,26.63,27.7495,26.16,26.91,274445
2014-01-28 16:00:00-05:00,27.01,27.67,26.62,27.05,482054
2014-01-29 16:00:00-05:00,26.8,26.9,25.49,25.71,285592
2014-01-30 16:00:00-05:00,25.71,27.425,24.8,26.83,464856
2014-01-31 16:00:00-05:00,26.35,26.77,25.83,26.07,153147
2014-02-03 16:00:00-05:00,26.05,26.89,22.19,22.3,139705
2014-02-04 16:00:00-05:00,22.47,23.85,22.37,23.0,149528
2014-02-05 16:00:00-05:00,22.89,22.94,21.67,21.91,173965
2014-02-06 16:00:00-05:00,22.03,22.34,21.8025,22.02,198435
2014-02-07 16:00:00-05:00,22.13,23.09,21.75,22.76,90610
2014-02-10 16:00:00-05:00,22.83,25.62,22.83,25.02,93487
2014-02-11 16:00:00-05:00,25.05,25.05,23.41,23.48,111834
2014-02-12 16:00:00-05:00,23.42,25.4899,22.87,25.13,103431
2014-02-13 16:00:00-05:00,25.6,26.4,24.69,26.03,2178354
2014-02-14 16:00:00-05:00,26.3,27.73,25.91,26.62,189288
2014-02-18 16:00:00-05:00,27.62,29.17,27.46,28.43,293523
2014-02-19 16:00:00-05:00,28.32,28.99,27.94,28.55,143351
2014-02-20 16:00:00-05:00,28.77,30.57,28.5272,30.25,454130
2014-02-21 16:00:00-05:00,30.2,31.0,29.6,29.96,394017
2014-02-24 16:00:00-05:00,29.83,30.46,29.61,29.92,176546
2014-02-25 16:00:00-05:00,29.9,33.02,29.0275,32.21,262048
2014-02-26 16:00:00-05:00,32.12,33.7399,31.2,32.35,230127
2014-02-27 16:00:00-05:00,32.15,34.22,31.856,33.97,214713
2014-02-28 16:00:00-05:00,34.2,34.62,30.055,31.36,469725
2014-03-03 16:00:00-05:00,30.8,32.71,29.48,32.38,356837
2014-03-04 16:00:00-05:00,32.71,34.2899,31.58,33.86,205776
2014-03-05 16:00:00-05:00,33.87,34.05,33.22,33.83,186764
2014-03-06 16:00:00-05:00,33.84,34.65,32.676,33.38,233164
2014-03-07 16:00:00-05:00,32.81,33.35,28.23,31.0,615975
2014-03-10 16:00:00-04:00,30.85,31.31,29.77,31.05,209603
2014-03-11 16:00:00-04:00,31.14,32.0,30.26,31.62,170784
2014-03-12 16:00:00-04:00,31.38,32.19,31.0001,32.13,243581
2014-03-13 16:00:00-04:00,32.05,32.49,31.0001,31.98,353248
2014-03-14 16:00:00-04:00,31.77,31.94,30.56,30.99,225066
2014-03-17 16:00:00-04:00,31.23,31.3,30.41,30.81,225262
2014-03-18 16:00:00-04:00,30.73,32.06,30.43,31.75,178990
2014-03-19 16:00:00-04:00,31.68,32.38,30.94,31.6,104423
2014-03-20 16:00:00-04:00,31.44,32.0,30.52,31.81,172622
2014-03-21 16:00:00-04:00,31.83,31.83,28.08,31.01,1144467
2014-03-24 16:00:00-04:00,31.0,31.22,25.62,26.5,447967
2014-03-25 16:00:00-04:00,26.7,27.81,26.3075,27.32,304832
2014-03-26 16:00:00-04:00,27.44,27.86,25.69,26.07,274078
2014-03-27 16:00:00-04:00,26.14,27.39,25.37,27.19,205218
2014-03-28 16:00:00-04:00,27.22,27.872,24.565,24.86,253791
2014-03-31 16:00:00-04:00,25.07,26.5,24.85,26.14,236992
2014-04-01 16:00:00-04:00,26.29,28.0,25.76,27.08,126898
2014-04-02 16:00:00-04:00,26.51,27.9,25.0,25.1,147245
2014-04-03 16:00:00-04:00,25.2,26.43,23.52,23.84,156693
2014-04-04 16:00:00-04:00,24.01,24.88,21.34,22.4,336862
2014-04-07 16:00:00-04:00,22.18,23.82,21.47,23.42,192355
2014-04-08 16:00:00-04:00,23.5,24.43,22.55,23.09,146610
2014-04-09 16:00:00-04:00,23.09,23.76,22.53,23.48,143360
2014-04-10 16:00:00-04:00,23.34,24.205,19.92,20.39,234558
2014-04-11 16:00:00-04:00,20.11,21.54,19.1,19.35,347764
2014-04-14 16:00:00-04:00,19.67,20.02,17.87,18.82,457383
2014-04-15 16:00:00-04:00,18.58,19.87,17.17,19.04,427752
2014-04-16 16:00:00-04:00,19.18,20.39,18.89,19.77,704446
2014-04-17 16:00:00-04:00,19.62,20.26,18.58,18.78,131260
2014-04-21 16:00:00-04:00,18.74,20.222,18.35,18.58,193775
2014-04-22 16:00:00-04:00,18.72,21.06,18.72,20.72,354259
2014-04-23 16:00:00-04:00,20.3,20.365,18.7201,18.8,306259
2014-04-24 16:00:00-04:00,19.03,20.645,17.575,18.83,492429
2014-04-25 16:00:00-04:00,18.63,18.81,17.59,17.91,174715
2014-04-28 16:00:00-04:00,18.05,18.45,15.98,17.43,194393
2014-04-29 16:00:00-04:00,17.6,19.64,17.33,19.35,191761
2014-04-30 16:00:00-04:00,19.2,19.7499,17.33,19.54,152023
2014-05-01 16:00:00-04:00,19.38,20.88,18.65,20.52,158586
2014-05-02 16:00:00-04:00,20.69,20.69,18.0,18.14,135502
2014-05-05 16:00:00-04:00,18.0,19.13,17.621,18.67,103404
2014-05-06 16:00:00-04:00,18.68,19.06,17.34,17.44,160796
2014-05-07 16:00:00-04:00,17.62,17.9599,16.8,17.6,220799
2014-05-08 16:00:00-04:00,17.5,18.2525,16.99,17.39,233372
2014-05-09 16:00:00-04:00,17.24,17.24,16.1875,16.96,135354
2014-05-12 16:00:00-04:00,17.14,18.36,17.022,17.4,319223
2014-05-13 16:00:00-04:00,17.34,17.81,16.634,16.79,123146
2014-05-14 16:00:00-04:00,16.66,17.35,16.354,16.5,95861
2014-05-15 16:00:00-04:00,16.31,16.58,15.03,15.17,172372
2014-05-16 16:00:00-04:00,15.04,15.12,14.52,15.07,102028
2014-05-19 16:00:00-04:00,14.94,16.32,14.94,15.64,75700
2014-05-20 16:00:00-04:00,15.49,15.49,14.58,14.94,96276
2014-05-21 16:00:00-04:00,14.9,15.0,14.51,14.67,96301
2014-05-22 16:00:00-04:00,14.66,15.35,14.532,15.32,281227
2014-05-23 16:00:00-04:00,27.69,28.75,19.8,20.03,10198147
2014-05-27 16:00:00-04:00,20.23,21.4763,19.57,21.18,1163924
2014-05-28 16:00:00-04:00,21.3,25.72,20.88,24.37,1469735
2014-05-29 16:00:00-04:00,24.75,25.3,22.91,23.25,468343
2014-05-30 16:00:00-04:00,23.36,24.45,22.55,23.71,469813
2014-06-02 16:00:00-04:00,23.7,23.94,22.4,22.7,322998
2014-06-03 16:00:00-04:00,22.7,22.85,21.15,21.66,255245
2014-06-04 16:00:00-04:00,21.64,22.282,21.07,22.15,315508
2014-06-05 16:00:00-04:00,23.18,24.65,22.44,24.28,439309
2014-06-06 16:00:00-04:00,24.28,24.9374,24.04,24.54,271638
2014-06-09 16:00:00-04:00,24.54,25.97,24.221,24.9,334424
2014-06-10 16:00:00-04:00,25.0,25.87,24.433,25.38,211404
2014-06-11 16:00:00-04:00,25.22,25.99,24.8,25.87,309419
2014-06-12 16:00:00-04:00,25.55,25.82,24.88,25.35,175786
2014-06-13 16:00:00-04:00,25.57,25.57,24.0601,25.23,168073
2014-06-16 16:00:00-04:00,25.33,25.65,24.65,25.3,299985
2014-06-17 16:00:00-04:00,25.4,25.81,24.94,25.48,160955
2014-06-18 16:00:00-04:00,25.37,26.35,24.91,26.23,308889
2014-06-19 16:00:00-04:00,26.2,26.45,25.28,26.15,253313
2014-06-20 16:00:00-04:00,26.25,26.98,25.61,26.76,702610
2014-06-23 16:00:00-04:00,26.9,26.916,25.65,26.6,270170
2014-06-24 16:00:00-04:00,26.55,26.98,25.78,26.23,189651
2014-06-25 16:00:00-04:00,25.97,26.99,25.6,26.75,211649
2014-06-26 16:00:00-04:00,26.88,26.99,26.265,26.78,225441
2014-06-27 16:00:00-04:00,26.54,27.98,26.47,27.5,1946824
2014-06-30 16:00:00-04:00,27.7,28.48,25.8,26.14,315684
2014-07-01 16:00:00-04:00,26.29,28.5,26.28,27.9,435612
2014-07-02 16:00:00-04:00,27.73,28.31,26.92,27.22,187504
2014-07-03 16:00:00-04:00,27.35,27.74,26.8,27.26,66205
2014-07-07 16:00:00-04:00,27.99,27.99,26.02,26.71,267166
2014-07-08 16:00:00-04:00,26.68,26.7,24.57,25.05,228112
2014-07-09 16:00:00-04:00,25.1,25.9899,24.43,25.13,231472
2014-07-10 16:00:00-04:00,24.02,25.25,23.58,24.42,197523
2014-07-11 16:00:00-04:00,24.34,25.93,24.16,24.51,110367
2014-07-14 16:00:00-04:00,24.97,24.97,24.14,24.58,68950
2014-07-15 16:00:00-04:00,24.5,24.62,23.21,24.31,232053
2014-07-16 16:00:00-04:00,24.45,24.45,23.155,23.48,167984
2014-07-17 16:00:00-04:00,23.05,24.52,22.9,23.19,243452
2014-07-18 16:00:00-04:00,23.16,23.89,22.7,23.82,150587
2014-07-21 16:00:00-04:00,23.55,24.9,22.86,24.53,104782
2014-07-22 16:00:00-04:00,25.51,27.17,25.04,26.92,254094
2014-07-23 16:00:00-04:00,27.22,28.45,27.21,28.35,316992
2014-07-24 16:00:00-04:00,28.61,29.1,27.55,27.9,232416
2014-07-25 16:00:00-04:00,27.62,28.13,27.18,27.8,248603
2014-07-28 16:00:00-04:00,27.72,27.96,26.64,27.27,301735
2014-07-29 16:00:00-04:00,27.27,28.57,26.935,27.97,124703
2014-07-30 16:00:00-04:00,28.33,29.95,27.56,28.99,199659
2014-07-31 16:00:00-04:00,28.28,28.352,26.34,26.42,171381
2014-08-01 16:00:00-04:00,26.89,28.315,26.13,27.74,265628
2014-08-04 16:00:00-04:00,27.98,28.99,26.02,28.88,466258
2014-08-05 16:00:00-04:00,28.52,30.48,28.1,30.27,436111
2014-08-06 16:00:00-04:00,29.74,30.7,29.55,30.4,263279
2014-08-07 16:00:00-04:00,30.1,30.1,27.14,27.38,361643
2014-08-08 16:00:00-04:00,27.25,27.25,26.085,26.61,195256
2014-08-11 16:00:00-04:00,26.78,28.26,26.56,27.96,299157
2014-08-12 16:00:00-04:00,27.7,28.86,27.57,28.6,284659
2014-08-13 16:00:00-04:00,28.95,30.49,28.77,30.46,250890
2014-08-14 16:00:00-04:00,30.3,32.32,30.3,32.22,306707
2014-08-15 16:00:00-04:00,32.57,33.74,32.57,33.42,523387
2014-08-18 16:00:00-04:00,34.25,34.35,33.27,33.87,446863
2014-08-19 16:00:00-04:00,33.93,33.9553,32.29,32.57,214098
2014-08-20 16:00:00-04:00,32.36,32.36,30.94,31.01,178977
2014-08-21 16:00:00-04:00,31.06,31.97,29.52,29.79,186414
2014-08-22 16:00:00-04:00,29.68,30.17,29.14,30.0,181157
2014-08-25 16:00:00-04:00,30.51,32.26,30.23,31.77,194210
2014-08-26 16:00:00-04:00,31.69,32.55,31.6801,32.33,251573
2014-08-27 16:00:00-04:00,32.45,33.328,31.1805,32.0,251811
2014-08-28 16:00:00-04:00,31.54,32.19,29.7,31.33,308484
2014-08-29 16:00:00-04:00,31.36,31.78,30.1,31.66,221390
2014-09-02 16:00:00-04:00,32.27,32.27,30.61,31.02,134372
2014-09-03 16:00:00-04:00,31.19,31.89,30.24,30.54,190820
2014-09-04 16:00:00-04:00,30.62,30.782,29.59,29.77,195480
2014-09-05 16:00:00-04:00,29.55,31.24,29.18,30.96,211627
2014-09-08 16:00:00-04:00,30.97,33.98,30.97,33.92,451168
2014-09-09 16:00:00-04:00,33.7,36.165,33.576,33.74,585295
2014-09-10 16:00:00-04:00,33.54,34.03,32.7,33.89,263837
2014-09-11 16:00:00-04:00,33.37,34.11,32.21,33.86,246769
2014-09-12 16:00:00-04:00,33.66,33.928,32.44,32.72,183326
2014-09-15 16:00:00-04:00,36.5,37.96,34.6434,36.48,656823
2014-09-16 16:00:00-04:00,35.91,36.49,35.05,36.21,369394
2014-09-17 16:00:00-04:00,36.0,38.55,36.0,38.38,338201
2014-09-18 16:00:00-04:00,38.58,40.67,38.21,40.1,474394
2014-09-19 16:00:00-04:00,40.5,41.45,39.36,40.93,690707
2014-09-22 16:00:00-04:00,41.02,41.72,39.11,41.1,281403
2014-09-23 16:00:00-04:00,41.77,41.9,39.7,40.45,281572
2014-09-24 16:00:00-04:00,41.26,43.98,40.755,43.69,365884
2014-09-25 16:00:00-04:00,43.5,46.28,43.5,44.47,851982
2014-09-26 16:00:00-04:00,44.54,47.2,43.68,46.34,419572
2014-09-29 16:00:00-04:00,46.0,47.0,45.1,45.62,444016
2014-09-30 16:00:00-04:00,45.35,45.35,43.8,44.01,412880
2014-10-01 16:00:00-04:00,43.97,44.2741,41.5598,42.74,407075
2014-10-02 16:00:00-04:00,42.52,45.21,42.04,45.18,262919
2014-10-03 16:00:00-04:00,45.85,46.8616,45.35,45.83,268262
2014-10-06 16:00:00-04:00,43.64,44.01,40.42,41.11,508424
2014-10-07 16:00:00-04:00,41.0,42.02,39.931,40.43,291586
2014-10-08 16:00:00-04:00,39.65,40.55,37.66,39.42,526803
2014-10-09 16:00:00-04:00,38.58,38.58,35.41,36.59,569963
2014-10-10 16:00:00-04:00,36.15,36.75,34.15,34.59,1622123
2014-10-13 16:00:00-04:00,34.43,36.84,33.98,35.59,602008
2014-10-14 16:00:00-04:00,36.05,38.0,34.5,36.9,643817
2014-10-15 16:00:00-04:00,33.82,38.47,33.02,37.07,573925
2014-10-16 16:00:00-04:00,36.37,37.9,35.57,37.55,521490
2014-10-17 16:00:00-04:00,38.06,38.12,36.93,37.03,476515
2014-10-20 16:00:00-04:00,36.84,37.96,36.83,37.56,293627
2014-10-21 16:00:00-04:00,37.97,38.03,36.72,37.9,365422
2014-10-22 16:00:00-04:00,37.99,38.38,36.57,36.97,282022
2014-10-23 16:00:00-04:00,37.74,38.56,37.0475,37.96,608370
2014-10-24 16:00:00-04:00,37.84,38.32,35.59,36.45,646538
2014-10-27 16:00:00-04:00,36.67,37.69,35.96,37.63,299601
2014-10-28 16:00:00-04:00,37.9,41.74,37.6,41.3,509147
2014-10-29 16:00:00-04:00,41.33,41.49,38.781,39.63,435236
2014-10-30 16:00:00-04:00,39.39,42.77,39.32,40.73,465612
2014-10-31 16:00:00-04:00,41.98,42.0,39.97,40.87,517989
2014-11-03 16:00:00-05:00,40.87,42.01,40.5401,41.32,329513
2014-11-04 16:00:00-05:00,41.11,41.85,40.22,40.82,224660
2014-11-05 16:00:00-05:00,41.36,41.36,38.61,38.97,283511
2014-11-06 16:00:00-05:00,39.29,42.24,38.99,42.17,422631
2014-11-07 16:00:00-05:00,41.9,41.9,39.781,40.24,285274
2014-11-10 16:00:00-05:00,40.06,41.68,39.68,41.67,319798
2014-11-11 16:00:00-05:00,41.23,42.1,40.51,40.72,318050
2014-11-12 16:00:00-05:00,40.27,41.98,40.08,41.32,226019
2014-11-13 16:00:00-05:00,41.21,42.0,40.5,41.19,381302
2014-11-14 16:00:00-05:00,40.96,41.05,38.68,38.89,199951
2014-11-17 16:00:00-05:00,39.03,40.47,38.5,39.19,167107
2014-11-18 16:00:00-05:00,39.19,40.75,38.94,40.06,266606
2014-11-19 16:00:00-05:00,40.32,40.43,38.62,38.87,240135
2014-11-20 16:00:00-05:00,38.93,40.17,38.78,39.44,101892
2014-11-21 16:00:00-05:00,40.17,40.25,38.97,39.77,187821
2014-11-24 16:00:00-05:00,42.0,44.66,39.92,44.41,633685
2014-11-25 16:00:00-05:00,44.66,45.99,42.16,44.61,600068
2014-11-26 16:00:00-05:00,44.56,45.357,43.92,44.82,255593
2014-11-28 16:00:00-05:00,45.21,46.5899,44.56,44.75,131115
2014-12-01 16:00:00-05:00,44.78,45.18,43.05,43.22,207830
2014-12-02 16:00:00-05:00,43.1,48.67,42.51,47.78,548599
2014-12-03 16:00:00-05:00,48.51,48.64,45.7,46.9,245083
2014-12-04 16:00:00-05:00,47.75,50.3,46.42,46.91,768932
2014-12-05 16:00:00-05:00,47.2,49.7799,47.2,49.5,430893
2014-12-08 16:00:00-05:00,49.64,53.225,49.64,52.29,494766
2014-12-09 16:00:00-05:00,52.25,56.98,50.41,55.0,1007648
2014-12-10 16:00:00-05:00,55.01,55.85,53.02,53.33,587767
2014-12-11 16:00:00-05:00,54.01,56.4578,53.8725,55.33,558314
2014-12-12 16:00:00-05:00,54.6,56.84,53.77,55.87,364354
2014-12-15 16:00:00-05:00,56.12,56.99,50.15,50.45,601378
2014-12-16 16:00:00-05:00,50.0,50.76,48.39,48.42,462937
2014-12-17 16:00:00-05:00,48.07,51.27,48.07,50.88,403093
2014-12-18 16:00:00-05:00,54.6999,54.99,52.6,54.96,510280
2014-12-19 16:00:00-05:00,57.03,57.5,54.88,56.69,1629334
2014-12-22 16:00:00-05:00,55.74,57.35,54.7,55.25,350173
2014-12-23 16:00:00-05:00,56.59,56.59,50.5,50.9,638737
2014-12-24 16:00:00-05:00,50.86,53.29,50.836,51.66,210888
2014-12-26 16:00:00-05:00,51.67,54.04,51.396,53.37,155699
2014-12-29 16:00:00-05:00,53.07,54.4954,52.3201,53.62,127810
2014-12-30 16:00:00-05:00,53.59,54.5,52.58,52.8,185518
2014-12-31 16:00:00-05:00,52.84,54.19,51.61,51.77,292979
2015-01-02 16:00:00-05:00,52.53,52.81,50.03,51.0,280401
2015-01-05 16:00:00-05:00,50.59,53.96,50.17,52.68,352351
2015-01-06 16:00:00-05:00,53.19,54.1499,49.93,51.07,279132
2015-01-07 16:00:00-05:00,51.9,53.89,51.31,53.21,279397
2015-01-08 16:00:00-05:00,53.95,56.56,53.09,54.18,291487
2015-01-09 16:00:00-05:00,54.45,54.45,51.81,53.62,177197
2015-01-12 16:00:00-05:00,54.0,54.18,52.52,53.7,202144
2015-01-13 16:00:00-05:00,54.0,59.07,53.75,57.33,444316
2015-01-14 16:00:00-05:00,56.61,58.99,56.25,57.46,248718
2015-01-15 16:00:00-05:00,57.46,58.73,56.0,57.62,531570
2015-01-16 16:00:00-05:00,57.32,58.84,56.24,58.6,287114
2015-01-20 16:00:00-05:00,59.13,61.17,58.25,59.88,631427
2015-01-21 16:00:00-05:00,59.68,60.39,57.59,57.92,342300
2015-01-22 16:00:00-05:00,58.46,58.7973,53.0,55.54,858397
2015-01-23 16:00:00-05:00,56.65,57.54,54.87,55.53,326756
2015-01-26 16:00:00-05:00,55.23,56.41,53.71,55.93,329840
2015-01-27 16:00:00-05:00,55.03,56.03,53.81,54.96,210789
2015-01-28 16:00:00-05:00,55.34,56.05,52.73,53.99,258410
2015-01-29 16:00:00-05:00,54.21,55.65,53.54,55.43,235943
2015-01-30 16:00:00-05:00,55.14,56.5799,54.29,54.91,248834
2015-02-02 16:00:00-05:00,55.33,55.62,52.22,53.69,593690
2015-02-03 16:00:00-05:00,53.7,54.27,48.35,50.22,372501
2015-02-04 16:00:00-05:00,50.01,50.22,46.915,48.15,438892
2015-02-05 16:00:00-05:00,48.56,52.0,48.3047,51.71,224174
2015-02-06 16:00:00-05:00,51.49,53.6,50.12,50.56,209029
2015-02-09 16:00:00-05:00,50.23,51.1453,48.69,49.9,161255
2015-02-10 16:00:00-05:00,50.29,52.17,49.71,51.8,167080
2015-02-11 16:00:00-05:00,51.5,53.83,51.16,51.78,133664
2015-02-12 16:00:00-05:00,52.54,54.39,51.7,54.11,195989
2015-02-13 16:00:00-05:00,54.25,55.29,52.4375,53.37,142512
2015-02-17 16:00:00-05:00,53.65,55.165,53.1,53.83,274306
2015-02-18 16:00:00-05:00,53.85,55.32,51.82,55.3,289427
2015-02-19 16:00:00-05:00,55.77,56.59,54.49,55.31,227799
2015-02-20 16:00:00-05:00,55.45,55.8,54.53,55.19,198083
2015-02-23 16:00:00-05:00,54.89,68.44,54.665,64.96,2357945
2015-02-24 16:00:00-05:00,67.11,71.53,64.46,71.16,2161876
2015-02-25 16:00:00-05:00,71.55,74.93,70.614,73.59,1684489
2015-02-26 16:00:00-05:00,73.74,74.8499,71.29,73.46,754875
2015-02-27 16:00:00-05:00,70.5,75.94,69.76,71.33,1028708
2015-03-02 16:00:00-05:00,69.27,71.46,68.4,70.29,904006
2015-03-03 16:00:00-05:00,69.99,70.99,66.11,69.08,1049054
2015-03-04 16:00:00-05:00,69.16,71.89,68.08,70.455,628672
2015-03-05 16:00:00-05:00,71.56,73.3,71.56,72.72,700977
2015-03-06 16:00:00-05:00,72.57,73.244,71.02,71.13,431120
2015-03-09 16:00:00-04:00,71.13,72.37,70.0,71.04,614393
2015-03-10 16:00:00-04:00,69.86,73.1,69.86,72.24,566599
2015-03-11 16:00:00-04:00,72.26,75.24,71.52,74.57,590784
2015-03-12 16:00:00-04:00,74.88,76.22,73.625,75.04,599934
2015-03-13 16:00:00-04:00,75.14,76.64,73.2,73.27,786840
2015-03-16 16:00:00-04:00,73.36,74.69,72.0,73.71,485169
2015-03-17 16:00:00-04:00,72.91,77.87,72.49,77.53,556370
2015-03-18 16:00:00-04:00,77.5,77.72,71.25,71.55,807451
2015-03-19 16:00:00-04:00,71.39,73.21,68.02,69.23,1021866
2015-03-20 16:00:00-04:00,69.77,70.88,66.82,70.05,1278726
2015-03-23 16:00:00-04:00,69.9,70.87,68.34,68.82,576780
2015-03-24 16:00:00-04:00,68.32,69.545,65.5501,66.03,933476
2015-03-25 16:00:00-04:00,65.62,65.77,61.73,62.22,1307047
2015-03-26 16:00:00-04:00,61.6,62.04,58.295,60.47,1335655
2015-03-27 16:00:00-04:00,60.55,64.84,60.0501,62.62,695168
2015-03-30 16:00:00-04:00,63.25,64.98,61.1952,64.85,605355
2015-03-31 16:00:00-04:00,64.66,64.82,60.62,60.85,685391
2015-04-01 16:00:00-04:00,61.0,63.14,58.1,62.38,705937
2015-04-02 16:00:00-04:00,62.69,64.96,61.45,64.86,709846
2015-04-06 16:00:00-04:00,64.71,67.6,64.21,66.11,697711
2015-04-07 16:00:00-04:00,65.78,68.505,65.16,66.15,455217
2015-04-08 16:00:00-04:00,66.25,69.5,66.25,69.49,705192
2015-04-09 16:00:00-04:00,72.95,78.72,68.8805,71.77,1574698
2015-04-10 16:00:00-04:00,71.94,72.71,69.63,71.66,470547
2015-04-13 16:00:00-04:00,72.11,73.94,70.66,71.12,466760
2015-04-14 16:00:00-04:00,71.3,72.135,69.01,69.09,382181
2015-04-15 16:00:00-04:00,69.42,69.73,66.5515,67.35,504917
2015-04-16 16:00:00-04:00,70.16,72.9263,68.85,70.99,1180466
2015-04-17 16:00:00-04:00,70.46,71.97,69.6,70.74,686147
2015-04-20 16:00:00-04:00,71.57,71.905,69.1,69.46,491369
2015-04-21 16:00:00-04:00,69.67,71.49,69.495,70.98,408873
2015-04-22 16:00:00-04:00,71.04,72.31,69.53,70.98,528454
2015-04-23 16:00:00-04:00,74.4,74.4,71.33,71.36,884416
2015-04-24 16:00:00-04:00,70.89,73.0053,70.422,70.48,337899
2015-04-27 16:00:00-04:00,70.3,70.475,63.37,65.84,994854
2015-04-28 16:00:00-04:00,65.96,67.3,62.94,64.52,538474
2015-04-29 16:00:00-04:00,63.94,66.16,61.7,62.48,377341
2015-04-30 16:00:00-04:00,62.3,63.15,57.81,58.75,1400163
2015-05-01 16:00:00-04:00,59.47,61.0,58.01,59.86,710594
2015-05-04 16:00:00-04:00,59.26,61.88,59.2,60.84,684665
2015-05-05 16:00:00-04:00,55.5,58.2,52.3701,53.13,1991327
2015-05-06 16:00:00-04:00,54.13,58.8299,53.26,55.0,1153765
2015-05-07 16:00:00-04:00,55.35,56.43,53.575,55.13,878448
2015-05-08 16:00:00-04:00,55.5,57.05,53.82,54.04,730965
2015-05-11 16:00:00-04:00,54.29,56.79,54.29,54.89,684024
2015-05-12 16:00:00-04:00,54.38,55.05,53.17,54.97,693382
2015-05-13 16:00:00-04:00,55.14,56.17,54.63,55.51,525271
2015-05-14 16:00:00-04:00,55.5,55.65,53.44,54.33,347918
2015-05-15 16:00:00-04:00,53.41,55.59,51.7801,52.09,912158
2015-05-18 16:00:00-04:00,52.43,54.24,51.5,51.99,1236403
2015-05-19 16:00:00-04:00,52.48,52.75,50.47,51.09,751487
2015-05-20 16:00:00-04:00,51.68,54.8852,51.32,53.94,679409
2015-05-21 16:00:00-04:00,54.0,55.37,53.98,55.21,961577
2015-05-22 16:00:00-04:00,55.73,56.689,53.93,55.01,1054336
2015-05-26 16:00:00-04:00,54.86,55.75,54.34,54.53,552708
2015-05-27 16:00:00-04:00,54.53,56.69,54.52,56.35,667282
2015-05-28 16:00:00-04:00,56.11,56.51,54.77,55.85,523171
2015-05-29 16:00:00-04:00,55.51,58.45,55.35,58.09,566581
2015-06-01 16:00:00-04:00,58.0,58.495,55.91,56.63,621380
2015-06-02 16:00:00-04:00,55.91,57.479,55.76,57.05,650623
2015-06-03 16:00:00-04:00,56.67,58.76,56.21,58.01,459409
2015-06-04 16:00:00-04:00,57.43,58.82,55.46,56.45,396144
2015-06-05 16:00:00-04:00,56.36,57.46,54.93,56.92,367802
2015-06-08 16:00:00-04:00,56.0,57.08,53.23,54.55,866288
2015-06-09 16:00:00-04:00,54.3,54.34,52.01,53.54,579348
2015-06-10 16:00:00-04:00,54.25,54.38,52.91,53.9,352581
2015-06-11 16:00:00-04:00,53.17,54.55,52.05,52.5,838679
2015-06-12 16:00:00-04:00,52.53,52.869,50.94,51.06,565348
2015-06-15 16:00:00-04:00,50.5,51.13,48.75,50.25,523606
2015-06-16 16:00:00-04:00,50.2,50.21,46.17,47.69,1199554
2015-06-17 16:00:00-04:00,47.63,49.36,47.26,47.91,410518
2015-06-18 16:00:00-04:00,48.48,50.374,48.27,49.41,504481
2015-06-19 16:00:00-04:00,49.3,49.87,48.5201,49.23,524956
2015-06-22 16:00:00-04:00,49.03,52.55,47.91,52.44,645475
2015-06-23 16:00:00-04:00,52.98,53.75,50.95,52.71,520605
2015-06-24 16:00:00-04:00,52.7,53.51,51.0629,51.48,391703
2015-06-25 16:00:00-04:00,51.96,52.39,49.9,51.06,481282
2015-06-26 16:00:00-04:00,50.98,51.77,48.07,48.85,1553397
2015-06-29 16:00:00-04:00,47.95,49.53,46.91,47.43,507012
2015-06-30 16:00:00-04:00,47.75,48.75,46.92,48.13,371116
2015-07-01 16:00:00-04:00,49.02,49.5,47.33,47.84,313470
2015-07-02 16:00:00-04:00,47.86,48.405,45.91,47.83,517637
2015-07-06 16:00:00-04:00,47.39,48.455,46.64,47.63,457101
2015-07-07 16:00:00-04:00,47.56,48.06,45.35,46.89,332263
2015-07-08 16:00:00-04:00,46.05,47.08,44.13,44.48,312905
2015-07-09 16:00:00-04:00,45.1,45.5,44.19,44.74,404137
2015-07-10 16:00:00-04:00,45.54,47.53,44.84,46.49,337495
2015-07-13 16:00:00-04:00,46.64,49.19,46.64,47.64,415314
2015-07-14 16:00:00-04:00,48.13,50.11,47.5,48.94,459574
2015-07-15 16:00:00-04:00,53.46,57.2499,51.74,56.0,1994525
2015-07-16 16:00:00-04:00,56.51,59.37,56.0,58.71,705432
2015-07-17 16:00:00-04:00,58.95,60.6,57.0101,60.19,1002106
2015-07-20 16:00:00-04:00,60.75,62.15,58.8001,61.85,821662
2015-07-21 16:00:00-04:00,62.05,62.11,56.97,57.62,578550
2015-07-22 16:00:00-04:00,57.05,59.9,56.9,59.62,578279
2015-07-23 16:00:00-04:00,59.45,60.765,58.86,59.88,610037
2015-07-24 16:00:00-04:00,58.9,60.93,57.65,58.12,577797
2015-07-27 16:00:00-04:00,57.56,57.87,53.3,53.38,775289
2015-07-28 16:00:00-04:00,53.54,54.61,52.11,53.88,752913
2015-07-29 16:00:00-04:00,53.56,53.56,49.86,51.02,561244
2015-07-30 16:00:00-04:00,51.27,51.6899,49.656,50.74,516058
2015-07-31 16:00:00-04:00,50.85,52.2,49.889,51.21,548850
2015-08-03 16:00:00-04:00,51.24,53.89,50.9,51.88,638475
2015-08-04 16:00:00-04:00,51.58,52.31,49.1,49.76,525779
2015-08-05 16:00:00-04:00,49.96,51.39,49.09,49.37,378467
2015-08-06 16:00:00-04:00,49.62,50.68,45.58,45.69,464523
2015-08-07 16:00:00-04:00,45.54,45.93,42.08,43.25,776573
2015-08-10 16:00:00-04:00,43.55,45.04,42.89,43.34,591656
2015-08-11 16:00:00-04:00,40.0,41.301,37.142,39.665,2170320
2015-08-12 16:00:00-04:00,38.89,39.99,37.367,39.01,763373
2015-08-13 16:00:00-04:00,39.36,39.95,37.53,37.72,826333
2015-08-14 16:00:00-04:00,37.54,38.23,36.44,37.25,696842
2015-08-17 16:00:00-04:00,37.59,41.27,36.76,41.05,1131927
2015-08-18 16:00:00-04:00,40.44,40.67,39.0,39.12,559867
2015-08-19 16:00:00-04:00,39.69,39.69,37.29,38.43,679842
2015-08-20 16:00:00-04:00,38.07,38.66,36.08,36.11,584024
2015-08-21 16:00:00-04:00,35.11,36.8799,34.19,35.085,760371
2015-08-24 16:00:00-04:00,32.25,35.42,29.08,32.7,795661
2015-08-25 16:00:00-04:00,36.75,37.88,35.453,35.75,1284216
2015-08-26 16:00:00-04:00,36.47,39.31,35.83,39.19,936087
2015-08-27 16:00:00-04:00,39.97,42.0,39.655,41.11,1077104
2015-08-28 16:00:00-04:00,40.89,41.3255,39.5,40.62,439422
2015-08-31 16:00:00-04:00,40.24,41.48,38.01,38.19,402264
2015-09-01 16:00:00-04:00,37.23,38.81,36.51,36.93,525501
2015-09-02 16:00:00-04:00,37.76,38.7839,36.77,38.36,488920
2015-09-03 16:00:00-04:00,38.5,39.6,37.43,37.84,768598
2015-09-04 16:00:00-04:00,37.37,38.42,36.68,38.03,295016
2015-09-08 16:00:00-04:00,38.98,39.81,37.85,39.54,440466
2015-09-09 16:00:00-04:00,40.11,40.7499,36.53,36.88,693399
2015-09-10 16:00:00-04:00,36.63,38.1,36.16,37.92,533258
2015-09-11 16:00:00-04:00,37.67,38.27,36.4,37.8,551874
2015-09-14 16:00:00-04:00,38.04,38.2,36.8,37.92,383905
2015-09-15 16:00:00-04:00,37.85,38.04,36.87,37.14,357301
2015-09-16 16:00:00-04:00,37.15,37.7,33.75,34.52,1046591
2015-09-17 16:00:00-04:00,34.3,36.59,33.676,35.94,786202
2015-09-18 16:00:00-04:00,35.86,39.27,35.42,38.1,1590388
2015-09-21 16:00:00-04:00,38.47,38.97,32.8801,35.23,1214630
2015-09-22 16:00:00-04:00,34.82,35.74,32.82,33.57,802336
2015-09-23 16:00:00-04:00,35.3,35.3,32.07,32.53,576356
2015-09-24 16:00:00-04:00,32.18,32.3,29.312,32.02,770693
2015-09-25 16:00:00-04:00,32.38,32.49,28.5,29.29,1090605
2015-09-28 16:00:00-04:00,29.13,29.55,26.21,27.01,834421
2015-09-29 16:00:00-04:00,27.0,28.59,24.63,25.11,985042
2015-09-30 16:00:00-04:00,26.0,28.34,24.75,26.7,1018106
2015-10-01 16:00:00-04:00,26.64,27.773,24.97,27.18,690191
2015-10-02 16:00:00-04:00,26.57,30.08,26.508,30.02,859922
2015-10-05 16:00:00-04:00,30.88,31.75,27.01,29.46,833528
2015-10-06 16:00:00-04:00,29.26,29.74,26.7,29.05,794727
2015-10-07 16:00:00-04:00,29.18,33.815,28.67,31.49,1178341
2015-10-08 16:00:00-04:00,30.98,33.1,29.52,31.95,1036661
2015-10-09 16:00:00-04:00,31.74,35.76,31.0,34.23,931258
2015-10-12 16:00:00-04:00,35.0,35.49,31.03,31.43,1144257
2015-10-13 16:00:00-04:00,31.14,32.049,28.8801,29.22,654593
2015-10-14 16:00:00-04:00,29.4,30.85,26.9,29.98,1271146
2015-10-15 16:00:00-04:00,30.11,31.86,29.42,31.74,571222
2015-10-16 16:00:00-04:00,34.01,35.75,31.26,35.25,7150690
2015-10-19 16:00:00-04:00,34.25,35.736,28.23,29.59,2745570
2015-10-20 16:00:00-04:00,30.04,30.7193,26.8,26.85,1436844
2015-10-21 16:00:00-04:00,27.5,27.67,24.35,25.49,1294494
2015-10-22 16:00:00-04:00,25.28,26.0,24.1,24.99,904042
2015-10-23 16:00:00-04:00,24.91,26.4,24.71,25.6,840778
2015-10-26 16:00:00-04:00,25.22,25.67,24.08,24.23,540380
2015-10-27 16:00:00-04:00,24.26,25.1399,23.24,23.64,870396
2015-10-28 16:00:00-04:00,23.42,25.25,22.67,25.22,1198218
2015-10-29 16:00:00-04:00,25.22,26.2,23.7,23.96,834911
2015-10-30 16:00:00-04:00,23.75,25.45,23.4,24.87,1028489
2015-11-02 16:00:00-05:00,25.18,27.706,24.87,27.64,1043065
2015-11-03 16:00:00-05:00,27.44,28.33,25.7,28.04,1183216
2015-11-04 16:00:00-05:00,27.82,28.48,26.43,27.67,841698
2015-11-05 16:00:00-05:00,27.49,27.67,26.03,27.01,598213
2015-11-06 16:00:00-05:00,27.02,28.49,26.35,28.09,852711
2015-11-09 16:00:00-05:00,28.07,28.67,27.28,27.46,559913
2015-11-10 16:00:00-05:00,26.8,30.48,26.42,29.3,1245455
2015-11-11 16:00:00-05:00,29.25,30.07,28.39,28.67,577101
2015-11-12 16:00:00-05:00,28.95,29.95,28.23,28.68,739261
2015-11-13 16:00:00-05:00,28.44,31.14,28.0,30.27,631531
2015-11-16 16:00:00-05:00,29.88,31.22,29.06,30.83,631158
2015-11-17 16:00:00-05:00,30.91,34.24,30.08,33.09,1330286
2015-11-18 16:00:00-05:00,32.91,34.8,32.75,34.68,1088138
2015-11-19 16:00:00-05:00,34.61,34.65,30.02,30.12,1483203
2015-11-20 16:00:00-05:00,27.88,32.12,27.17,29.0,2962218
2015-11-23 16:00:00-05:00,29.9,31.25,29.15,30.81,1440361
2015-11-24 16:00:00-05:00,30.52,31.8,29.13,31.75,957904
2015-11-25 16:00:00-05:00,28.61,30.5799,28.1301,29.52,1694602
2015-11-27 16:00:00-05:00,29.89,29.89,28.62,29.56,437986
2015-11-30 16:00:00-05:00,29.98,30.74,28.905,30.04,678331
2015-12-01 16:00:00-05:00,30.45,30.45,28.75,29.4,712525
2015-12-02 16:00:00-05:00,29.45,29.75,28.6,28.86,425158
2015-12-03 16:00:00-05:00,29.02,29.66,27.37,27.88,685662
2015-12-04 16:00:00-05:00,28.0,28.37,26.14,27.74,909410
2015-12-07 16:00:00-05:00,27.87,27.9,26.22,26.53,677813
2015-12-08 16:00:00-05:00,26.18,27.82,26.0,27.65,712954
2015-12-09 16:00:00-05:00,27.63,28.0,26.95,27.23,438782
2015-12-10 16:00:00-05:00,27.31,28.46,26.96,28.02,436968
2015-12-11 16:00:00-05:00,27.39,28.03,26.51,26.9,756804
2015-12-14 16:00:00-05:00,26.83,27.8,26.12,26.54,890578
2015-12-15 16:00:00-05:00,27.25,29.285,27.08,28.6,892452
2015-12-16 16:00:00-05:00,29.1,34.72,29.1,34.04,1762356
2015-12-17 16:00:00-05:00,34.3,35.4,32.24,32.5,712484
2015-12-18 16:00:00-05:00,32.2,33.96,31.04,32.5,1984486
2015-12-21 16:00:00-05:00,32.91,33.16,32.0,33.02,677293
2015-12-22 16:00:00-05:00,33.35,33.64,31.52,31.58,486471
2015-12-23 16:00:00-05:00,31.87,33.74,31.34,33.5,542152
2015-12-24 16:00:00-05:00,33.45,33.915,32.36,32.44,287545
2015-12-28 16:00:00-05:00,32.69,33.18,31.75,32.45,431360
2015-12-29 16:00:00-05:00,32.57,33.7099,32.45,33.54,334644
2015-12-30 16:00:00-05:00,33.46,34.65,32.58,32.69,352994
2015-12-31 16:00:00-05:00,32.61,32.9999,31.8014,32.4,362921
2016-01-04 16:00:00-05:00,31.6,31.89,30.09,30.86,751293
2016-01-05 16:00:00-05:00,31.04,31.62,29.13,29.56,659420
2016-01-06 16:00:00-05:00,28.94,29.86,28.58,29.31,890673
2016-01-07 16:00:00-05:00,28.49,29.25,27.23,27.47,1231161
2016-01-08 16:00:00-05:00,28.19,28.69,26.14,26.32,714903
2016-01-11 16:00:00-05:00,26.5,26.59,22.61,23.18,979972
2016-01-12 16:00:00-05:00,23.32,24.54,22.03,23.87,755493
2016-01-13 16:00:00-05:00,24.06,24.47,21.44,22.66,909085
2016-01-14 16:00:00-05:00,22.65,24.39,20.6101,23.83,1095982
2016-01-15 16:00:00-05:00,21.43,23.66,18.63,23.11,3400638
2016-01-19 16:00:00-05:00,23.76,26.2,23.12,24.51,1882902
2016-01-20 16:00:00-05:00,23.91,28.26,22.79,27.14,1324581
2016-01-21 16:00:00-05:00,26.75,29.35,26.56,26.87,1236463
2016-01-22 16:00:00-05:00,27.59,28.898,26.7,27.55,545344
2016-01-25 16:00:00-05:00,26.96,27.6225,25.44,25.81,1181447
2016-01-26 16:00:00-05:00,25.96,26.71,24.71,26.08,654666
2016-01-27 16:00:00-05:00,26.0,26.23,23.7,24.09,924730
2016-01-28 16:00:00-05:00,24.51,24.6,22.3101,23.03,950946
2016-01-29 16:00:00-05:00,23.0,24.5524,22.79,23.82,664505
2016-02-01 16:00:00-05:00,23.82,25.09,22.8,24.74,590523
2016-02-02 16:00:00-05:00,24.2,24.7,23.6,23.99,568443
2016-02-03 16:00:00-05:00,24.24,25.335,23.31,25.16,679049
2016-02-04 16:00:00-05:00,24.9,27.72,24.88,26.7,782273
2016-02-05 16:00:00-05:00,26.45,26.89,24.11,24.63,749213
2016-02-08 16:00:00-05:00,24.3,24.84,22.645,23.37,933894
2016-02-09 16:00:00-05:00,22.85,25.0,22.36,23.76,513902
2016-02-10 16:00:00-05:00,24.24,25.81,23.48,23.73,489717
2016-02-11 16:00:00-05:00,23.14,24.8,22.67,24.23,559371
2016-02-12 16:00:00-05:00,24.51,25.61,23.2,25.51,563320
2016-02-16 16:00:00-05:00,26.2,28.22,25.8,27.96,668109
2016-02-17 16:00:00-05:00,28.62,30.0,28.095,29.77,744494
2016-02-18 16:00:00-05:00,29.67,30.23,28.67,29.23,676921
2016-02-19 16:00:00-05:00,29.16,29.7,27.56,28.84,784193
2016-02-22 16:00:00-05:00,29.77,29.98,27.76,28.26,593735
2016-02-23 16:00:00-05:00,16.13,17.0,10.8,10.84,26530262
2016-02-24 16:00:00-05:00,10.61,11.4691,10.11,10.51,6416311
2016-02-25 16:00:00-05:00,10.95,12.26,10.52,11.32,7268822
2016-02-26 16:00:00-05:00,11.51,11.69,7.83,7.99,7428208
2016-02-29 16:00:00-05:00,7.93,8.57,7.79,7.98,5934192
2016-03-01 16:00:00-05:00,7.56,7.69,5.29,5.55,13089556
2016-03-02 16:00:00-05:00,5.75,6.68,5.571,6.4,7892214
2016-03-03 16:00:00-05:00,6.55,6.8,6.0,6.1,3727195
2016-03-04 16:00:00-05:00,6.1,6.25,5.85,6.06,2280902
2016-03-07 16:00:00-05:00,6.24,6.54,5.97,6.48,2528581
2016-03-08 16:00:00-05:00,6.19,6.42,6.16,6.16,1993197
2016-03-09 16:00:00-05:00,6.21,6.2612,5.83,5.9,1539320
2016-03-10 16:00:00-05:00,5.99,6.13,5.62,5.76,1382632
2016-03-11 16:00:00-05:00,5.88,6.17,5.69,6.15,1478584
2016-03-14 16:00:00-04:00,6.09,6.46,5.95,6.32,1273455
2016-03-15 16:00:00-04:00,6.22,6.31,5.62,5.66,1555541
2016-03-16 16:00:00-04:00,5.6,5.73,5.27,5.48,1518119
2016-03-17 16:00:00-04:00,5.49,5.62,5.3,5.5,1366685
2016-03-18 16:00:00-04:00,5.6,6.04,5.57,5.93,3307348
2016-03-21 16:00:00-04:00,5.87,6.3223,5.75,6.15,1132805
2016-03-22 16:00:00-04:00,6.15,6.32,6.0,6.23,964954
2016-03-23 16:00:00-04:00,6.25,6.44,5.65,5.66,1053186
2016-03-24 16:00:00-04:00,5.5,5.88,5.4,5.715,655977
2016-03-28 16:00:00-04:00,5.73,5.85,5.51,5.51,573334
2016-03-29 16:00:00-04:00,5.48,5.89,5.3,5.86,817119
2016-03-30 16:00:00-04:00,5.93,6.27,5.92,6.09,1013876
2016-03-31 16:00:00-04:00,6.05,6.69,5.98,6.44,1401331
2016-04-01 16:00:00-04:00,6.34,7.1,6.29,6.76,1468286
2016-04-04 16:00:00-04:00,6.76,7.18,6.6901,6.79,992886
2016-04-05 16:00:00-04:00,6.75,6.94,6.55,6.58,618309
2016-04-06 16:00:00-04:00,6.58,6.94,6.39,6.93,1089756
2016-04-07 16:00:00-04:00,6.91,7.21,6.74,7.08,934483
2016-04-08 16:00:00-04:00,7.24,7.2896,6.26,6.37,1493939
2016-04-11 16:00:00-04:00,6.42,6.495,6.15,6.22,610406
2016-04-12 16:00:00-04:00,6.24,6.31,5.78,6.06,945259
2016-04-13 16:00:00-04:00,6.17,6.405,5.91,6.32,779223
2016-04-14 16:00:00-04:00,6.37,6.45,6.1,6.23,394679
2016-04-15 16:00:00-04:00,6.4,10.15,6.06,8.92,28607523
2016-04-18 16:00:00-04:00,8.4,8.75,7.91,8.33,7088457
2016-04-19 16:00:00-04:00,8.23,8.6,7.838,7.96,1638537
2016-04-20 16:00:00-04:00,7.98,7.98,7.26,7.59,2687610
2016-04-21 16:00:00-04:00,7.47,8.41,7.45,8.25,2419062
2016-04-22 16:00:00-04:00,8.25,8.43,7.6306,8.3,1490634
2016-04-25 16:00:00-04:00,8.26,8.75,8.26,8.29,1580506
2016-04-26 16:00:00-04:00,8.31,8.3199,7.4575,8.03,1715172
2016-04-27 16:00:00-04:00,7.97,8.11,7.65,7.79,1331627
2016-04-28 16:00:00-04:00,7.78,8.15,7.5601,7.84,968362
2016-04-29 16:00:00-04:00,7.8,7.975,7.27,7.42,1516749
2016-05-02 16:00:00-04:00,7.52,7.75,7.29,7.75,1116123
2016-05-03 16:00:00-04:00,7.39,7.98,7.39,7.7,907562
2016-05-04 16:00:00-04:00,7.66,7.79,6.92,6.97,1269434
2016-05-05 16:00:00-04:00,7.03,7.13,6.76,6.88,974197
2016-05-06 16:00:00-04:00,7.66,7.7,6.79,7.09,1643841
2016-05-09 16:00:00-04:00,7.13,8.0499,6.98,7.74,1128431
2016-05-10 16:00:00-04:00,7.76,7.76,7.15,7.57,1044017
2016-05-11 16:00:00-04:00,7.55,7.61,7.25,7.25,779265
2016-05-12 16:00:00-04:00,7.32,7.34,6.54,6.6,1359846
2016-05-13 16:00:00-04:00,6.57,6.94,6.57,6.76,707596
2016-05-16 16:00:00-04:00,6.84,7.377,6.61,7.22,1025417
2016-05-17 16:00:00-04:00,7.14,7.4,6.92,6.98,815977
2016-05-18 16:00:00-04:00,6.93,7.08,6.71,6.84,716431
2016-05-19 16:00:00-04:00,6.81,7.11,6.5,6.65,1024284
2016-05-20 16:00:00-04:00,6.77,8.14,6.7,8.0,3180263
2016-05-23 16:00:00-04:00,8.01,8.38,7.51,7.71,2371879
2016-05-24 16:00:00-04:00,7.81,8.34,7.6701,8.14,1576770
2016-05-25 16:00:00-04:00,8.37,8.65,7.8,8.37,1791696
2016-05-26 16:00:00-04:00,8.33,8.3481,7.81,7.87,1317206
2016-05-27 16:00:00-04:00,7.76,7.92,7.6,7.84,956701
2016-05-31 16:00:00-04:00,7.93,8.4,7.85,8.16,1176850
2016-06-01 16:00:00-04:00,8.18,8.355,7.99,8.14,971032
2016-06-02 16:00:00-04:00,8.13,8.37,8.0801,8.35,1241342
2016-06-03 16:00:00-04:00,8.3,8.3,7.65,7.65,1527394
2016-06-06 16:00:00-04:00,7.62,8.275,7.35,8.23,1302014
2016-06-07 16:00:00-04:00,8.23,8.23,7.9,8.01,803272
2016-06-08 16:00:00-04:00,8.04,8.098,7.8,7.89,1024320
2016-06-09 16:00:00-04:00,7.8,7.8395,7.5075,7.54,1109917
2016-06-10 16:00:00-04:00,7.41,7.63,7.17,7.24,1094278
2016-06-13 16:00:00-04:00,7.16,7.42,6.84,6.86,1041370
2016-06-14 16:00:00-04:00,6.84,7.19,6.78,7.09,1282703
2016-06-15 16:00:00-04:00,7.14,7.37,7.03,7.22,591927
2016-06-16 16:00:00-04:00,7.12,7.25,6.89,7.24,585261
2016-06-17 16:00:00-04:00,7.26,7.26,6.76,6.82,1119111
2016-06-20 16:00:00-04:00,6.93,7.14,6.69,6.98,747667
2016-06-21 16:00:00-04:00,7.0,7.0,6.52,6.72,1041065
2016-06-22 16:00:00-04:00,6.74,7.03,6.5299,6.6,825468
2016-06-23 16:00:00-04:00,6.71,7.02,6.61,7.0,553934
2016-06-24 16:00:00-04:00,6.62,6.79,6.41,6.66,1936138
2016-06-27 16:00:00-04:00,6.61,6.74,6.25,6.26,1870810
2016-06-28 16:00:00-04:00,6.43,6.9,6.4175,6.71,956388
2016-06-29 16:00:00-04:00,6.88,7.13,6.64,7.03,745860
2016-06-30 16:00:00-04:00,7.0,7.29,6.96,7.02,759499
2016-07-01 16:00:00-04:00,7.05,7.35,6.98,7.15,799762
2016-07-05 16:00:00-04:00,7.05,7.12,6.75,6.83,597982
2016-07-06 16:00:00-04:00,6.8,7.24,6.75,7.11,562415
2016-07-07 16:00:00-04:00,7.85,7.949,7.41,7.51,2090681
2016-07-08 16:00:00-04:00,7.51,7.57,7.22,7.53,781974
2016-07-11 16:00:00-04:00,7.55,7.8,7.45,7.47,537095
2016-07-12 16:00:00-04:00,7.56,7.6,7.385,7.4,437099
2016-07-13 16:00:00-04:00,7.46,7.52,6.96,6.96,639262
2016-07-14 16:00:00-04:00,7.11,7.2304,6.83,6.91,488873
2016-07-15 16:00:00-04:00,6.93,7.17,6.83,7.15,510057
2016-07-18 16:00:00-04:00,7.13,7.19,6.93,7.1,422953
2016-07-19 16:00:00-04:00,7.1,7.25,6.82,6.86,522390
2016-07-20 16:00:00-04:00,6.89,7.5,6.83,7.41,1797881
2016-07-21 16:00:00-04:00,7.51,7.6304,7.21,7.3,580771
2016-07-22 16:00:00-04:00,7.31,7.54,7.12,7.18,478974
2016-07-25 16:00:00-04:00,7.22,7.35,6.27,6.76,1988909
2016-07-26 16:00:00-04:00,6.38,6.46,5.8186,5.88,2887348
2016-07-27 16:00:00-04:00,5.9,5.9001,5.66,5.71,1100021
2016-07-28 16:00:00-04:00,5.71,5.88,5.64,5.77,830686
2016-07-29 16:00:00-04:00,5.71,6.14,5.69,5.97,1557894
2016-08-01 16:00:00-04:00,6.03,6.33,6.02,6.1,1032156
2016-08-02 16:00:00-04:00,6.09,6.19,5.775,5.86,1085325
2016-08-03 16:00:00-04:00,5.81,6.32,5.81,6.26,1108667
2016-08-04 16:00:00-04:00,6.27,6.34,5.94,6.09,881241
2016-08-05 16:00:00-04:00,6.17,7.99,6.14,7.77,5340921
2016-08-08 16:00:00-04:00,7.76,7.82,7.42,7.6,1242354
2016-08-09 16:00:00-04:00,7.63,7.88,7.48,7.8,846647
2016-08-10 16:00:00-04:00,7.79,7.88,7.58,7.62,647117
2016-08-11 16:00:00-04:00,7.67,7.77,7.51,7.73,770565
2016-08-12 16:00:00-04:00,7.72,8.245,7.671,8.12,1600654
2016-08-15 16:00:00-04:00,8.15,8.54,8.15,8.19,1043200
2016-08-16 16:00:00-04:00,8.14,8.47,7.83,8.17,995560
2016-08-17 16:00:00-04:00,8.2,8.35,8.03,8.11,467924
2016-08-18 16:00:00-04:00,8.1,8.3,7.98,8.14,377591
2016-08-19 16:00:00-04:00,8.12,8.22,7.96,8.03,304155
2016-08-22 16:00:00-04:00,8.09,8.49,8.03,8.3,540638
2016-08-23 16:00:00-04:00,8.38,8.38,8.145,8.29,313760
2016-08-24 16:00:00-04:00,8.25,8.74,7.85,7.98,1056250
2016-08-25 16:00:00-04:00,8.04,8.47,7.73,7.93,1037398
2016-08-26 16:00:00-04:00,7.92,8.05,7.7,7.81,635733
2016-08-29 16:00:00-04:00,7.85,7.9899,7.61,7.73,365809
2016-08-30 16:00:00-04:00,7.73,7.94,7.63,7.69,360086
2016-08-31 16:00:00-04:00,7.66,8.23,7.515,8.21,1054867
2016-09-01 16:00:00-04:00,8.2,8.2,7.75,7.79,612894
2016-09-02 16:00:00-04:00,7.8,8.05,7.62,7.91,543003
2016-09-06 16:00:00-04:00,7.94,8.14,7.85,8.01,477797
2016-09-07 16:00:00-04:00,8.05,8.42,8.0099,8.18,615504
2016-09-08 16:00:00-04:00,8.11,8.36,7.91,8.2,482933
2016-09-09 16:00:00-04:00,8.01,8.23,7.79,7.87,524248
2016-09-12 16:00:00-04:00,7.83,8.45,7.8,8.45,876840
2016-09-13 16:00:00-04:00,8.34,8.5,8.08,8.38,697317
2016-09-14 16:00:00-04:00,8.5,9.5,8.281,9.02,2757751
2016-09-15 16:00:00-04:00,9.03,9.05,8.641,8.83,818341
2016-09-16 16:00:00-04:00,8.77,9.2616,8.6,9.11,1512389
2016-09-19 16:00:00-04:00,9.17,11.74,9.04,10.99,9173067
2016-09-20 16:00:00-04:00,11.22,11.659,9.89,10.21,4543475
2016-09-21 16:00:00-04:00,10.29,10.81,10.1,10.44,1803094
2016-09-22 16:00:00-04:00,10.5,11.2,10.32,10.94,1516500
2016-09-23 16:00:00-04:00,10.8,11.83,10.8,11.66,1685900
2016-09-26 16:00:00-04:00,11.6,11.97,11.3,11.64,1144540
2016-09-27 16:00:00-04:00,11.6,12.24,11.57,11.88,1159820
2016-09-28 16:00:00-04:00,11.9,12.14,11.27,11.73,930564
2016-09-29 16:00:00-04:00,11.72,11.84,11.38,11.56,746230
2016-09-30 16:00:00-04:00,11.61,14.35,11.61,14.01,6846260
2016-10-03 16:00:00-04:00,14.19,14.19,13.0,13.36,1782475
2016-10-04 16:00:00-04:00,13.51,13.869,13.22,13.33,1141545
2016-10-05 16:00:00-04:00,13.35,14.0,13.3311,13.71,1019632
2016-10-06 16:00:00-04:00,14.45,14.5,13.35,13.59,1268999
2016-10-07 16:00:00-04:00,13.52,13.96,13.0701,13.34,950176
2016-10-10 16:00:00-04:00,13.48,13.78,12.84,13.59,1790115
2016-10-11 16:00:00-04:00,13.83,14.57,13.07,13.28,1562192
2016-10-12 16:00:00-04:00,13.29,13.705,13.19,13.41,556227
2016-10-13 16:00:00-04:00,13.23,13.865,13.0911,13.57,729529
2016-10-14 16:00:00-04:00,13.58,13.69,13.14,13.27,583709
2016-10-17 16:00:00-04:00,10.2,10.3,7.9,7.97,12008815
2016-10-18 16:00:00-04:00,7.86,8.31,6.9,7.55,8279913
2016-10-19 16:00:00-04:00,7.53,7.58,6.95,6.96,1928825
2016-10-20 16:00:00-04:00,6.9,7.29,6.85,7.02,1516583
2016-10-21 16:00:00-04:00,7.11,7.35,6.86,6.91,1806323
2016-10-24 16:00:00-04:00,6.91,7.0886,6.69,6.7,1096511
2016-10-25 16:00:00-04:00,6.67,6.86,6.475,6.51,863428
2016-10-26 16:00:00-04:00,6.54,6.7,6.45,6.53,515758
2016-10-27 16:00:00-04:00,6.6,6.81,6.38,6.41,645762
2016-10-28 16:00:00-04:00,6.37,6.55,6.21,6.39,565242
2016-10-31 16:00:00-04:00,6.38,6.4099,6.12,6.21,497993
2016-11-01 16:00:00-04:00,6.21,6.47,6.15,6.35,898438
2016-11-02 16:00:00-04:00,6.34,6.47,6.21,6.25,581601
2016-11-03 16:00:00-04:00,6.25,6.3499,4.03,4.19,6092187
2016-11-04 16:00:00-04:00,4.27,5.255,4.19,5.0,3471022
2016-11-07 16:00:00-05:00,5.29,5.96,5.13,5.64,2601096
2016-11-08 16:00:00-05:00,5.64,5.65,5.15,5.23,1560648
2016-11-09 16:00:00-05:00,5.62,5.8499,5.43,5.61,1420944
2016-11-10 16:00:00-05:00,5.78,6.23,5.7,6.0,1800845
2016-11-11 16:00:00-05:00,10.63,11.63,9.75,11.3,21662068
2016-11-14 16:00:00-05:00,12.0,12.79,11.58,12.05,6849880
2016-11-15 16:00:00-05:00,11.96,12.42,11.46,12.07,2311945
2016-11-16 16:00:00-05:00,11.88,12.42,11.73,11.92,1480625
2016-11-17 16:00:00-05:00,11.88,12.76,11.8,12.64,1297634
2016-11-18 16:00:00-05:00,12.74,13.47,12.31,12.59,1753997
2016-11-21 16:00:00-05:00,12.5,12.5985,11.85,12.1,1104284
2016-11-22 16:00:00-05:00,12.05,12.5,11.53,11.73,985119
2016-11-23 16:00:00-05:00,11.44,12.39,11.33,12.31,865397
2016-11-25 13:00:00-05:00,12.48,12.48,12.081,12.41,389908
2016-11-28 16:00:00-05:00,12.25,12.39,11.72,11.77,895531
2016-11-29 16:00:00-05:00,11.77,11.84,11.4,11.47,757403
2016-11-30 16:00:00-05:00,11.44,11.72,10.79,11.14,790691
2016-12-01 16:00:00-05:00,11.01,11.32,10.81,10.98,841643
2016-12-02 16:00:00-05:00,10.93,11.48,10.64,11.08,667228
2016-12-05 16:00:00-05:00,11.28,12.2,11.2,12.09,909951
2016-12-06 16:00:00-05:00,12.39,12.56,11.95,12.25,1026523
2016-12-07 16:00:00-05:00,12.1,12.38,11.79,12.07,603161
2016-12-08 16:00:00-05:00,12.04,12.96,11.75,12.86,934079
2016-12-09 16:00:00-05:00,12.9,13.33,12.7,12.79,709776
2016-12-12 16:00:00-05:00,12.75,12.9138,12.5,12.56,423024
2016-12-13 16:00:00-05:00,12.68,12.77,12.26,12.4,409314
2016-12-14 16:00:00-05:00,12.33,12.57,12.05,12.33,680046
2016-12-15 16:00:00-05:00,12.33,12.51,11.99,12.15,801367
2016-12-16 16:00:00-05:00,12.18,12.9,12.18,12.43,866749
2016-12-19 16:00:00-05:00,12.38,12.79,12.18,12.24,574355
2016-12-20 16:00:00-05:00,12.34,12.6,12.05,12.29,499089
2016-12-21 16:00:00-05:00,12.16,12.2999,11.85,11.87,513197
2016-12-22 16:00:00-05:00,11.83,12.1,11.6,11.73,355027
2016-12-23 16:00:00-05:00,12.01,12.3,11.69,12.26,638944
2016-12-27 16:00:00-05:00,12.33,12.51,11.62,11.67,872484
2016-12-28 16:00:00-05:00,11.68,11.79,11.33,11.43,547576
2016-12-29 16:00:00-05:00,11.39,11.7,10.79,11.18,935244
2016-12-30 16:00:00-05:00,11.15,11.41,10.67,10.91,733479
2017-01-03 16:00:00-05:00,11.06,11.4443,10.85,11.23,435450
2017-01-04 16:00:00-05:00,11.23,11.97,11.2,11.75,1011240
2017-01-05 16:00:00-05:00,11.25,12.9,11.1865,12.68,866570
2017-01-06 16:00:00-05:00,12.91,13.7,12.7111,12.95,966292
2017-01-09 16:00:00-05:00,13.04,14.5,12.85,14.29,1156407
2017-01-10 16:00:00-05:00,14.43,14.9666,14.1,14.93,1289597
2017-01-11 16:00:00-05:00,15.01,16.5,14.77,15.09,2000583
2017-01-12 16:00:00-05:00,14.82,15.87,14.4,15.36,968455
2017-01-13 16:00:00-05:00,15.44,15.885,15.057,15.47,560035
2017-01-17 16:00:00-05:00,15.38,15.38,14.36,14.71,1068535
2017-01-18 16:00:00-05:00,14.8,15.0,14.25,14.42,657688
2017-01-19 16:00:00-05:00,14.38,15.0,14.38,14.52,531607
2017-01-20 16:00:00-05:00,14.53,14.53,14.16,14.43,373480
2017-01-23 16:00:00-05:00,14.36,14.45,13.37,13.66,1034962
2017-01-24 16:00:00-05:00,13.66,13.98,12.95,13.38,724386
2017-01-25 16:00:00-05:00,13.47,13.6701,13.3296,13.47,337133
2017-01-26 16:00:00-05:00,13.5609,14.12,13.51,13.8,959775
2017-01-27 16:00:00-05:00,13.54,13.62,12.4,12.82,1269296
2017-01-30 16:00:00-05:00,13.14,13.14,12.09,12.2,580677
2017-01-31 16:00:00-05:00,12.1,13.25,12.0,13.1,1128025
2017-02-01 16:00:00-05:00,13.17,13.4,12.72,13.15,595375
2017-02-02 16:00:00-05:00,13.05,13.36,12.52,13.16,411846
2017-02-03 16:00:00-05:00,13.27,13.529,12.86,13.49,482978
2017-02-06 16:00:00-05:00,13.5,14.0,13.46,13.59,439014
2017-02-07 16:00:00-05:00,13.58,13.74,13.27,13.46,531383
2017-02-08 16:00:00-05:00,13.33,13.4699,12.91,13.24,428092
2017-02-09 16:00:00-05:00,13.26,14.04,13.24,13.82,587182
2017-02-10 16:00:00-05:00,13.8,13.8,12.7,12.84,943244
2017-02-13 16:00:00-05:00,12.89,12.9258,12.4801,12.6,456543
2017-02-14 16:00:00-05:00,12.57,12.96,12.5,12.84,293734
2017-02-15 16:00:00-05:00,12.81,13.22,12.5,12.76,503194
2017-02-16 16:00:00-05:00,12.86,14.12,12.77,13.78,2625212
2017-02-17 16:00:00-05:00,13.93,14.4099,13.5,14.16,1111866
2017-02-21 16:00:00-05:00,14.27,14.4399,13.4,13.5,880740
2017-02-22 16:00:00-05:00,13.44,13.649,12.87,13.31,896527
2017-02-23 16:00:00-05:00,13.36,13.49,12.81,13.07,491797
2017-02-24 16:00:00-05:00,12.9,13.279,12.76,13.16,447083
2017-02-27 16:00:00-05:00,13.25,13.68,12.97,13.53,707168
2017-02-28 16:00:00-05:00,13.58,13.94,13.0,13.63,869518
2017-03-01 16:00:00-05:00,13.9,14.4325,12.8603,13.18,1258278
2017-03-02 16:00:00-05:00,11.01,12.05,10.25,10.58,7638749
2017-03-03 16:00:00-05:00,10.84,10.86,9.635,9.81,3096160
2017-03-06 16:00:00-05:00,10.3,10.54,9.71,10.22,3114338
2017-03-07 16:00:00-05:00,10.01,10.38,9.82,9.93,1112721
2017-03-08 16:00:00-05:00,9.88,10.55,9.8,10.31,1564306
2017-03-09 16:00:00-05:00,10.32,10.67,10.13,10.33,1383765
2017-03-10 16:00:00-05:00,10.38,10.7,10.27,10.64,1347928
2017-03-13 16:00:00-04:00,10.48,10.84,10.48,10.76,932927
2017-03-14 16:00:00-04:00,10.69,10.8099,10.11,10.39,869227
2017-03-15 16:00:00-04:00,10.44,11.01,10.21,10.9,1422046
2017-03-16 16:00:00-04:00,10.09,10.1,8.8,8.84,5183521
2017-03-17 16:00:00-04:00,8.91,9.22,8.56,9.06,3709020
2017-03-20 16:00:00-04:00,9.02,9.1,8.63,8.9,1025626
2017-03-21 16:00:00-04:00,8.92,8.98,8.21,8.37,1379913
2017-03-22 16:00:00-04:00,8.36,8.67,8.12,8.64,1636195
2017-03-23 16:00:00-04:00,8.63,8.76,8.34,8.45,983374
2017-03-24 16:00:00-04:00,8.4,8.69,8.2798,8.52,598588
2017-03-27 16:00:00-04:00,8.35,8.8,8.3,8.75,917396
2017-03-28 16:00:00-04:00,8.78,8.99,8.54,8.64,656881
2017-03-29 16:00:00-04:00,8.68,8.8499,8.65,8.74,831149
2017-03-30 16:00:00-04:00,8.71,9.35,8.62,9.32,1584952
2017-03-31 16:00:00-04:00,9.32,9.94,9.0,9.84,1729628
2017-04-03 16:00:00-04:00,9.81,9.98,9.51,9.75,917917
2017-04-04 16:00:00-04:00,9.72,9.92,9.55,9.66,664387
2017-04-05 16:00:00-04:00,9.71,9.87,9.5,9.67,768255
2017-04-06 16:00:00-04:00,9.69,9.77,9.4059,9.73,697228
2017-04-07 16:00:00-04:00,9.68,9.96,9.57,9.84,579348
2017-04-10 16:00:00-04:00,9.87,10.41,9.67,10.28,871604
2017-04-11 16:00:00-04:00,10.25,10.43,9.83,10.42,920655
2017-04-12 16:00:00-04:00,10.42,10.75,10.16,10.57,1173901
2017-04-13 16:00:00-04:00,10.53,10.96,10.24,10.38,1456212
2017-04-17 16:00:00-04:00,10.39,10.82,10.21,10.68,1018232
2017-04-18 16:00:00-04:00,10.62,11.07,10.57,11.03,1284330
2017-04-19 16:00:00-04:00,11.08,11.54,10.83,11.39,1235884
2017-04-20 16:00:00-04:00,11.43,11.77,10.68,11.25,2546018
2017-04-21 16:00:00-04:00,11.17,11.49,11.07,11.37,1204947
2017-04-24 16:00:00-04:00,11.52,11.74,11.33,11.58,928144
2017-04-25 16:00:00-04:00,11.65,11.925,11.56,11.84,994496
2017-04-26 16:00:00-04:00,11.82,12.2,11.76,12.0,1110155
2017-04-27 16:00:00-04:00,12.07,12.12,11.88,12.01,623370
2017-04-28 16:00:00-04:00,12.27,12.35,11.93,12.15,499475
2017-05-01 16:00:00-04:00,12.26,12.369,11.94,12.17,760225
2017-05-02 16:00:00-04:00,12.22,12.55,11.87,12.41,1017924
2017-05-03 16:00:00-04:00,12.41,12.41,11.93,12.05,631390
2017-05-04 16:00:00-04:00,12.11,12.16,11.81,12.13,567230
2017-05-05 16:00:00-04:00,11.96,12.34,11.96,12.25,922787
2017-05-08 16:00:00-04:00,11.69,12.34,10.6501,10.79,1500980
2017-05-09 16:00:00-04:00,10.66,11.78,10.66,11.78,1381551
2017-05-10 16:00:00-04:00,11.79,12.705,11.79,12.59,927279
2017-05-11 16:00:00-04:00,12.58,13.14,12.45,12.96,914332
2017-05-12 16:00:00-04:00,12.9,13.44,12.81,13.06,788579
2017-05-15 16:00:00-04:00,13.03,13.42,13.0,13.1,450184
2017-05-16 16:00:00-04:00,13.09,13.179,12.781,12.96,474820
2017-05-17 16:00:00-04:00,12.83,13.09,12.69,12.92,453667
2017-05-18 16:00:00-04:00,12.94,13.63,12.93,13.34,767361
2017-05-19 16:00:00-04:00,13.34,13.81,13.25,13.6,648047
2017-05-22 16:00:00-04:00,13.63,13.85,12.92,13.41,557609
2017-05-23 16:00:00-04:00,13.23,13.63,13.025,13.5,503263
2017-05-24 16:00:00-04:00,13.5,13.5,12.15,12.58,989925
2017-05-25 16:00:00-04:00,12.9,12.98,12.521,12.75,613642
2017-05-26 16:00:00-04:00,12.69,12.785,12.43,12.59,400239
2017-05-30 16:00:00-04:00,12.67,12.77,12.47,12.54,494570
2017-05-31 16:00:00-04:00,12.58,12.71,12.23,12.53,438850
2017-06-01 16:00:00-04:00,12.57,12.82,12.24,12.62,806422
2017-06-02 16:00:00-04:00,12.66,13.18,12.51,13.1,460598
2017-06-05 16:00:00-04:00,13.17,13.6,12.985,13.55,699770
2017-06-06 16:00:00-04:00,14.08,14.86,13.89,14.31,2698168
2017-06-07 16:00:00-04:00,14.41,15.9,14.41,15.47,1713633
2017-06-08 16:00:00-04:00,15.56,16.45,15.18,16.38,1195917
2017-06-09 16:00:00-04:00,16.41,17.0,15.995,16.39,880385
2017-06-12 16:00:00-04:00,16.37,16.82,15.73,16.61,931850
2017-06-13 16:00:00-04:00,16.56,17.185,16.3,16.81,835289
2017-06-14 16:00:00-04:00,16.85,17.05,16.22,16.82,565394
2017-06-15 16:00:00-04:00,16.74,17.0,16.3401,16.785,500677
2017-06-16 16:00:00-04:00,16.6,17.0,16.45,16.99,1456157
2017-06-19 16:00:00-04:00,17.1,17.63,16.79,17.2,1118099
2017-06-20 16:00:00-04:00,17.21,17.5599,16.82,17.02,864715
2017-06-21 16:00:00-04:00,17.07,17.74,17.0,17.65,910729
2017-06-22 16:00:00-04:00,17.49,18.2,17.32,17.85,575800
2017-06-23 16:00:00-04:00,17.96,18.46,17.5901,18.28,1644347
2017-06-26 16:00:00-04:00,18.43,18.67,18.03,18.39,576968
2017-06-27 16:00:00-04:00,18.31,18.69,17.53,17.85,770952
2017-06-28 16:00:00-04:00,17.94,18.86,17.73,18.34,659142
2017-06-29 16:00:00-04:00,18.37,18.64,18.05,18.46,446966
2017-06-30 16:00:00-04:00,18.36,18.5,18.085,18.33,592175
2017-07-03 13:00:00-04:00,18.47,19.35,18.34,18.85,432749
2017-07-05 16:00:00-04:00,18.77,19.7,18.68,19.41,759183
2017-07-06 16:00:00-04:00,19.41,19.7,19.075,19.32,686007
2017-07-07 16:00:00-04:00,19.37,19.719,19.08,19.29,430028
2017-07-10 16:00:00-04:00,19.25,19.56,18.6,18.82,492540
2017-07-11 16:00:00-04:00,18.84,19.95,18.84,19.86,830407
2017-07-12 16:00:00-04:00,19.99,19.99,18.3401,18.71,712215
2017-07-13 16:00:00-04:00,18.73,19.41,17.99,19.18,984299
2017-07-14 16:00:00-04:00,19.16,19.85,18.95,19.39,527433
2017-07-17 16:00:00-04:00,19.47,19.74,19.09,19.37,515021
2017-07-18 16:00:00-04:00,19.34,19.63,19.06,19.4,332829
2017-07-19 16:00:00-04:00,19.58,19.84,19.22,19.43,450741
2017-07-20 16:00:00-04:00,20.0,20.89,19.8,20.34,1203045
2017-07-21 16:00:00-04:00,20.47,21.65,20.31,21.44,817309
2017-07-24 16:00:00-04:00,21.48,21.62,20.53,21.55,805444
2017-07-25 16:00:00-04:00,21.76,21.85,20.79,21.15,456391
2017-07-26 16:00:00-04:00,21.25,21.54,20.66,20.84,320074
2017-07-27 16:00:00-04:00,20.89,21.52,20.05,20.17,542942
2017-07-28 16:00:00-04:00,20.17,20.93,20.16,20.66,289286
2017-07-31 16:00:00-04:00,20.71,21.09,20.27,20.62,285128
2017-08-01 16:00:00-04:00,20.79,21.19,19.53,19.96,670899
2017-08-02 16:00:00-04:00,19.85,20.52,18.86,19.05,653897
2017-08-03 16:00:00-04:00,18.99,19.42,18.37,18.96,617916
2017-08-04 16:00:00-04:00,19.18,19.77,18.775,19.75,379447
2017-08-07 16:00:00-04:00,19.83,20.166,19.68,19.91,471962
2017-08-08 16:00:00-04:00,19.94,20.25,18.97,19.1,515784
2017-08-09 16:00:00-04:00,20.0,20.93,19.36,19.495,1685757
2017-08-10 16:00:00-04:00,19.41,19.41,17.86,18.35,1131626
2017-08-11 16:00:00-04:00,18.44,19.34,18.02,18.98,615469
2017-08-14 16:00:00-04:00,19.15,19.28,18.65,18.69,553858
2017-08-15 16:00:00-04:00,18.81,18.81,17.98,18.02,528728
2017-08-16 16:00:00-04:00,17.96,18.3,17.53,17.69,746025
2017-08-17 16:00:00-04:00,17.66,18.07,17.12,17.56,454171
2017-08-18 16:00:00-04:00,17.46,17.76,16.9,17.5,586946
2017-08-21 16:00:00-04:00,17.56,18.03,17.17,17.72,491183
2017-08-22 16:00:00-04:00,17.9,19.04,17.9,19.03,447595
2017-08-23 16:00:00-04:00,18.84,19.2,18.41,18.42,372593
2017-08-24 16:00:00-04:00,18.47,19.2,18.11,19.14,582977
2017-08-25 16:00:00-04:00,19.25,19.51,18.78,19.17,371710
2017-08-28 16:00:00-04:00,19.36,20.25,19.19,20.11,533501
2017-08-29 16:00:00-04:00,19.77,21.16,19.77,20.08,732319
2017-08-30 16:00:00-04:00,19.84,20.69,19.6695,20.32,525885
2017-08-31 16:00:00-04:00,20.39,20.94,20.25,20.75,509938
2017-09-01 16:00:00-04:00,20.83,21.05,20.44,20.93,385741
2017-09-05 16:00:00-04:00,21.0,21.69,20.665,21.61,786786
2017-09-06 16:00:00-04:00,21.67,22.0,21.03,21.17,808333
2017-09-07 16:00:00-04:00,21.17,21.45,20.72,20.77,781370
2017-09-08 16:00:00-04:00,20.77,21.1099,19.84,20.51,803047
2017-09-11 16:00:00-04:00,20.93,20.96,20.05,20.55,512019
2017-09-12 16:00:00-04:00,20.53,20.77,20.05,20.29,571195
2017-09-13 16:00:00-04:00,20.35,20.55,19.94,20.17,518976
2017-09-14 16:00:00-04:00,20.0,20.27,19.39,19.71,541176
2017-09-15 16:00:00-04:00,19.78,20.36,19.2,19.42,1392944
2017-09-18 16:00:00-04:00,19.45,20.56,19.45,20.41,967879
2017-09-19 16:00:00-04:00,20.5,20.71,19.8,20.27,532782
2017-09-20 16:00:00-04:00,20.55,20.93,19.94,20.13,1046655
2017-09-21 16:00:00-04:00,20.1,20.52,19.89,20.05,743986
2017-09-22 16:00:00-04:00,19.95,20.053,18.34,18.52,1412816
2017-09-25 16:00:00-04:00,18.35,19.79,17.65,19.51,1813642
2017-09-26 16:00:00-04:00,17.05,17.5,14.561,16.81,9092048
2017-09-27 16:00:00-04:00,16.78,17.66,16.5,17.46,2521549
2017-09-29 16:00:00-04:00,18.32,20.19,17.75,20.01,5236980
2017-10-02 16:00:00-04:00,19.75,20.91,19.24,20.89,1588271
2017-10-03 16:00:00-04:00,20.84,21.58,17.96,18.62,3962574
2017-10-04 16:00:00-04:00,18.78,18.98,18.0001,18.9,1117506
2017-10-05 16:00:00-04:00,18.88,20.19,18.88,19.9,1228161
2017-10-06 16:00:00-04:00,19.76,19.91,19.24,19.63,505354
2017-10-09 16:00:00-04:00,18.0,19.24,17.97,18.38,2124473
2017-10-10 16:00:00-04:00,18.36,18.3665,17.78,18.18,768357
2017-10-11 16:00:00-04:00,18.25,18.4412,17.7,17.84,812187
2017-10-12 16:00:00-04:00,17.89,18.16,17.64,17.83,601709
2017-10-13 16:00:00-04:00,17.78,18.01,17.47,17.86,529192
2017-10-16 16:00:00-04:00,17.83,18.28,17.5749,17.91,496400
2017-10-17 16:00:00-04:00,17.98,18.28,17.79,18.13,405352
2017-10-18 16:00:00-04:00,18.26,18.5,17.71,18.25,476922
2017-10-19 16:00:00-04:00,18.15,18.15,17.28,17.67,746975
2017-10-20 16:00:00-04:00,17.75,17.99,17.595,17.79,683912
2017-10-23 16:00:00-04:00,17.81,17.89,16.72,16.99,1453115
2017-10-24 16:00:00-04:00,16.98,17.3,16.03,16.14,1586911
2017-10-25 16:00:00-04:00,15.99,17.4,15.2,17.3,4054714
2017-10-26 16:00:00-04:00,16.6,17.11,15.61,16.25,2944382
2017-10-27 16:00:00-04:00,16.25,17.72,15.82,17.57,1429022
2017-10-30 16:00:00-04:00,17.6,18.405,17.59,18.25,1134243
2017-10-31 16:00:00-04:00,18.25,18.96,18.25,18.74,1146022
2017-11-01 16:00:00-04:00,18.93,19.06,17.62,17.77,1215721
2017-11-02 16:00:00-04:00,17.53,18.64,17.52,17.85,1189174
2017-11-03 16:00:00-04:00,17.5,18.23,17.2,17.44,1253996
2017-11-06 16:00:00-05:00,17.4,17.64,17.01,17.16,1045684
2017-11-07 16:00:00-05:00,17.14,17.23,16.62,16.85,756842
2017-11-08 16:00:00-05:00,16.78,16.85,15.97,16.1,856913
2017-11-09 16:00:00-05:00,15.94,16.1,15.55,15.85,918055
2017-11-10 16:00:00-05:00,15.8,16.5,15.7,16.05,744640
2017-11-13 16:00:00-05:00,15.89,15.89,15.37,15.53,1128870
2017-11-14 16:00:00-05:00,15.54,15.649,15.03,15.16,796443
2017-11-15 16:00:00-05:00,15.02,15.6,14.87,15.14,445684
2017-11-16 16:00:00-05:00,15.82,16.68,15.8,15.88,1440586
2017-11-17 16:00:00-05:00,15.79,16.01,15.48,15.97,1094509
2017-11-20 16:00:00-05:00,15.98,16.21,15.2771,15.73,875882
2017-11-21 16:00:00-05:00,15.68,16.0,15.62,15.79,882114
2017-11-22 16:00:00-05:00,15.84,16.055,15.7,15.84,873264
2017-11-24 13:00:00-05:00,16.0,16.67,15.84,16.59,376304
2017-11-27 16:00:00-05:00,16.52,16.71,16.135,16.19,605865
2017-11-28 16:00:00-05:00,16.3,16.45,16.0065,16.16,640950
2017-11-29 16:00:00-05:00,16.16,16.25,15.75,15.92,388975
2017-11-30 16:00:00-05:00,15.86,16.2,15.73,15.95,1545326
2017-12-01 16:00:00-05:00,15.98,16.16,15.22,15.78,987498
2017-12-04 16:00:00-05:00,15.95,16.525,15.71,15.77,512367
2017-12-05 16:00:00-05:00,15.73,16.46,15.73,15.97,400948
2017-12-06 16:00:00-05:00,15.79,16.23,15.67,16.11,522748
2017-12-07 16:00:00-05:00,16.17,16.81,16.02,16.75,782891
2017-12-08 16:00:00-05:00,16.85,16.96,16.57,16.7,604851
2017-12-11 16:00:00-05:00,16.82,16.87,16.23,16.25,571373
