Date,Open,High,Low,Close,Volume
2005-04-14 16:00:00-04:00,12.08,12.2,10.81,11.74,1898524
2005-04-15 16:00:00-04:00,11.65,11.7,10.23,10.25,282267
2005-04-18 16:00:00-04:00,10.5,10.818,10.4,10.5,53375
2005-04-19 16:00:00-04:00,11.0,11.0,10.56,10.58,137402
2005-04-20 16:00:00-04:00,10.55,10.7,10.5,10.6,8570
2005-04-21 16:00:00-04:00,10.6,10.63,10.5,10.5,33950
2005-04-22 16:00:00-04:00,10.76,10.97,10.5,10.52,23085
2005-04-25 16:00:00-04:00,10.659,10.75,10.51,10.55,69298
2005-04-26 16:00:00-04:00,10.511,10.65,10.5,10.5,33195
2005-04-27 16:00:00-04:00,10.5,10.54,9.61,9.79,68043
2005-04-28 16:00:00-04:00,9.67,10.16,9.67,9.9,37643
2005-04-29 16:00:00-04:00,10.0,10.3,10.0,10.0,20442
2005-05-02 16:00:00-04:00,9.88,10.1,9.87,9.91,15720
2005-05-03 16:00:00-04:00,9.98,10.1,9.9,10.0,21361
2005-05-04 16:00:00-04:00,10.0,10.1,9.9,10.1,15842
2005-05-05 16:00:00-04:00,10.01,10.09,9.9,9.9,15175
2005-05-06 16:00:00-04:00,9.9,10.0,9.9,10.0,18128
2005-05-09 16:00:00-04:00,10.09,10.1,9.9,9.9,43086
2005-05-10 16:00:00-04:00,10.47,11.752,10.1,11.39,129300
2005-05-11 16:00:00-04:00,11.41,11.75,11.3,11.47,64653
2005-05-12 16:00:00-04:00,11.5,11.7,10.95,11.31,56356
2005-05-13 16:00:00-04:00,11.59,11.662,11.36,11.63,29060
2005-05-16 16:00:00-04:00,11.6,12.9,11.51,12.57,303143
2005-05-17 16:00:00-04:00,12.74,14.74,12.43,13.95,197737
2005-05-18 16:00:00-04:00,14.23,14.3,13.65,13.99,235738
2005-05-19 16:00:00-04:00,14.0,14.03,13.93,13.99,31376
2005-05-20 16:00:00-04:00,14.0,14.04,13.79,13.88,41210
2005-05-23 16:00:00-04:00,14.0,14.02,13.37,14.0,99194
2005-05-24 16:00:00-04:00,14.03,14.2,13.9,14.0,85035
2005-05-25 16:00:00-04:00,13.85,14.15,13.5,14.05,56432
2005-05-26 16:00:00-04:00,13.95,14.6,13.95,14.01,56987
2005-05-27 16:00:00-04:00,14.22,14.25,14.0,14.2,17708
2005-05-31 16:00:00-04:00,14.32,14.32,13.69,14.0,827964
2005-06-01 16:00:00-04:00,14.25,14.26,13.58,13.91,22104
2005-06-02 16:00:00-04:00,13.84,13.84,13.5,13.56,51356
2005-06-03 16:00:00-04:00,13.54,13.81,13.5,13.74,25934
2005-06-06 16:00:00-04:00,13.84,14.0,13.75,14.0,39481
2005-06-07 16:00:00-04:00,14.05,14.59,14.02,14.59,43473
2005-06-08 16:00:00-04:00,14.58,15.08,14.58,14.9,75963
2005-06-09 16:00:00-04:00,14.9,15.29,14.46,14.89,101901
2005-06-10 16:00:00-04:00,14.96,15.58,14.65,15.08,31430
2005-06-13 16:00:00-04:00,15.59,15.99,15.2,15.4,49575
2005-06-14 16:00:00-04:00,15.9,15.9,14.95,15.08,53922
2005-06-15 16:00:00-04:00,14.92,15.5,14.92,15.39,31670
2005-06-16 16:00:00-04:00,15.395,15.5,15.07,15.25,32289
2005-06-17 16:00:00-04:00,15.5,15.5,15.0,15.2,38426
2005-06-20 16:00:00-04:00,15.3,15.3,14.9,15.01,32914
2005-06-21 16:00:00-04:00,14.95,15.0,14.01,14.44,47489
2005-06-22 16:00:00-04:00,14.25,14.26,13.226,13.53,43483
2005-06-23 16:00:00-04:00,13.28,13.45,12.5,12.73,22120
2005-06-24 16:00:00-04:00,12.48,12.98,11.9952,12.0,335686
2005-06-27 16:00:00-04:00,12.16,12.2,11.51,11.95,36318
2005-06-28 16:00:00-04:00,12.25,12.52,11.95,12.5,17383
2005-06-29 16:00:00-04:00,12.65,12.65,12.25,12.37,58662
2005-06-30 16:00:00-04:00,12.33,12.5,12.24,12.4,25017
2005-07-01 16:00:00-04:00,12.4,12.5,12.4,12.44,72523
2005-07-05 16:00:00-04:00,12.5,12.53,12.3,12.52,10683
2005-07-06 16:00:00-04:00,12.55,12.55,11.91,12.18,85212
2005-07-07 16:00:00-04:00,12.05,12.05,11.79,11.79,11170
2005-07-08 16:00:00-04:00,11.74,12.04,11.55,12.04,25762
2005-07-11 16:00:00-04:00,12.0,12.5,11.75,12.35,42139
2005-07-12 16:00:00-04:00,12.2,12.3,11.75,11.98,13893
2005-07-13 16:00:00-04:00,12.16,12.16,11.6,11.72,15642
2005-07-14 16:00:00-04:00,11.75,11.76,11.4,11.55,22240
2005-07-15 16:00:00-04:00,11.73,11.75,11.3219,11.54,37593
2005-07-18 16:00:00-04:00,11.74,11.74,11.54,11.62,92600
2005-07-19 16:00:00-04:00,11.65,11.77,11.5,11.52,20529
2005-07-20 16:00:00-04:00,11.64,11.75,11.05,11.2,47721
2005-07-21 16:00:00-04:00,11.14,11.77,11.1,11.25,17441
2005-07-22 16:00:00-04:00,11.43,11.59,11.22,11.48,23600
2005-07-25 16:00:00-04:00,11.61,11.61,10.39,10.43,46826
2005-07-26 16:00:00-04:00,10.5,11.6,10.5,11.0,82321
2005-07-27 16:00:00-04:00,11.19,11.19,10.76,11.0,20856
2005-07-28 16:00:00-04:00,11.0,11.0,10.83,11.0,39027
2005-07-29 16:00:00-04:00,11.0,11.02,10.73,11.02,61958
2005-08-01 16:00:00-04:00,11.19,11.91,11.16,11.6,32195
2005-08-02 16:00:00-04:00,11.6,11.75,11.43,11.73,11740
2005-08-03 16:00:00-04:00,11.73,11.75,11.46,11.6,48220
2005-08-04 16:00:00-04:00,11.6,11.67,11.01,11.08,12717
2005-08-05 16:00:00-04:00,11.45,11.45,10.82,10.85,17720
2005-08-08 16:00:00-04:00,10.842,10.842,10.0,10.39,39213
2005-08-09 16:00:00-04:00,10.9,10.9,10.24,10.25,28805
2005-08-10 16:00:00-04:00,10.26,10.45,9.95,10.2,25729
2005-08-11 16:00:00-04:00,10.35,10.35,9.9,10.0,26871
2005-08-12 16:00:00-04:00,10.1,10.25,9.94,10.12,43102
2005-08-15 16:00:00-04:00,10.25,10.2527,10.0,10.25,50681
2005-08-16 16:00:00-04:00,10.25,10.5,10.09,10.25,140351
2005-08-17 16:00:00-04:00,10.15,10.35,9.85,10.14,51808
2005-08-18 16:00:00-04:00,10.11,11.7,10.11,11.55,70151
2005-08-19 16:00:00-04:00,11.74,12.22,11.74,11.75,69550
2005-08-22 16:00:00-04:00,11.89,12.11,11.78,12.09,25047
2005-08-23 16:00:00-04:00,12.29,13.4,12.0,12.38,34583
2005-08-24 16:00:00-04:00,12.75,12.92,12.2,12.32,98972
2005-08-25 16:00:00-04:00,12.32,12.54,12.1,12.34,86524
2005-08-26 16:00:00-04:00,12.23,12.27,11.66,11.69,49469
2005-08-29 16:00:00-04:00,11.78,12.15,11.75,11.9,25666
2005-08-30 16:00:00-04:00,12.0,12.2,11.95,12.1,50361
2005-08-31 16:00:00-04:00,12.34,12.44,12.14,12.44,33777
2005-09-01 16:00:00-04:00,12.47,12.5,12.06,12.1,8151
2005-09-02 16:00:00-04:00,12.05,12.49,12.05,12.42,23559
2005-09-06 16:00:00-04:00,12.28,12.58,12.28,12.58,17882
2005-09-07 16:00:00-04:00,12.52,12.62,12.24,12.5,35260
2005-09-08 16:00:00-04:00,12.69,12.79,12.2,12.35,6782
2005-09-09 16:00:00-04:00,12.38,12.54,12.38,12.45,7542
2005-09-12 16:00:00-04:00,12.35,12.7,12.25,12.25,52296
2005-09-13 16:00:00-04:00,12.41,12.55,12.16,12.31,202753
2005-09-14 16:00:00-04:00,12.46,12.61,12.35,12.48,190875
2005-09-15 16:00:00-04:00,12.45,12.45,12.3,12.4,34956
2005-09-16 16:00:00-04:00,12.4,12.43,12.3,12.43,93408
2005-09-19 16:00:00-04:00,12.41,12.42,12.06,12.13,8894
2005-09-20 16:00:00-04:00,12.05,12.14,11.83,11.96,19554
2005-09-21 16:00:00-04:00,12.11,12.5,11.88,12.31,24255
2005-09-22 16:00:00-04:00,12.24,12.24,12.01,12.19,11118
2005-09-23 16:00:00-04:00,12.25,12.57,12.25,12.28,78848
2005-09-26 16:00:00-04:00,12.25,12.67,12.16,12.46,14690
2005-09-27 16:00:00-04:00,12.5,12.5,12.14,12.14,14969
2005-09-28 16:00:00-04:00,12.07,12.1,11.5,11.74,49381
2005-09-29 16:00:00-04:00,11.51,11.77,11.5,11.77,11015
2005-09-30 16:00:00-04:00,11.69,11.76,11.5,11.62,103119
2005-10-03 16:00:00-04:00,11.55,12.55,11.55,11.9,100847
2005-10-04 16:00:00-04:00,11.85,12.45,11.82,12.15,105640
2005-10-05 16:00:00-04:00,12.06,12.1,11.89,12.01,59433
2005-10-06 16:00:00-04:00,12.01,12.3,12.0,12.16,49883
2005-10-07 16:00:00-04:00,12.2,12.34,12.17,12.17,61032
2005-10-10 16:00:00-04:00,12.3,12.4,12.0,12.3,246010
2005-10-11 16:00:00-04:00,12.12,12.15,11.55,11.82,1073855
2005-10-12 16:00:00-04:00,11.68,11.7565,11.11,11.24,112714
2005-10-13 16:00:00-04:00,11.3,11.38,10.83,10.84,129825
2005-10-14 16:00:00-04:00,10.93,11.01,10.71,11.01,95434
2005-10-17 16:00:00-04:00,10.91,11.51,10.0,11.42,72975
2005-10-18 16:00:00-04:00,11.55,11.59,11.31,11.41,26629
2005-10-19 16:00:00-04:00,11.3,11.82,11.3,11.72,20918
2005-10-20 16:00:00-04:00,11.74,11.74,11.57,11.61,36902
2005-10-21 16:00:00-04:00,11.55,11.75,11.55,11.75,59937
2005-10-24 16:00:00-04:00,11.62,11.99,11.57,11.96,503981
2005-10-25 16:00:00-04:00,11.99,12.45,11.89,12.45,877146
2005-10-26 16:00:00-04:00,12.4499,12.85,12.1,12.79,69339
2005-10-27 16:00:00-04:00,12.97,12.97,12.29,12.44,137633
2005-10-28 16:00:00-04:00,12.5,12.71,12.35,12.61,87864
2005-10-31 16:00:00-05:00,12.63,13.14,12.63,13.01,196191
2005-11-01 16:00:00-05:00,13.15,13.55,13.05,13.45,258662
2005-11-02 16:00:00-05:00,13.34,14.0,12.47,13.68,123814
2005-11-03 16:00:00-05:00,13.71,13.9,13.7,13.8,53274
2005-11-04 16:00:00-05:00,13.76,13.77,13.08,13.27,32734
2005-11-07 16:00:00-05:00,13.4,13.4201,13.1,13.1,24120
2005-11-08 16:00:00-05:00,12.95,12.96,12.75,12.86,26694
2005-11-09 16:00:00-05:00,12.92,13.42,12.92,13.39,151225
2005-11-10 16:00:00-05:00,13.5,13.6,13.3,13.34,1188933
2005-11-11 16:00:00-05:00,13.3,13.7,13.3,13.53,89874
2005-11-14 16:00:00-05:00,13.53,14.33,13.53,14.12,73888
2005-11-15 16:00:00-05:00,14.27,14.38,13.79,13.91,36084
2005-11-16 16:00:00-05:00,13.94,13.98,13.81,13.9,38684
2005-11-17 16:00:00-05:00,13.7555,14.35,13.7555,14.19,77029
2005-11-18 16:00:00-05:00,14.46,14.46,13.98,14.39,50032
2005-11-21 16:00:00-05:00,14.49,15.0,14.44,14.88,41336
2005-11-22 16:00:00-05:00,15.0,15.01,14.22,15.01,51794
2005-11-23 16:00:00-05:00,14.95,15.65,14.82,15.2,50296
2005-11-25 16:00:00-05:00,15.2,15.4,15.15,15.2,8280
2005-11-28 16:00:00-05:00,15.27,15.27,14.1,14.11,91557
2005-11-29 16:00:00-05:00,14.55,14.75,13.92,13.96,70166
2005-11-30 16:00:00-05:00,14.03,14.25,13.9,14.02,74757
2005-12-01 16:00:00-05:00,14.25,14.3,14.0,14.03,86296
2005-12-02 16:00:00-05:00,14.0,14.57,13.89,14.57,181809
2005-12-05 16:00:00-05:00,14.4,14.55,14.0,14.14,39793
2005-12-06 16:00:00-05:00,14.01,14.4,14.0,14.26,23654
2005-12-07 16:00:00-05:00,14.4,14.4,14.29,14.3,12029
2005-12-08 16:00:00-05:00,14.17,14.3,14.12,14.23,12937
2005-12-09 16:00:00-05:00,14.16,14.5,14.16,14.49,13543
2005-12-12 16:00:00-05:00,14.45,14.86,14.03,14.16,77988
2005-12-13 16:00:00-05:00,14.27,14.27,13.99,14.1,20908
2005-12-14 16:00:00-05:00,13.81,14.1,13.81,14.0,27528
2005-12-15 16:00:00-05:00,14.0,15.28,14.0,15.28,94667
2005-12-16 16:00:00-05:00,15.25,15.5,15.2,15.43,76138
2005-12-19 16:00:00-05:00,15.51,16.17,15.4,15.95,56688
2005-12-20 16:00:00-05:00,16.0,16.07,15.96,15.99,91646
2005-12-21 16:00:00-05:00,16.09,16.09,15.41,15.56,43063
2005-12-22 16:00:00-05:00,15.53,15.9,15.41,15.51,39566
2005-12-23 16:00:00-05:00,15.5,16.06,15.46,15.58,37619
2005-12-27 16:00:00-05:00,15.47,15.63,15.47,15.55,24588
2005-12-28 16:00:00-05:00,15.64,15.74,15.51,15.6,22384
2005-12-29 16:00:00-05:00,15.64,15.69,15.21,15.21,33343
2005-12-30 16:00:00-05:00,15.29,15.29,14.83,14.92,38647
2006-01-03 16:00:00-05:00,14.985,14.985,14.5,14.5,40494
2006-01-04 16:00:00-05:00,14.64,15.8,14.6,15.25,133652
2006-01-05 16:00:00-05:00,15.43,15.84,15.15,15.8,90633
2006-01-06 16:00:00-05:00,15.98,16.26,15.65,15.65,94321
2006-01-09 16:00:00-05:00,15.75,16.2,15.58,15.58,108909
2006-01-10 16:00:00-05:00,15.55,15.77,15.21,15.6101,30572
2006-01-11 16:00:00-05:00,15.61,15.77,15.4,15.42,14176
2006-01-12 16:00:00-05:00,15.42,16.0,15.13,15.25,50245
2006-01-13 16:00:00-05:00,15.1,15.69,14.75,15.08,85307
2006-01-17 16:00:00-05:00,14.89,15.03,14.6,14.71,63527
2006-01-18 16:00:00-05:00,14.83,14.99,14.31,14.7,71104
2006-01-19 16:00:00-05:00,14.94,15.2,14.4,14.8,56210
2006-01-20 16:00:00-05:00,14.97,15.58,14.9,15.07,317657
2006-01-23 16:00:00-05:00,15.16,15.16,14.92,14.99,74321
2006-01-24 16:00:00-05:00,15.08,15.15,14.8,14.87,47540
2006-01-25 16:00:00-05:00,14.97,15.59,14.9,15.59,63537
2006-01-26 16:00:00-05:00,15.74,16.78,15.688,16.3,144013
2006-01-27 16:00:00-05:00,16.3,16.55,15.89,16.24,43329
2006-01-30 16:00:00-05:00,16.2,18.0,15.99,17.72,193964
2006-01-31 16:00:00-05:00,17.7,19.43,17.57,19.0,397450
2006-02-01 16:00:00-05:00,19.0,19.0,18.28,18.41,219778
2006-02-02 16:00:00-05:00,18.41,18.75,17.35,18.0,217674
2006-02-03 16:00:00-05:00,17.98,18.34,17.46,17.88,238576
2006-02-06 16:00:00-05:00,18.0,18.3,17.9,18.0,136564
2006-02-07 16:00:00-05:00,18.0,18.1,17.85,17.86,158067
2006-02-08 16:00:00-05:00,17.83,18.1,17.61,18.0,123186
2006-02-09 16:00:00-05:00,18.0,18.63,17.94,18.0,163336
2006-02-10 16:00:00-05:00,17.72,18.08,17.15,17.97,120019
2006-02-13 16:00:00-05:00,18.0,18.19,17.58,17.64,50919
2006-02-14 16:00:00-05:00,17.64,17.76,17.35,17.49,26379
2006-02-15 16:00:00-05:00,17.42,17.65,17.09,17.25,94486
2006-02-16 16:00:00-05:00,17.23,17.5,16.9,17.25,68616
2006-02-17 16:00:00-05:00,17.35,17.55,16.88,17.27,448613
2006-02-21 16:00:00-05:00,17.36,17.4,16.95,16.97,36027
2006-02-22 16:00:00-05:00,17.04,18.15,17.028,17.31,49725
2006-02-23 16:00:00-05:00,17.4,18.0,16.95,17.04,120605
2006-02-24 16:00:00-05:00,17.13,17.13,16.61,17.0,97205
2006-02-27 16:00:00-05:00,17.0,17.07,16.588,16.99,88663
2006-02-28 16:00:00-05:00,17.0,17.5,16.28,17.45,131796
2006-03-01 16:00:00-05:00,17.44,18.5,17.19,18.2,420891
2006-03-02 16:00:00-05:00,18.04,19.06,18.04,18.92,272915
2006-03-03 16:00:00-05:00,18.8,18.84,17.9,18.2,112592
2006-03-06 16:00:00-05:00,18.15,18.34,17.7,18.1,117517
2006-03-07 16:00:00-05:00,18.0,18.02,17.73,17.86,90465
2006-03-08 16:00:00-05:00,17.84,18.17,17.76,18.12,489057
2006-03-09 16:00:00-05:00,18.18,18.63,18.1,18.35,247361
2006-03-10 16:00:00-05:00,18.29,18.66,18.26,18.56,111732
2006-03-13 16:00:00-05:00,18.67,18.84,18.4,18.68,167422
2006-03-14 16:00:00-05:00,18.75,19.65,18.75,19.53,134948
2006-03-15 16:00:00-05:00,19.59,20.89,19.59,20.8,465793
2006-03-16 16:00:00-05:00,20.91,20.91,20.0,20.05,262923
2006-03-17 16:00:00-05:00,20.14,20.25,19.2,19.28,141649
2006-03-20 16:00:00-05:00,19.34,19.4,18.31,18.44,154632
2006-03-21 16:00:00-05:00,18.58,19.02,18.0,18.49,163536
2006-03-22 16:00:00-05:00,18.55,19.3,18.5,18.66,227736
2006-03-23 16:00:00-05:00,18.68,19.42,18.65,19.25,110917
2006-03-24 16:00:00-05:00,19.3,19.89,18.88,19.81,224727
2006-03-27 16:00:00-05:00,21.98,23.7,20.64,21.2,5283530
2006-03-28 16:00:00-05:00,21.95,22.0,20.35,21.06,1470089
2006-03-29 16:00:00-05:00,21.12,21.4,20.44,20.61,670369
2006-03-30 16:00:00-05:00,20.59,20.7,19.664,20.25,613655
2006-03-31 16:00:00-05:00,20.32,20.5,20.06,20.27,390737
2006-04-03 16:00:00-04:00,20.41,20.86,20.13,20.56,249472
2006-04-04 16:00:00-04:00,20.7,21.45,20.58,20.61,532128
2006-04-05 16:00:00-04:00,20.74,21.07,20.4,20.6,191577
2006-04-06 16:00:00-04:00,20.0,20.4,19.79,20.22,302033
2006-04-07 16:00:00-04:00,20.14,20.28,19.3,19.71,426859
2006-04-10 16:00:00-04:00,19.71,19.94,19.0,19.86,321544
2006-04-11 16:00:00-04:00,19.87,19.95,19.11,19.3,173069
2006-04-12 16:00:00-04:00,19.27,20.64,19.16,20.31,487125
2006-04-13 16:00:00-04:00,20.43,21.05,20.26,20.38,423010
2006-04-17 16:00:00-04:00,20.52,20.8,20.24,20.65,226642
2006-04-18 16:00:00-04:00,20.65,21.69,20.6,21.62,391952
2006-04-19 16:00:00-04:00,21.57,21.82,21.179,21.81,266956
2006-04-20 16:00:00-04:00,21.71,22.31,21.39,22.25,223386
2006-04-21 16:00:00-04:00,22.33,23.47,22.23,23.3,827567
2006-04-24 16:00:00-04:00,23.21,23.68,22.89,23.5,422494
2006-04-25 16:00:00-04:00,23.5,25.2,23.38,24.99,771996
2006-04-26 16:00:00-04:00,24.75,24.93,23.56,24.87,579947
2006-04-27 16:00:00-04:00,25.69,26.7,24.76,25.02,2567288
2006-04-28 16:00:00-04:00,25.07,25.24,24.75,25.16,443807
2006-05-01 16:00:00-04:00,25.16,25.52,24.9,25.05,286103
2006-05-02 16:00:00-04:00,25.0,25.25,24.9,25.13,877479
2006-05-03 16:00:00-04:00,25.02,25.66,24.62,25.27,349692
2006-05-04 16:00:00-04:00,25.03,25.85,25.03,25.8,281890
2006-05-05 16:00:00-04:00,25.9,26.0,25.07,25.25,292304
2006-05-08 16:00:00-04:00,25.15,25.18,24.05,24.55,504340
2006-05-09 16:00:00-04:00,24.42,24.42,23.11,23.48,553857
2006-05-10 16:00:00-04:00,23.48,23.95,22.75,23.21,416555
2006-05-11 16:00:00-04:00,23.3,23.75,22.2,22.3,396251
2006-05-12 16:00:00-04:00,22.3,22.46,21.7,22.05,345838
2006-05-15 16:00:00-04:00,22.05,22.15,21.21,21.81,381574
2006-05-16 16:00:00-04:00,20.5,22.35,20.32,22.04,881448
2006-05-17 16:00:00-04:00,22.0,22.05,21.5,21.84,459897
2006-05-18 16:00:00-04:00,21.93,21.98,21.18,21.18,329471
2006-05-19 16:00:00-04:00,21.19,21.39,20.83,21.0,382471
2006-05-22 16:00:00-04:00,20.85,21.05,20.4,20.72,436282
2006-05-23 16:00:00-04:00,20.86,21.88,20.64,21.04,558970
2006-05-24 16:00:00-04:00,21.0,21.16,20.35,20.82,371063
2006-05-25 16:00:00-04:00,21.02,21.05,20.15,20.6,409043
2006-05-26 16:00:00-04:00,20.76,20.76,18.75,19.8,1296990
2006-05-30 16:00:00-04:00,20.06,20.3,19.6,19.75,678287
2006-05-31 16:00:00-04:00,19.7,20.0,19.39,19.46,335413
2006-06-01 16:00:00-04:00,19.46,19.76,19.09,19.75,776746
2006-06-02 16:00:00-04:00,19.95,21.61,19.86,21.17,924524
2006-06-05 16:00:00-04:00,21.05,21.62,21.0,21.23,305001
2006-06-06 16:00:00-04:00,21.21,21.34,20.86,21.1,489817
2006-06-07 16:00:00-04:00,21.07,21.3,20.26,20.33,411368
2006-06-08 16:00:00-04:00,20.16,20.23,18.43,18.9,724033
2006-06-09 16:00:00-04:00,18.95,19.32,18.65,18.7,290607
2006-06-12 16:00:00-04:00,18.66,18.86,16.76,16.83,878021
2006-06-13 16:00:00-04:00,15.21,16.46,13.11,13.97,3280052
2006-06-14 16:00:00-04:00,13.99,14.09,12.82,13.9,943034
2006-06-15 16:00:00-04:00,13.88,14.34,13.25,13.49,630719
2006-06-16 16:00:00-04:00,13.46,13.59,13.16,13.52,687516
2006-06-19 16:00:00-04:00,13.59,14.05,13.43,13.58,451741
2006-06-20 16:00:00-04:00,13.65,13.86,13.35,13.44,420384
2006-06-21 16:00:00-04:00,13.45,13.45,12.77,12.83,514111
2006-06-22 16:00:00-04:00,12.84,12.91,11.78,12.1,841980
2006-06-23 16:00:00-04:00,12.09,12.73,11.9201,12.46,697232
2006-06-26 16:00:00-04:00,12.42,12.55,12.09,12.24,220774
2006-06-27 16:00:00-04:00,12.22,12.24,11.7,11.89,413396
2006-06-28 16:00:00-04:00,11.9,12.79,11.9,12.64,478043
2006-06-29 16:00:00-04:00,12.66,13.11,12.65,13.11,393467
2006-06-30 16:00:00-04:00,13.2,13.7,12.91,13.58,1740244
2006-07-03 16:00:00-04:00,13.47,13.95,13.45,13.79,196081
2006-07-05 16:00:00-04:00,13.7,13.75,13.0201,13.34,400490
2006-07-06 16:00:00-04:00,13.43,13.5,12.92,13.0,332137
2006-07-07 16:00:00-04:00,12.94,13.06,12.7,12.88,282419
2006-07-10 16:00:00-04:00,12.89,13.77,12.83,13.25,659194
2006-07-11 16:00:00-04:00,13.17,13.3,12.44,12.77,370879
2006-07-12 16:00:00-04:00,12.72,12.85,12.31,12.37,200818
2006-07-13 16:00:00-04:00,12.32,12.41,11.87,12.02,216057
2006-07-14 16:00:00-04:00,11.97,12.18,11.8,12.13,217552
2006-07-17 16:00:00-04:00,12.11,12.2,11.4,11.64,816457
2006-07-18 16:00:00-04:00,11.65,11.84,11.53,11.68,182501
2006-07-19 16:00:00-04:00,11.73,12.55,11.65,12.45,196299
2006-07-20 16:00:00-04:00,12.53,12.7,12.02,12.06,188576
2006-07-21 16:00:00-04:00,11.93,11.96,10.9,11.28,594150
2006-07-24 16:00:00-04:00,11.35,11.51,10.94,10.99,381839
2006-07-25 16:00:00-04:00,11.03,11.41,10.35,11.24,432048
2006-07-26 16:00:00-04:00,11.2,11.45,11.08,11.39,256673
2006-07-27 16:00:00-04:00,11.52,12.0,10.85,11.02,318723
2006-07-28 16:00:00-04:00,11.08,12.34,11.08,11.92,411737
2006-07-31 16:00:00-04:00,11.86,11.95,11.5,11.89,492456
2006-08-01 16:00:00-04:00,11.85,11.89,11.44,11.68,172038
2006-08-02 16:00:00-04:00,11.72,12.0,11.61,11.7,128772
2006-08-03 16:00:00-04:00,11.64,11.9,11.4,11.7,253132
2006-08-04 16:00:00-04:00,11.85,11.92,11.48,11.57,346273
2006-08-07 16:00:00-04:00,11.48,11.5,10.86,11.38,329450
2006-08-08 16:00:00-04:00,11.4,11.52,11.15,11.33,320646
2006-08-09 16:00:00-04:00,11.41,11.42,10.968,11.09,186480
2006-08-10 16:00:00-04:00,10.97,11.47,10.95,11.35,264824
2006-08-11 16:00:00-04:00,11.3,11.54,10.984,11.19,288471
2006-08-14 16:00:00-04:00,11.1,11.54,10.9,11.53,141015
2006-08-15 16:00:00-04:00,11.54,12.24,11.54,11.75,250050
2006-08-16 16:00:00-04:00,11.78,12.49,11.78,12.16,860142
2006-08-17 16:00:00-04:00,12.09,12.44,12.0,12.22,105235
2006-08-18 16:00:00-04:00,12.53,14.35,12.51,14.18,730377
2006-08-21 16:00:00-04:00,14.25,14.4,13.358,13.67,379691
2006-08-22 16:00:00-04:00,13.61,13.67,13.3,13.35,313463
2006-08-23 16:00:00-04:00,13.4,13.47,12.93,13.0,320047
2006-08-24 16:00:00-04:00,12.98,13.05,12.77,12.92,202508
2006-08-25 16:00:00-04:00,12.93,13.06,12.83,12.93,271699
2006-08-28 16:00:00-04:00,13.0,13.0,12.8,12.87,122202
2006-08-29 16:00:00-04:00,13.0,13.0,12.33,12.81,342336
2006-08-30 16:00:00-04:00,12.77,13.24,12.7,13.05,340143
2006-08-31 16:00:00-04:00,13.17,13.35,12.8,12.84,859507
2006-09-01 16:00:00-04:00,12.85,12.85,11.6,11.66,819453
2006-09-05 16:00:00-04:00,11.59,12.15,11.28,12.0,671411
2006-09-06 16:00:00-04:00,11.95,12.09,11.38,11.65,501086
2006-09-07 16:00:00-04:00,11.54,11.57,11.05,11.15,410403
2006-09-08 16:00:00-04:00,11.2,11.47,11.19,11.45,306442
2006-09-11 16:00:00-04:00,11.45,11.58,11.35,11.57,287747
2006-09-12 16:00:00-04:00,11.51,11.67,11.5,11.54,308345
2006-09-13 16:00:00-04:00,11.5,11.59,11.03,11.09,415876
2006-09-14 16:00:00-04:00,11.01,11.08,10.65,10.72,437984
2006-09-15 16:00:00-04:00,10.8,10.95,10.43,10.63,281173
2006-09-18 16:00:00-04:00,10.61,10.84,10.44,10.46,312419
2006-09-19 16:00:00-04:00,10.46,10.5,10.05,10.23,174346
2006-09-20 16:00:00-04:00,10.22,10.7,10.2101,10.57,198250
2006-09-21 16:00:00-04:00,10.58,10.77,10.25,10.71,143147
2006-09-22 16:00:00-04:00,10.71,11.08,10.36,10.46,314526
2006-09-25 16:00:00-04:00,10.5,10.65,10.19,10.55,103957
2006-09-26 16:00:00-04:00,10.59,10.74,10.45,10.7,124578
2006-09-27 16:00:00-04:00,10.73,11.21,10.63,10.94,343376
2006-09-28 16:00:00-04:00,11.02,11.02,10.74,10.78,168255
2006-09-29 16:00:00-04:00,10.74,11.39,10.72,11.13,334834
2006-10-02 16:00:00-04:00,11.1,11.29,10.9,11.02,201969
2006-10-03 16:00:00-04:00,10.95,10.99,10.5,10.67,288291
2006-10-04 16:00:00-04:00,10.6,10.83,10.37,10.69,434057
2006-10-05 16:00:00-04:00,10.75,11.25,10.6,11.21,295197
2006-10-06 16:00:00-04:00,11.13,11.68,11.09,11.15,335168
2006-10-09 16:00:00-04:00,11.13,11.35,11.04,11.14,142122
2006-10-10 16:00:00-04:00,11.14,12.0,11.11,11.91,168759
2006-10-11 16:00:00-04:00,11.99,12.17,11.36,11.54,258013
2006-10-12 16:00:00-04:00,11.64,11.81,11.45,11.54,241134
2006-10-13 16:00:00-04:00,11.6,11.6,11.14,11.22,336696
2006-10-16 16:00:00-04:00,11.2,11.2,10.88,10.97,302510
2006-10-17 16:00:00-04:00,10.99,11.05,10.75,10.98,167048
2006-10-18 16:00:00-04:00,11.08,11.08,10.45,10.55,605003
2006-10-19 16:00:00-04:00,10.55,10.6,9.95,10.2,387419
2006-10-20 16:00:00-04:00,10.2,10.28,9.69,9.8,874483
2006-10-23 16:00:00-04:00,9.81,9.99,9.7,9.79,891081
2006-10-24 16:00:00-04:00,9.15,9.3,8.6,9.03,3756072
2006-10-25 16:00:00-04:00,9.01,9.14,8.95,9.02,879123
2006-10-26 16:00:00-04:00,9.0,9.38,8.97,9.18,703657
2006-10-27 16:00:00-04:00,9.11,9.25,8.77,9.15,508115
2006-10-30 16:00:00-05:00,9.08,9.08,8.67,8.78,723191
2006-10-31 16:00:00-05:00,8.75,8.85,8.47,8.8,560853
2006-11-01 16:00:00-05:00,8.84,8.85,8.35,8.62,722800
2006-11-02 16:00:00-05:00,8.65,9.01,8.5,8.91,790955
2006-11-03 16:00:00-05:00,9.0,9.24,8.6,9.15,634985
2006-11-06 16:00:00-05:00,8.96,9.55,8.96,9.32,528979
2006-11-07 16:00:00-05:00,9.28,9.7,9.2,9.22,223872
2006-11-08 16:00:00-05:00,9.21,9.2401,8.94,9.06,259977
2006-11-09 16:00:00-05:00,9.05,9.92,8.96,9.2,505373
2006-11-10 16:00:00-05:00,9.3,9.78,9.22,9.71,370676
2006-11-13 16:00:00-05:00,9.8,10.27,9.76,10.23,164661
2006-11-14 16:00:00-05:00,10.3,10.69,10.29,10.59,416216
2006-11-15 16:00:00-05:00,10.55,10.63,10.25,10.5,393955
2006-11-16 16:00:00-05:00,10.53,10.66,10.33,10.48,250414
2006-11-17 16:00:00-05:00,10.48,10.63,10.25,10.57,272445
2006-11-20 16:00:00-05:00,10.53,11.02,10.5,10.83,212878
2006-11-21 16:00:00-05:00,10.88,11.9699,10.82,11.7,848604
2006-11-22 16:00:00-05:00,11.69,11.75,11.3,11.3,233252
2006-11-24 16:00:00-05:00,11.24,11.75,11.1,11.74,71604
2006-11-27 16:00:00-05:00,11.72,11.78,10.9,11.0,204798
2006-11-28 16:00:00-05:00,10.94,11.03,10.46,10.58,357260
2006-11-29 16:00:00-05:00,10.66,11.35,10.6,10.95,366159
2006-11-30 16:00:00-05:00,10.92,11.38,10.85,11.26,281749
2006-12-01 16:00:00-05:00,11.26,11.6,11.17,11.51,325662
2006-12-04 16:00:00-05:00,11.59,12.15,11.51,11.69,359516
2006-12-05 16:00:00-05:00,11.75,11.8,11.41,11.51,245793
2006-12-06 16:00:00-05:00,11.5,11.62,11.3,11.6,237305
2006-12-07 16:00:00-05:00,11.61,12.03,11.41,11.51,263461
2006-12-08 16:00:00-05:00,11.46,11.55,11.34,11.4,176429
2006-12-11 16:00:00-05:00,11.34,11.58,11.23,11.39,148574
2006-12-12 16:00:00-05:00,11.34,11.89,11.26,11.3,279863
2006-12-13 16:00:00-05:00,11.34,11.57,10.82,10.98,264021
2006-12-14 16:00:00-05:00,10.96,10.96,10.3,10.59,415797
2006-12-15 16:00:00-05:00,10.6,11.04,10.42,10.73,352435
2006-12-18 16:00:00-05:00,10.83,11.15,10.43,10.55,116742
2006-12-19 16:00:00-05:00,10.52,11.0,10.4,10.79,205944
2006-12-20 16:00:00-05:00,10.83,11.13,10.68,11.02,223488
2006-12-21 16:00:00-05:00,11.01,11.05,10.2,10.22,574905
2006-12-22 16:00:00-05:00,10.25,10.37,9.86,10.0,430894
2006-12-26 16:00:00-05:00,10.02,10.4,10.02,10.31,298468
2006-12-27 16:00:00-05:00,10.29,10.31,10.05,10.23,216712
2006-12-28 16:00:00-05:00,10.24,10.28,9.9,10.07,274138
2006-12-29 16:00:00-05:00,10.04,10.05,9.72,9.86,337853
2007-01-03 16:00:00-05:00,9.96,10.11,9.75,9.88,393198
2007-01-04 16:00:00-05:00,9.82,9.89,9.59,9.79,167277
2007-01-05 16:00:00-05:00,9.73,9.9,9.45,9.68,494114
2007-01-08 16:00:00-05:00,9.66,10.05,9.55,9.64,331985
2007-01-09 16:00:00-05:00,9.63,9.73,9.4,9.42,422845
2007-01-10 16:00:00-05:00,9.36,9.48,9.18,9.47,854597
2007-01-11 16:00:00-05:00,9.35,9.52,8.8,9.16,1627425
2007-01-12 16:00:00-05:00,9.1,9.15,8.8,8.99,406960
2007-01-16 16:00:00-05:00,8.99,9.0,8.5,8.6,666316
2007-01-17 16:00:00-05:00,8.61,8.95,8.52,8.81,531347
2007-01-18 16:00:00-05:00,8.79,8.82,8.498,8.53,349446
2007-01-19 16:00:00-05:00,8.51,8.76,8.03,8.71,1507098
2007-01-22 16:00:00-05:00,8.72,8.72,8.35,8.43,363695
2007-01-23 16:00:00-05:00,8.4,8.53,8.308,8.52,393792
2007-01-24 16:00:00-05:00,8.51,8.97,8.43,8.91,540450
2007-01-25 16:00:00-05:00,8.97,9.04,8.64,9.0,437127
2007-01-26 16:00:00-05:00,9.0,9.1378,8.75,9.01,247238
2007-01-29 16:00:00-05:00,8.96,9.58,8.86,9.2,609004
2007-01-30 16:00:00-05:00,9.2,9.24,8.99,9.11,191253
2007-01-31 16:00:00-05:00,9.08,9.08,8.75,8.9,423180
2007-02-01 16:00:00-05:00,8.99,9.04,8.81,8.95,320100
2007-02-02 16:00:00-05:00,8.95,9.1,8.85,8.9,315454
2007-02-05 16:00:00-05:00,8.92,9.25,8.82,9.0,290244
2007-02-06 16:00:00-05:00,9.01,9.05,8.8244,8.89,211567
2007-02-07 16:00:00-05:00,8.87,8.92,8.81,8.85,165082
2007-02-08 16:00:00-05:00,8.83,8.88,8.66,8.8,361993
2007-02-09 16:00:00-05:00,8.8,8.86,8.65,8.78,368058
2007-02-12 16:00:00-05:00,8.8,8.8,8.5,8.63,345338
2007-02-13 16:00:00-05:00,8.61,8.99,8.52,8.98,230346
2007-02-14 16:00:00-05:00,8.96,9.05,8.68,8.8,194308
2007-02-15 16:00:00-05:00,8.85,8.88,8.71,8.86,174073
2007-02-16 16:00:00-05:00,8.87,8.94,8.66,8.82,137821
2007-02-20 16:00:00-05:00,8.79,9.04,8.79,9.0,191366
2007-02-21 16:00:00-05:00,8.95,8.99,8.66,8.74,82618
2007-02-22 16:00:00-05:00,8.73,8.93,8.61,8.71,116309
2007-02-23 16:00:00-05:00,8.71,9.39,8.71,9.25,472932
2007-02-26 16:00:00-05:00,9.32,9.32,9.01,9.06,160055
2007-02-27 16:00:00-05:00,9.01,9.03,8.24,8.48,268572
2007-02-28 16:00:00-05:00,8.5,8.62,8.0,8.09,817141
2007-03-01 16:00:00-05:00,8.0,8.33,7.79,7.94,688555
2007-03-02 16:00:00-05:00,7.87,8.0,6.69,6.78,768900
2007-03-05 16:00:00-05:00,6.68,6.6999,6.17,6.5,809010
2007-03-06 16:00:00-05:00,6.5,7.0,6.47,6.97,948888
2007-03-07 16:00:00-05:00,6.94,7.42,6.87,7.38,690384
2007-03-08 16:00:00-05:00,7.21,7.43,7.2,7.33,306352
2007-03-09 16:00:00-05:00,7.37,7.43,7.17,7.25,191428
2007-03-12 16:00:00-04:00,7.53,7.55,7.33,7.42,264804
2007-03-13 16:00:00-04:00,7.32,7.41,7.25,7.35,307289
2007-03-14 16:00:00-04:00,7.36,7.36,7.13,7.34,162750
2007-03-15 16:00:00-04:00,7.3,7.3,7.11,7.25,245295
2007-03-16 16:00:00-04:00,7.27,7.39,6.8,7.0,366178
2007-03-19 16:00:00-04:00,7.04,7.16,6.87,6.94,105727
2007-03-20 16:00:00-04:00,6.93,7.04,6.9,7.0,270502
2007-03-21 16:00:00-04:00,7.0,7.0,6.93,7.0,131755
2007-03-22 16:00:00-04:00,7.04,7.28,7.04,7.21,155321
2007-03-23 16:00:00-04:00,7.21,7.55,7.2,7.3,210994
2007-03-26 16:00:00-04:00,7.29,7.37,7.24,7.3,117470
2007-03-27 16:00:00-04:00,7.29,7.43,7.25,7.29,125647
2007-03-28 16:00:00-04:00,7.27,7.38,7.2,7.25,132024
2007-03-29 16:00:00-04:00,7.34,7.78,7.23,7.7,448543
2007-03-30 16:00:00-04:00,7.75,7.88,7.73,7.86,193864
2007-04-02 16:00:00-04:00,7.88,7.88,7.6,7.72,194922
2007-04-03 16:00:00-04:00,7.74,7.94,7.65,7.89,208942
2007-04-04 16:00:00-04:00,7.87,7.87,7.644,7.66,72902
2007-04-05 16:00:00-04:00,7.65,7.71,7.55,7.64,76363
2007-04-09 16:00:00-04:00,7.8,9.14,7.8,8.83,943666
2007-04-10 16:00:00-04:00,8.85,9.06,8.52,8.67,243230
2007-04-11 16:00:00-04:00,8.69,8.69,8.23,8.31,196132
2007-04-12 16:00:00-04:00,8.31,8.59,8.31,8.41,196033
2007-04-13 16:00:00-04:00,8.47,8.48,8.11,8.17,194931
2007-04-16 16:00:00-04:00,8.24,8.42,8.0,8.35,256709
2007-04-17 16:00:00-04:00,8.39,8.51,8.25,8.35,210212
2007-04-18 16:00:00-04:00,8.34,8.36,8.2,8.25,128363
2007-04-19 16:00:00-04:00,8.26,8.33,7.92,7.94,164515
2007-04-20 16:00:00-04:00,8.07,8.33,7.89,8.25,164283
2007-04-23 16:00:00-04:00,8.2,8.25,7.93,8.15,185252
2007-04-24 16:00:00-04:00,8.2,8.28,7.9,7.98,364456
2007-04-25 16:00:00-04:00,8.0,8.34,8.0,8.16,572059
2007-04-26 16:00:00-04:00,8.17,8.28,7.96,8.26,159804
2007-04-27 16:00:00-04:00,8.13,8.3,8.12,8.17,155036
2007-04-30 16:00:00-04:00,8.22,8.28,7.944,7.97,230809
2007-05-01 16:00:00-04:00,7.97,7.97,7.65,7.72,507627
2007-05-02 16:00:00-04:00,7.76,7.81,7.61,7.7,371678
2007-05-03 16:00:00-04:00,7.69,7.71,7.39,7.47,192948
2007-05-04 16:00:00-04:00,7.5,7.5,7.12,7.38,265924
2007-05-07 16:00:00-04:00,7.36,7.56,7.36,7.52,153542
2007-05-08 16:00:00-04:00,7.55,7.65,7.21,7.4,293190
2007-05-09 16:00:00-04:00,7.3,7.57,7.3,7.53,129118
2007-05-10 16:00:00-04:00,7.35,7.8,7.34,7.73,386467
2007-05-11 16:00:00-04:00,7.78,7.91,7.49,7.63,211362
2007-05-14 16:00:00-04:00,7.6,7.73,7.41,7.47,86940
2007-05-15 16:00:00-04:00,7.44,7.55,7.2,7.2,155925
2007-05-16 16:00:00-04:00,7.24,7.404,7.01,7.15,114487
2007-05-17 16:00:00-04:00,7.15,7.15,6.9,6.91,212652
2007-05-18 16:00:00-04:00,6.94,7.01,6.83,6.87,249127
2007-05-21 16:00:00-04:00,6.87,7.31,6.87,7.1,221493
2007-05-22 16:00:00-04:00,7.1,7.34,7.1,7.28,117189
2007-05-23 16:00:00-04:00,7.28,7.37,7.07,7.31,130784
2007-05-24 16:00:00-04:00,7.28,7.29,6.9,7.11,197886
2007-05-25 16:00:00-04:00,7.15,7.4,7.06,7.19,112204
2007-05-29 16:00:00-04:00,7.23,7.29,6.98,7.02,119966
2007-05-30 16:00:00-04:00,6.95,7.01,6.63,6.7,233988
2007-05-31 16:00:00-04:00,6.7,6.75,6.38,6.56,511364
2007-06-01 16:00:00-04:00,7.1,7.14,6.45,6.49,895128
2007-06-04 16:00:00-04:00,6.48,6.62,6.44,6.56,328218
2007-06-05 16:00:00-04:00,6.61,6.65,6.46,6.57,242140
2007-06-06 16:00:00-04:00,6.45,6.65,6.41,6.57,229734
2007-06-07 16:00:00-04:00,6.55,6.63,6.51,6.62,210113
2007-06-08 16:00:00-04:00,6.49,6.76,6.4,6.54,208907
2007-06-11 16:00:00-04:00,6.53,6.65,6.45,6.56,154507
2007-06-12 16:00:00-04:00,6.54,6.73,6.41,6.62,183755
2007-06-13 16:00:00-04:00,6.65,6.65,6.42,6.55,161574
2007-06-14 16:00:00-04:00,6.58,6.79,6.53,6.77,139194
2007-06-15 16:00:00-04:00,6.9,6.9,6.75,6.82,230449
2007-06-18 16:00:00-04:00,6.82,6.86,6.7,6.73,101343
2007-06-19 16:00:00-04:00,6.7,6.89,6.63,6.85,107265
2007-06-20 16:00:00-04:00,6.89,7.58,6.85,7.45,495567
2007-06-21 16:00:00-04:00,7.59,7.73,7.32,7.7,278316
2007-06-22 16:00:00-04:00,7.74,7.95,7.54,7.83,2097841
2007-06-25 16:00:00-04:00,7.79,8.2,7.75,8.13,444676
2007-06-26 16:00:00-04:00,8.14,8.32,7.72,8.28,387352
2007-06-27 16:00:00-04:00,8.22,8.35,7.96,8.09,373328
2007-06-28 16:00:00-04:00,8.0,8.25,7.87,7.95,339886
2007-06-29 16:00:00-04:00,7.95,8.3,7.95,8.19,501044
2007-07-02 16:00:00-04:00,8.19,8.44,8.19,8.38,209691
2007-07-03 16:00:00-04:00,8.41,8.49,8.2,8.42,157243
2007-07-05 16:00:00-04:00,8.4,8.5,8.11,8.34,127590
2007-07-06 16:00:00-04:00,8.37,8.55,8.33,8.53,411437
2007-07-09 16:00:00-04:00,8.53,9.38,8.51,9.21,744470
2007-07-10 16:00:00-04:00,9.59,9.59,9.2,9.26,372054
2007-07-11 16:00:00-04:00,9.38,9.41,9.05,9.12,295935
2007-07-12 16:00:00-04:00,9.1699,9.5,9.08,9.41,257052
2007-07-13 16:00:00-04:00,9.41,9.74,9.41,9.68,369524
2007-07-16 16:00:00-04:00,9.68,9.76,9.49,9.505,292288
2007-07-17 16:00:00-04:00,9.45,9.65,9.44,9.51,260222
2007-07-18 16:00:00-04:00,9.46,9.65,9.36,9.4,357666
2007-07-19 16:00:00-04:00,9.64,9.74,9.36,9.45,257899
2007-07-20 16:00:00-04:00,9.46,9.56,9.26,9.52,56548
2007-07-23 16:00:00-04:00,9.55,9.55,8.92,9.03,258755
2007-07-24 16:00:00-04:00,8.31,8.86,8.09,8.58,420466
2007-07-25 16:00:00-04:00,8.69,9.1,8.24,8.62,434619
2007-07-26 16:00:00-04:00,8.63,8.68,7.97,8.33,647259
2007-07-27 16:00:00-04:00,8.34,8.34,8.09,8.18,240444
2007-07-30 16:00:00-04:00,8.17,8.4,8.08,8.3,251336
2007-07-31 16:00:00-04:00,7.82,8.3,7.8,8.03,378491
2007-08-01 16:00:00-04:00,8.0,8.03,7.31,7.43,534046
2007-08-02 16:00:00-04:00,7.51,7.8,7.05,7.79,319968
2007-08-03 16:00:00-04:00,7.78,8.13,7.54,7.7,355039
2007-08-06 16:00:00-04:00,7.7,7.71,7.3,7.53,442455
2007-08-07 16:00:00-04:00,7.52,8.2278,7.4601,8.03,612471
2007-08-08 16:00:00-04:00,8.23,9.52,7.86,9.2,1314403
2007-08-09 16:00:00-04:00,9.14,10.05,9.14,9.56,1905033
2007-08-10 16:00:00-04:00,9.25,9.32,8.41,8.72,709782
2007-08-13 16:00:00-04:00,8.73,8.73,7.75,8.42,637192
2007-08-14 16:00:00-04:00,8.5,8.54,7.95,8.05,380907
2007-08-15 16:00:00-04:00,8.03,8.16,7.98,8.01,180318
2007-08-16 16:00:00-04:00,8.06,8.73,7.92,8.56,291916
2007-08-17 16:00:00-04:00,8.47,9.04,8.47,8.99,320471
2007-08-20 16:00:00-04:00,9.02,9.15,8.92,9.13,144857
2007-08-21 16:00:00-04:00,9.08,9.21,9.0,9.13,180941
2007-08-22 16:00:00-04:00,9.19,9.27,8.87,9.19,333480
2007-08-23 16:00:00-04:00,9.19,9.23,8.86,8.9,218073
2007-08-24 16:00:00-04:00,8.91,8.91,8.7,8.81,157427
2007-08-27 16:00:00-04:00,8.74,8.81,8.43,8.75,175317
2007-08-28 16:00:00-04:00,8.75,9.1,8.75,8.92,95990
2007-08-29 16:00:00-04:00,8.95,9.0,8.75,8.965,102100
2007-08-30 16:00:00-04:00,8.92,9.07,8.91,8.93,332641
2007-08-31 16:00:00-04:00,9.01,9.31,8.75,9.2,108473
2007-09-04 16:00:00-04:00,9.1301,9.24,9.09,9.19,95780
2007-09-05 16:00:00-04:00,9.15,9.48,8.94,9.21,212708
2007-09-06 16:00:00-04:00,9.2904,9.4,9.12,9.31,131316
2007-09-07 16:00:00-04:00,9.18,9.44,9.18,9.4,131430
2007-09-10 16:00:00-04:00,9.39,9.64,9.33,9.62,129567
2007-09-11 16:00:00-04:00,9.62,9.76,9.5,9.55,143927
2007-09-12 16:00:00-04:00,9.55,9.8,9.24,9.45,164530
2007-09-13 16:00:00-04:00,9.47,9.73,9.31,9.4,139829
2007-09-14 16:00:00-04:00,9.44,9.74,9.21,9.26,134194
2007-09-17 16:00:00-04:00,9.22,9.52,9.22,9.42,107429
2007-09-18 16:00:00-04:00,9.54,9.61,9.35,9.43,140127
2007-09-19 16:00:00-04:00,9.54,9.72,9.5,9.71,157696
2007-09-20 16:00:00-04:00,9.65,9.83,9.27,9.36,207378
2007-09-21 16:00:00-04:00,9.37,9.67,9.3,9.64,280243
2007-09-24 16:00:00-04:00,9.74,9.77,9.47,9.5,178124
2007-09-25 16:00:00-04:00,9.48,9.71,9.48,9.61,135174
2007-09-26 16:00:00-04:00,9.65,9.69,9.46,9.57,111674
2007-09-27 16:00:00-04:00,9.68,9.93,9.58,9.7,159953
2007-09-28 16:00:00-04:00,9.75,10.0,9.65,10.0,119603
2007-10-01 16:00:00-04:00,10.0,10.91,9.92,10.44,227693
2007-10-02 16:00:00-04:00,10.51,10.81,10.28,10.36,561682
2007-10-03 16:00:00-04:00,10.34,10.64,10.2501,10.58,258652
2007-10-04 16:00:00-04:00,10.67,10.74,10.3,10.34,149316
2007-10-05 16:00:00-04:00,10.46,10.7,10.33,10.65,216451
2007-10-08 16:00:00-04:00,10.61,10.65,10.35,10.61,108705
2007-10-09 16:00:00-04:00,10.62,10.74,10.4935,10.66,199911
2007-10-10 16:00:00-04:00,10.64,10.64,10.2,10.41,113642
2007-10-11 16:00:00-04:00,10.43,10.63,10.04,10.25,133256
2007-10-12 16:00:00-04:00,10.23,10.37,10.0,10.07,127960
2007-10-15 16:00:00-04:00,9.7,9.8,9.27,9.29,289969
2007-10-16 16:00:00-04:00,9.24,9.24,8.81,8.84,216415
2007-10-17 16:00:00-04:00,8.9,9.09,8.66,8.98,184844
2007-10-18 16:00:00-04:00,8.87,9.14,8.33,9.07,280710
2007-10-19 16:00:00-04:00,9.08,9.1,8.59,8.59,284327
2007-10-22 16:00:00-04:00,8.61,9.08,8.51,8.84,111101
2007-10-23 16:00:00-04:00,8.93,9.3,8.83,9.26,213346
2007-10-24 16:00:00-04:00,9.15,9.24,8.94,9.16,62597
2007-10-25 16:00:00-04:00,9.16,9.31,9.03,9.2,83903
2007-10-26 16:00:00-04:00,9.29,9.29,8.4,8.44,365710
2007-10-29 16:00:00-04:00,8.55,8.95,8.4,8.6,181699
2007-10-30 16:00:00-04:00,8.49,8.79,8.12,8.12,290053
2007-10-31 16:00:00-04:00,8.17,9.55,8.17,9.3,533316
2007-11-01 16:00:00-04:00,9.14,9.18,8.92,9.06,199179
2007-11-02 16:00:00-04:00,9.13,9.13,8.69,8.94,120492
2007-11-05 16:00:00-05:00,8.79,8.84,8.51,8.73,107837
2007-11-06 16:00:00-05:00,8.8,8.835,8.42,8.79,111165
2007-11-07 16:00:00-05:00,8.7,8.75,8.48,8.48,98569
2007-11-08 16:00:00-05:00,8.55,8.55,8.32,8.4,79090
2007-11-09 16:00:00-05:00,8.35,8.62,8.26,8.61,144308
2007-11-12 16:00:00-05:00,8.59,8.65,8.4,8.45,123955
2007-11-13 16:00:00-05:00,8.51,8.64,8.49,8.6,123573
2007-11-14 16:00:00-05:00,8.65,9.14,8.65,9.14,145751
2007-11-15 16:00:00-05:00,9.08,9.11,8.88,8.89,81655
2007-11-16 16:00:00-05:00,9.0,9.98,8.9,9.037,230912
2007-11-19 16:00:00-05:00,8.99,8.99,8.64,8.76,91587
2007-11-20 16:00:00-05:00,8.74,8.8,8.38,8.6,121296
2007-11-21 16:00:00-05:00,8.51,8.52,8.31,8.33,43253
2007-11-23 16:00:00-05:00,8.38,8.42,8.31,8.4,24987
2007-11-26 16:00:00-05:00,8.39,8.62,8.19,8.56,98815
2007-11-27 16:00:00-05:00,8.56,8.56,8.24,8.29,136359
2007-11-28 16:00:00-05:00,8.34,8.61,8.15,8.56,160848
2007-11-29 16:00:00-05:00,8.53,8.64,8.31,8.49,39577
2007-11-30 16:00:00-05:00,8.57,8.98,8.56,8.65,123259
2007-12-03 16:00:00-05:00,8.63,9.0,8.57,8.7,128912
2007-12-04 16:00:00-05:00,8.6,9.0,8.47,8.75,79369
2007-12-05 16:00:00-05:00,8.84,8.84,8.35,8.43,84790
2007-12-06 16:00:00-05:00,8.44,9.13,8.41,9.13,74646
2007-12-07 16:00:00-05:00,9.13,9.52,9.0,9.34,82866
2007-12-10 16:00:00-05:00,9.33,9.65,9.26,9.3,79778
2007-12-11 16:00:00-05:00,9.48,9.48,8.83,8.9,67264
2007-12-12 16:00:00-05:00,9.0,9.0,8.44,8.52,109758
2007-12-13 16:00:00-05:00,8.47,8.52,8.06,8.35,146075
2007-12-14 16:00:00-05:00,8.35,8.35,7.97,7.98,124107
2007-12-17 16:00:00-05:00,7.97,8.22,7.72,7.82,158390
2007-12-18 16:00:00-05:00,7.88,7.99,7.55,7.67,87262
2007-12-19 16:00:00-05:00,7.62,7.84,7.6,7.61,71178
2007-12-20 16:00:00-05:00,7.66,8.53,7.66,8.15,135554
2007-12-21 16:00:00-05:00,8.29,8.92,8.29,8.92,186099
2007-12-24 16:00:00-05:00,8.93,9.58,8.815,9.38,93526
2007-12-26 16:00:00-05:00,9.38,9.6,9.15,9.25,143404
2007-12-27 16:00:00-05:00,9.23,9.47,9.03,9.1,145548
2007-12-28 16:00:00-05:00,9.14,9.24,8.5401,8.67,86696
2007-12-31 16:00:00-05:00,8.63,9.1,8.63,8.83,140927
2008-01-02 16:00:00-05:00,9.05,9.27,8.82,8.95,139604
2008-01-03 16:00:00-05:00,8.92,9.03,8.81,8.84,86980
2008-01-04 16:00:00-05:00,8.79,8.81,8.49,8.7,133983
2008-01-07 16:00:00-05:00,8.78,9.07,8.41,8.5,117208
2008-01-08 16:00:00-05:00,8.47,8.47,8.14,8.28,129620
2008-01-09 16:00:00-05:00,8.24,8.56,7.87,8.26,620907
2008-01-10 16:00:00-05:00,8.27,8.81,8.02,8.6,323191
2008-01-11 16:00:00-05:00,8.51,8.83,8.5,8.55,184525
2008-01-14 16:00:00-05:00,8.66,9.0,8.58,8.85,386463
2008-01-15 16:00:00-05:00,8.75,9.37,8.75,9.36,370135
2008-01-16 16:00:00-05:00,9.37,10.02,9.12,9.61,359456
2008-01-17 16:00:00-05:00,9.61,9.84,9.06,9.47,214945
2008-01-18 16:00:00-05:00,9.44,9.45,8.87,8.9,131387
2008-01-22 16:00:00-05:00,9.02,9.11,8.83,9.05,161349
2008-01-23 16:00:00-05:00,8.99,9.33,8.6,9.02,220663
2008-01-24 16:00:00-05:00,9.02,9.18,8.06,8.26,339608
2008-01-25 16:00:00-05:00,8.08,9.06,8.0,9.01,318516
2008-01-28 16:00:00-05:00,8.96,9.21,8.83,9.08,145631
2008-01-29 16:00:00-05:00,9.09,9.11,8.86,8.94,99859
2008-01-30 16:00:00-05:00,8.88,9.09,8.56,8.56,85987
2008-01-31 16:00:00-05:00,8.54,8.82,8.41,8.41,177526
2008-02-01 16:00:00-05:00,8.29,8.79,8.29,8.64,100693
2008-02-04 16:00:00-05:00,8.7,8.88,8.39,8.44,112226
2008-02-05 16:00:00-05:00,8.41,8.5,8.22,8.29,70528
2008-02-06 16:00:00-05:00,8.3,8.36,8.0,8.07,143169
2008-02-07 16:00:00-05:00,8.02,8.16,7.67,8.06,187412
2008-02-08 16:00:00-05:00,8.07,8.19,7.65,7.99,169752
2008-02-11 16:00:00-05:00,7.92,8.3,7.9,8.3,140694
2008-02-12 16:00:00-05:00,8.39,8.51,8.26,8.41,152453
2008-02-13 16:00:00-05:00,8.26,9.0,8.26,8.95,133855
2008-02-14 16:00:00-05:00,8.92,9.02,8.07,8.28,208991
2008-02-15 16:00:00-05:00,8.2,8.32,7.97,8.0,186731
2008-02-19 16:00:00-05:00,8.1,8.78,8.1,8.49,92555
2008-02-20 16:00:00-05:00,8.34,8.41,7.9,7.9,128205
2008-02-21 16:00:00-05:00,7.96,8.0,7.78,8.0,122233
2008-02-22 16:00:00-05:00,7.92,7.98,7.66,7.77,108317
2008-02-25 16:00:00-05:00,7.65,8.1,7.65,7.83,73154
2008-02-26 16:00:00-05:00,8.04,8.13,7.71,7.75,158056
2008-02-27 16:00:00-05:00,7.77,7.91,7.67,7.78,156768
2008-02-28 16:00:00-05:00,7.75,7.75,7.48,7.54,79950
2008-02-29 16:00:00-05:00,7.52,7.68,7.26,7.37,133894
2008-03-03 16:00:00-05:00,7.31,7.45,6.9,6.97,102419
2008-03-04 16:00:00-05:00,6.93,7.72,6.76,7.49,236723
2008-03-05 16:00:00-05:00,7.51,7.59,7.25,7.35,100391
2008-03-06 16:00:00-05:00,7.24,7.34,6.86,6.92,203659
2008-03-07 16:00:00-05:00,6.83,7.07,6.83,6.99,126707
2008-03-10 16:00:00-04:00,6.93,6.95,5.99,6.05,437319
2008-03-11 16:00:00-04:00,6.22,6.22,5.52,5.68,373387
2008-03-12 16:00:00-04:00,5.44,5.49,4.12,4.66,1460145
2008-03-13 16:00:00-04:00,4.5,4.86,4.27,4.48,380944
2008-03-14 16:00:00-04:00,4.79,5.05,4.66,4.68,557925
2008-03-17 16:00:00-04:00,4.78,4.91,4.16,4.23,511527
2008-03-18 16:00:00-04:00,4.39,4.51,3.71,3.85,596130
2008-03-19 16:00:00-04:00,3.72,4.17,3.69,3.7,532651
2008-03-20 16:00:00-04:00,3.72,4.33,3.7,3.98,872998
2008-03-24 16:00:00-04:00,4.0,4.47,3.91,4.32,466393
2008-03-25 16:00:00-04:00,4.29,4.36,4.11,4.2,883321
2008-03-26 16:00:00-04:00,4.2,4.65,4.1,4.29,325500
2008-03-27 16:00:00-04:00,4.32,4.69,4.2,4.62,206740
2008-03-28 16:00:00-04:00,4.59,4.74,4.04,4.07,271721
2008-03-31 16:00:00-04:00,4.2,4.39,4.06,4.14,284796
2008-04-01 16:00:00-04:00,4.1,4.2799,3.97,3.99,419624
2008-04-02 16:00:00-04:00,4.02,4.05,3.94,4.0,210202
2008-04-03 16:00:00-04:00,4.03,4.2,3.96,4.17,112215
2008-04-04 16:00:00-04:00,4.14,4.48,4.09,4.44,281804
2008-04-07 16:00:00-04:00,4.54,5.47,4.5,5.14,419384
2008-04-08 16:00:00-04:00,5.17,5.54,5.0,5.48,409448
2008-04-09 16:00:00-04:00,5.44,5.92,5.4,5.69,345496
2008-04-10 16:00:00-04:00,5.64,5.95,5.5,5.87,256240
2008-04-11 16:00:00-04:00,5.78,5.94,5.604,5.81,193259
2008-04-14 16:00:00-04:00,5.81,5.81,5.42,5.64,229145
2008-04-15 16:00:00-04:00,5.61,5.65,5.25,5.33,246770
2008-04-16 16:00:00-04:00,5.32,5.93,5.22,5.85,204461
2008-04-17 16:00:00-04:00,5.8,6.18,5.6,5.81,185451
2008-04-18 16:00:00-04:00,6.29,7.3,6.27,7.05,1156596
2008-04-21 16:00:00-04:00,6.83,7.47,6.64,7.32,566912
2008-04-22 16:00:00-04:00,7.32,7.36,7.03,7.19,453965
2008-04-23 16:00:00-04:00,7.26,7.44,7.17,7.35,310523
2008-04-24 16:00:00-04:00,7.29,7.44,7.17,7.41,631243
2008-04-25 16:00:00-04:00,7.38,7.85,7.35,7.82,301625
2008-04-28 16:00:00-04:00,7.82,8.2,7.65,8.01,221581
2008-04-29 16:00:00-04:00,7.94,8.07,7.61,7.81,232219
2008-04-30 16:00:00-04:00,7.7958,8.065,7.63,7.7,359617
2008-05-01 16:00:00-04:00,7.73,7.89,7.6,7.88,166419
2008-05-02 16:00:00-04:00,7.9,7.9,7.17,7.24,157364
2008-05-05 16:00:00-04:00,7.28,7.48,7.18,7.4,194272
2008-05-06 16:00:00-04:00,7.48,7.56,7.27,7.47,339370
2008-05-07 16:00:00-04:00,7.49,7.5,6.73,6.8,342209
2008-05-08 16:00:00-04:00,6.82,6.87,6.61,6.85,137920
2008-05-09 16:00:00-04:00,6.67,6.71,6.32,6.4,291066
2008-05-12 16:00:00-04:00,6.43,7.33,6.43,7.2,256937
2008-05-13 16:00:00-04:00,7.25,7.26,6.95,7.26,195313
2008-05-14 16:00:00-04:00,7.31,7.58,7.12,7.14,179828
2008-05-15 16:00:00-04:00,7.18,7.99,7.18,7.57,215367
2008-05-16 16:00:00-04:00,7.57,7.81,7.375,7.48,246428
2008-05-19 16:00:00-04:00,7.48,7.94,7.48,7.63,144787
2008-05-20 16:00:00-04:00,7.64,7.96,7.51,7.78,120919
2008-05-21 16:00:00-04:00,7.82,7.84,7.53,7.55,124620
2008-05-22 16:00:00-04:00,7.675,8.0,7.54,7.82,125019
2008-05-23 16:00:00-04:00,7.89,7.89,7.398,7.57,135583
2008-05-27 16:00:00-04:00,7.5,7.9,7.5,7.85,68450
2008-05-28 16:00:00-04:00,7.86,8.0,7.7,7.98,136845
2008-05-29 16:00:00-04:00,7.94,8.05,7.87,7.96,79148
2008-05-30 16:00:00-04:00,7.92,8.27,7.86,7.89,222600
2008-06-02 16:00:00-04:00,7.92,7.99,7.71,7.78,72832
2008-06-03 16:00:00-04:00,7.77,7.92,7.36,7.54,131117
2008-06-04 16:00:00-04:00,7.43,7.52,7.1,7.26,186811
2008-06-05 16:00:00-04:00,7.31,7.43,7.09,7.33,103274
2008-06-06 16:00:00-04:00,7.29,7.67,7.21,7.49,82248
2008-06-09 16:00:00-04:00,7.49,7.63,7.26,7.3,79814
2008-06-10 16:00:00-04:00,7.2,7.34,7.1,7.11,105642
2008-06-11 16:00:00-04:00,7.06,7.14,6.9,7.02,146796
2008-06-12 16:00:00-04:00,7.11,7.33,7.1,7.23,123462
2008-06-13 16:00:00-04:00,7.35,8.0,7.28,8.0,124636
2008-06-16 16:00:00-04:00,8.0,8.0,7.5,7.82,189434
2008-06-17 16:00:00-04:00,7.83,7.83,7.51,7.65,89402
2008-06-18 16:00:00-04:00,7.64,7.68,7.46,7.59,119082
2008-06-19 16:00:00-04:00,7.62,7.62,7.39,7.47,59633
2008-06-20 16:00:00-04:00,7.41,7.51,7.28,7.33,87717
2008-06-23 16:00:00-04:00,7.4,7.52,7.27,7.43,61285
2008-06-24 16:00:00-04:00,7.4,7.4,7.05,7.17,153621
2008-06-25 16:00:00-04:00,7.23,7.23,6.79,6.88,98012
2008-06-26 16:00:00-04:00,6.79,6.79,6.31,6.69,202901
2008-06-27 16:00:00-04:00,6.64,6.81,6.23,6.37,3158732
2008-06-30 16:00:00-04:00,6.22,6.46,6.04,6.04,285201
2008-07-01 16:00:00-04:00,6.02,6.04,5.58,5.88,282282
2008-07-02 16:00:00-04:00,5.85,5.94,5.57,5.71,210961
2008-07-03 16:00:00-04:00,5.72,5.74,5.34,5.67,77907
2008-07-07 16:00:00-04:00,5.68,5.74,5.36,5.68,238583
2008-07-08 16:00:00-04:00,5.72,6.44,5.72,6.42,225028
2008-07-09 16:00:00-04:00,6.4,6.4,5.85,5.85,109124
2008-07-10 16:00:00-04:00,5.83,6.25,5.76,5.99,94161
2008-07-11 16:00:00-04:00,5.92,6.6,5.8,6.6,109706
2008-07-14 16:00:00-04:00,6.6,6.75,5.93,6.14,193922
2008-07-15 16:00:00-04:00,6.06,6.77,5.81,6.73,209321
2008-07-16 16:00:00-04:00,6.77,7.0,6.5,6.95,241311
2008-07-17 16:00:00-04:00,7.0,7.4,6.969,7.21,163289
2008-07-18 16:00:00-04:00,7.25,7.39,6.72,6.73,97680
2008-07-21 16:00:00-04:00,6.75,7.04,6.55,6.95,62169
2008-07-22 16:00:00-04:00,6.92,7.69,6.83,7.67,107316
2008-07-23 16:00:00-04:00,7.67,7.89,7.044,7.17,185146
2008-07-24 16:00:00-04:00,7.28,7.52,7.16,7.19,66909
2008-07-25 16:00:00-04:00,7.34,7.78,6.98,7.03,170223
2008-07-28 16:00:00-04:00,6.98,7.0838,6.78,6.86,83448
2008-07-29 16:00:00-04:00,6.87,7.25,6.78,7.21,118345
2008-07-30 16:00:00-04:00,7.27,7.48,6.96,6.98,115287
2008-07-31 16:00:00-04:00,6.9,7.02,6.6,6.72,173456
2008-08-01 16:00:00-04:00,6.72,6.94,6.52,6.86,138426
2008-08-04 16:00:00-04:00,6.82,6.82,6.55,6.68,176612
2008-08-05 16:00:00-04:00,6.84,7.5,6.61,7.2,282928
2008-08-06 16:00:00-04:00,7.0,7.12,6.07,6.3,518080
2008-08-07 16:00:00-04:00,6.24,6.78,6.03,6.78,193051
2008-08-08 16:00:00-04:00,6.77,7.31,6.31,7.26,198996
2008-08-11 16:00:00-04:00,7.24,7.24,6.66,6.74,194557
2008-08-12 16:00:00-04:00,6.69,6.72,6.34,6.45,214775
2008-08-13 16:00:00-04:00,6.5,6.74,6.3,6.52,261068
2008-08-14 16:00:00-04:00,6.54,6.95,6.54,6.95,214180
2008-08-15 16:00:00-04:00,7.06,7.15,6.74,6.96,203271
2008-08-18 16:00:00-04:00,6.96,7.04,6.53,6.59,204074
2008-08-19 16:00:00-04:00,6.51,6.64,6.14,6.25,281812
2008-08-20 16:00:00-04:00,6.2,6.2,5.66,5.85,389153
2008-08-21 16:00:00-04:00,5.74,6.04,5.69,6.01,342814
2008-08-22 16:00:00-04:00,6.04,6.46,6.025,6.37,457605
2008-08-25 16:00:00-04:00,6.35,6.4,6.13,6.19,283469
2008-08-26 16:00:00-04:00,6.19,6.44,6.1,6.43,167323
2008-08-27 16:00:00-04:00,6.42,6.92,6.42,6.88,250152
2008-08-28 16:00:00-04:00,6.88,7.15,6.555,7.11,244627
2008-08-29 16:00:00-04:00,7.11,7.28,6.83,6.88,109498
2008-09-02 16:00:00-04:00,7.02,7.02,6.42,6.43,136416
2008-09-03 16:00:00-04:00,6.44,6.69,6.33,6.41,186483
2008-09-04 16:00:00-04:00,6.34,6.63,6.25,6.28,122149
2008-09-05 16:00:00-04:00,6.25,7.0,6.0,6.87,317473
2008-09-08 16:00:00-04:00,7.0,7.25,6.91,7.0,458989
2008-09-09 16:00:00-04:00,7.03,7.44,6.76,6.83,340022
2008-09-10 16:00:00-04:00,6.85,6.98,6.1,6.44,246565
2008-09-11 16:00:00-04:00,6.37,6.37,6.1,6.27,317918
2008-09-12 16:00:00-04:00,6.52,6.57,6.1566,6.42,125076
2008-09-15 16:00:00-04:00,6.22,6.62,6.19,6.57,268573
2008-09-16 16:00:00-04:00,6.43,6.83,6.36,6.74,206865
2008-09-17 16:00:00-04:00,6.67,6.78,5.96,6.74,323112
2008-09-18 16:00:00-04:00,6.81,7.44,6.26,7.37,691497
2008-09-19 16:00:00-04:00,7.69,7.9,6.92,7.15,664466
2008-09-22 16:00:00-04:00,7.24,7.26,6.51,6.54,143192
2008-09-23 16:00:00-04:00,6.53,6.85,6.26,6.35,107069
2008-09-24 16:00:00-04:00,6.37,6.88,6.34,6.62,271710
2008-09-25 16:00:00-04:00,6.67,6.96,6.06,6.33,217586
2008-09-26 16:00:00-04:00,6.23,6.44,6.11,6.32,136186
2008-09-29 16:00:00-04:00,6.25,6.47,6.01,6.01,162248
2008-09-30 16:00:00-04:00,6.09,6.61,6.01,6.19,146915
2008-10-01 16:00:00-04:00,6.15,6.46,5.99,6.11,160990
2008-10-02 16:00:00-04:00,6.09,6.3,5.9,5.92,137839
2008-10-03 16:00:00-04:00,6.01,6.47,5.75,5.77,157012
2008-10-06 16:00:00-04:00,5.64,5.99,5.14,5.79,249563
2008-10-07 16:00:00-04:00,5.85,5.85,5.2,5.23,174551
2008-10-08 16:00:00-04:00,5.08,5.3,4.81,4.85,237707
2008-10-09 16:00:00-04:00,4.95,5.12,3.9,4.0,215207
2008-10-10 16:00:00-04:00,3.97,4.7,3.63,4.0,518149
2008-10-13 16:00:00-04:00,4.0,5.04,3.9356,4.98,421176
2008-10-14 16:00:00-04:00,5.1,5.5,4.47,4.75,552534
2008-10-15 16:00:00-04:00,4.69,4.91,3.62,4.26,590963
2008-10-16 16:00:00-04:00,4.29,4.83,3.98,4.67,151102
2008-10-17 16:00:00-04:00,4.55,5.18,4.01,4.32,182638
2008-10-20 16:00:00-04:00,4.42,4.83,4.42,4.5,121737
2008-10-21 16:00:00-04:00,4.42,4.6975,4.25,4.42,94536
2008-10-22 16:00:00-04:00,4.31,4.5,4.13,4.13,75700
2008-10-23 16:00:00-04:00,4.15,4.37,3.96,4.09,210926
2008-10-24 16:00:00-04:00,3.91,4.09,3.77,3.77,84810
2008-10-27 16:00:00-04:00,3.76,4.02,3.66,4.02,169541
2008-10-28 16:00:00-04:00,3.81,4.59,3.81,4.52,121824
2008-10-29 16:00:00-04:00,4.63,4.63,4.15,4.21,141346
2008-10-30 16:00:00-04:00,4.26,4.69,4.11,4.27,112023
2008-10-31 16:00:00-04:00,4.19,4.83,4.19,4.52,288965
2008-11-03 16:00:00-05:00,4.5,4.705,4.37,4.48,200720
2008-11-04 16:00:00-05:00,4.67,4.67,4.28,4.4,136071
2008-11-05 16:00:00-05:00,4.36,4.6,4.11,4.18,150386
2008-11-06 16:00:00-05:00,4.15,4.24,3.78,3.8,143817
2008-11-07 16:00:00-05:00,3.84,4.11,3.75,3.77,168291
2008-11-10 16:00:00-05:00,3.98,4.0,3.58,3.58,162660
2008-11-11 16:00:00-05:00,3.53,3.74,2.71,2.75,554302
2008-11-12 16:00:00-05:00,2.74,2.7999,2.15,2.15,597151
2008-11-13 16:00:00-05:00,2.2,2.49,1.77,2.05,734445
2008-11-14 16:00:00-05:00,2.05,2.26,2.03,2.08,217795
2008-11-17 16:00:00-05:00,2.07,2.26,1.97,1.99,181092
2008-11-18 16:00:00-05:00,2.0,2.05,1.81,1.84,215873
2008-11-19 16:00:00-05:00,2.0,2.05,1.76,1.76,287365
2008-11-20 16:00:00-05:00,1.8,1.8,1.36,1.39,265341
2008-11-21 16:00:00-05:00,1.42,1.62,1.42,1.54,430450
2008-11-24 16:00:00-05:00,1.62,2.13,1.6,1.95,393261
2008-11-25 16:00:00-05:00,2.03,2.2082,1.85,1.97,96010
2008-11-26 16:00:00-05:00,1.74,2.02,1.71,2.0,224692
2008-11-28 16:00:00-05:00,1.97,2.03,1.93,2.0,47274
2008-12-01 16:00:00-05:00,2.29,2.29,1.9,1.95,214631
2008-12-02 16:00:00-05:00,2.0,2.02,1.93,2.0,291498
2008-12-03 16:00:00-05:00,1.95,2.0,1.83,1.99,382010
2008-12-04 16:00:00-05:00,2.04,3.62,2.0,2.99,1476860
2008-12-05 16:00:00-05:00,2.91,3.32,2.56,3.3,325634
2008-12-08 16:00:00-05:00,3.35,3.64,3.15,3.64,225742
2008-12-09 16:00:00-05:00,3.55,3.83,3.29,3.61,205845
2008-12-10 16:00:00-05:00,3.78,3.78,2.9,3.29,334798
2008-12-11 16:00:00-05:00,3.21,3.62,3.04,3.19,240445
2008-12-12 16:00:00-05:00,3.13,3.53,3.0,3.53,211612
2008-12-15 16:00:00-05:00,3.54,3.59,3.06,3.14,83678
2008-12-16 16:00:00-05:00,3.18,3.5,2.83,3.16,316826
2008-12-17 16:00:00-05:00,3.14,3.15,2.8,3.02,210753
2008-12-18 16:00:00-05:00,3.13,3.14,2.51,2.55,279738
2008-12-19 16:00:00-05:00,2.7,2.9,2.39,2.63,337954
2008-12-22 16:00:00-05:00,2.63,2.67,2.47,2.5,108228
2008-12-23 16:00:00-05:00,2.29,2.78,2.29,2.55,196722
2008-12-24 16:00:00-05:00,2.53,2.58,2.35,2.48,96392
2008-12-26 16:00:00-05:00,2.49,2.57,2.36,2.39,34570
2008-12-29 16:00:00-05:00,2.38,2.38,2.17,2.26,137123
2008-12-30 16:00:00-05:00,2.28,2.52,2.2,2.52,154640
2008-12-31 16:00:00-05:00,2.52,2.84,2.35,2.76,236690
2009-01-02 16:00:00-05:00,2.76,2.82,2.62,2.76,69823
2009-01-05 16:00:00-05:00,2.8,3.3,2.69,3.28,138458
2009-01-06 16:00:00-05:00,3.26,4.7199,3.25,3.67,695330
2009-01-07 16:00:00-05:00,3.8,3.87,3.4,3.41,198573
2009-01-08 16:00:00-05:00,3.49,3.54,3.41,3.52,96019
2009-01-09 16:00:00-05:00,3.53,3.53,3.24,3.25,128159
2009-01-12 16:00:00-05:00,3.25,3.95,3.16,3.19,166150
2009-01-13 16:00:00-05:00,3.2,3.52,3.16,3.34,110733
2009-01-14 16:00:00-05:00,3.29,3.29,3.03,3.1,121196
2009-01-15 16:00:00-05:00,3.12,3.27,2.895,3.13,127985
2009-01-16 16:00:00-05:00,3.13,3.62,3.13,3.5,218387
2009-01-20 16:00:00-05:00,3.61,3.67,3.01,3.03,185224
2009-01-21 16:00:00-05:00,3.09,3.24,3.06,3.22,112365
2009-01-22 16:00:00-05:00,3.14,3.32,3.0478,3.28,70786
2009-01-23 16:00:00-05:00,3.18,3.21,3.09,3.15,64736
2009-01-26 16:00:00-05:00,3.15,3.34,3.09,3.22,60136
2009-01-27 16:00:00-05:00,3.22,3.49,3.0,3.34,128363
2009-01-28 16:00:00-05:00,3.41,3.5,3.22,3.27,114640
2009-01-29 16:00:00-05:00,3.22,3.39,3.04,3.12,74531
2009-01-30 16:00:00-05:00,3.0,3.5,3.0,3.23,436198
2009-02-02 16:00:00-05:00,3.25,3.4,3.1,3.36,194698
2009-02-03 16:00:00-05:00,3.39,3.4,3.16,3.24,203300
2009-02-04 16:00:00-05:00,3.25,3.42,3.19,3.34,152352
2009-02-05 16:00:00-05:00,3.32,3.36,3.24,3.31,116273
2009-02-06 16:00:00-05:00,3.3,3.79,3.28,3.69,268005
2009-02-09 16:00:00-05:00,3.68,3.79,3.68,3.68,172508
2009-02-10 16:00:00-05:00,3.57,3.69,3.37,3.41,158957
2009-02-11 16:00:00-05:00,3.43,3.93,3.3,3.82,298949
2009-02-12 16:00:00-05:00,3.73,3.73,3.49,3.57,106708
2009-02-13 16:00:00-05:00,3.58,3.69,3.56,3.57,126231
2009-02-17 16:00:00-05:00,3.41,3.6,3.33,3.41,97004
2009-02-18 16:00:00-05:00,3.45,3.46,3.21,3.4,90353
2009-02-19 16:00:00-05:00,3.45,3.63,3.4201,3.61,97620
2009-02-20 16:00:00-05:00,3.53,3.95,3.19,3.85,334506
2009-02-23 16:00:00-05:00,3.88,4.05,3.69,3.81,266375
2009-02-24 16:00:00-05:00,3.86,4.4,3.6418,4.17,384638
2009-02-25 16:00:00-05:00,4.22,4.22,3.87,3.87,175868
2009-02-26 16:00:00-05:00,3.9,4.28,3.77,3.77,188914
2009-02-27 16:00:00-05:00,3.74,4.06,3.6,4.05,1449429
2009-03-02 16:00:00-05:00,3.99,3.99,3.6,3.6,186096
2009-03-03 16:00:00-05:00,3.66,3.94,3.6,3.75,203045
2009-03-04 16:00:00-05:00,3.81,4.0,3.8,3.91,102944
2009-03-05 16:00:00-05:00,3.79,4.05,3.24,3.27,227979
2009-03-06 16:00:00-05:00,3.18,3.69,3.18,3.31,249835
2009-03-09 16:00:00-04:00,3.29,3.58,3.29,3.46,215445
2009-03-10 16:00:00-04:00,3.54,3.85,3.31,3.83,253896
2009-03-11 16:00:00-04:00,3.87,3.97,3.52,3.75,227252
2009-03-12 16:00:00-04:00,3.72,4.14,3.72,4.1,406353
2009-03-13 16:00:00-04:00,4.1,4.2518,3.89,4.09,357762
2009-03-16 16:00:00-04:00,4.15,4.29,3.85,4.03,199102
2009-03-17 16:00:00-04:00,4.04,4.22,3.98,4.1,200863
2009-03-18 16:00:00-04:00,4.1,4.35,4.1,4.23,475555
2009-03-19 16:00:00-04:00,4.28,4.44,4.18,4.3,171274
2009-03-20 16:00:00-04:00,4.3,4.45,4.15,4.16,318039
2009-03-23 16:00:00-04:00,4.32,4.65,4.3,4.65,309328
2009-03-24 16:00:00-04:00,4.59,4.65,4.41,4.42,306626
2009-03-25 16:00:00-04:00,4.47,4.64,4.02,4.4,373681
2009-03-26 16:00:00-04:00,4.49,4.68,4.35,4.64,303353
2009-03-27 16:00:00-04:00,4.54,4.61,4.24,4.26,207735
2009-03-30 16:00:00-04:00,4.13,4.1428,3.84,4.03,621373
2009-03-31 16:00:00-04:00,4.1,4.17,3.99,4.14,306252
2009-04-01 16:00:00-04:00,4.07,4.54,4.05,4.4,193350
2009-04-02 16:00:00-04:00,4.51,4.6,4.39,4.43,275796
2009-04-03 16:00:00-04:00,4.44,4.72,4.36,4.6,344635
2009-04-06 16:00:00-04:00,4.55,4.65,4.48,4.56,118974
2009-04-07 16:00:00-04:00,4.47,4.75,4.37,4.6,352243
2009-04-08 16:00:00-04:00,4.65,4.65,4.34,4.4,379918
2009-04-09 16:00:00-04:00,4.52,4.7,4.37,4.68,251357
2009-04-13 16:00:00-04:00,4.6,4.69,4.45,4.58,100881
2009-04-14 16:00:00-04:00,4.49,4.56,4.36,4.43,97854
2009-04-15 16:00:00-04:00,4.39,4.78,4.39,4.77,86310
2009-04-16 16:00:00-04:00,4.8,4.89,4.55,4.71,311398
2009-04-17 16:00:00-04:00,4.73,4.73,4.51,4.57,101522
2009-04-20 16:00:00-04:00,4.5,4.61,4.37,4.55,115973
2009-04-21 16:00:00-04:00,4.53,4.75,4.41,4.61,192466
2009-04-22 16:00:00-04:00,4.54,4.86,4.51,4.57,90245
2009-04-23 16:00:00-04:00,4.58,4.65,4.22,4.4,87045
2009-04-24 16:00:00-04:00,4.44,4.5801,4.29,4.45,130255
2009-04-27 16:00:00-04:00,4.38,4.41,3.89,4.03,290526
2009-04-28 16:00:00-04:00,4.0,4.2,3.98,4.14,60241
2009-04-29 16:00:00-04:00,4.19,4.41,4.1,4.29,98080
2009-04-30 16:00:00-04:00,4.35,4.48,4.2399,4.48,261871
2009-05-01 16:00:00-04:00,4.45,4.45,4.19,4.2,350516
2009-05-04 16:00:00-04:00,4.24,4.4,4.05,4.09,315501
2009-05-05 16:00:00-04:00,4.07,4.1,3.87,4.0,177412
2009-05-06 16:00:00-04:00,4.07,4.24,4.0,4.07,123939
2009-05-07 16:00:00-04:00,4.12,4.3,3.84,3.88,199861
2009-05-08 16:00:00-04:00,3.93,4.08,3.74,4.0,124239
2009-05-11 16:00:00-04:00,3.92,4.0,3.86,3.92,87029
2009-05-12 16:00:00-04:00,3.94,3.94,3.58,3.83,172837
2009-05-13 16:00:00-04:00,3.75,3.78,3.57,3.72,193438
2009-05-14 16:00:00-04:00,3.74,3.89,3.53,3.79,353072
2009-05-15 16:00:00-04:00,3.83,4.2296,3.79,4.05,222842
2009-05-18 16:00:00-04:00,4.21,4.6,4.185,4.52,305680
2009-05-19 16:00:00-04:00,4.5,4.6,4.32,4.58,127734
2009-05-20 16:00:00-04:00,4.61,4.8,4.57,4.61,171704
2009-05-21 16:00:00-04:00,4.54,4.77,4.49,4.61,231589
2009-05-22 16:00:00-04:00,4.63,4.8,4.63,4.75,101656
2009-05-26 16:00:00-04:00,4.69,5.09,4.63,5.01,484737
2009-05-27 16:00:00-04:00,4.98,5.47,4.81,5.31,358988
2009-05-28 16:00:00-04:00,5.34,5.34,4.85,5.05,375404
2009-05-29 16:00:00-04:00,5.07,5.5629,5.05,5.56,1024137
2009-06-01 16:00:00-04:00,5.52,5.96,5.52,5.64,284415
2009-06-02 16:00:00-04:00,5.63,5.74,5.42,5.46,226747
2009-06-03 16:00:00-04:00,5.41,5.52,5.06,5.22,296369
2009-06-04 16:00:00-04:00,5.24,5.49,5.18,5.46,272407
2009-06-05 16:00:00-04:00,5.54,5.57,5.3,5.45,169247
2009-06-08 16:00:00-04:00,5.45,6.23,5.43,5.57,1163435
2009-06-09 16:00:00-04:00,5.6,5.67,5.5,5.53,123524
2009-06-10 16:00:00-04:00,5.57,5.7,5.52,5.69,835743
2009-06-11 16:00:00-04:00,5.69,5.89,5.56,5.77,271483
2009-06-12 16:00:00-04:00,5.79,6.26,5.72,6.22,333730
2009-06-15 16:00:00-04:00,5.88,6.4299,5.88,6.36,470484
2009-06-16 16:00:00-04:00,6.26,6.56,6.23,6.45,425461
2009-06-17 16:00:00-04:00,6.43,7.05,6.39,6.7,558362
2009-06-18 16:00:00-04:00,6.77,6.82,6.27,6.28,372632
2009-06-19 16:00:00-04:00,6.39,6.39,5.97,6.0,786688
2009-06-22 16:00:00-04:00,5.98,6.26,5.86,6.03,427751
2009-06-23 16:00:00-04:00,6.11,6.39,6.05,6.27,293015
2009-06-24 16:00:00-04:00,6.31,6.49,6.12,6.25,240655
2009-06-25 16:00:00-04:00,6.21,6.39,6.16,6.3,289904
2009-06-26 16:00:00-04:00,6.24,6.35,6.08,6.24,1867850
2009-06-29 16:00:00-04:00,6.29,6.3,6.0875,6.24,188208
2009-06-30 16:00:00-04:00,6.23,6.36,6.05,6.19,225593
2009-07-01 16:00:00-04:00,6.27,6.38,6.1838,6.22,178649
2009-07-02 16:00:00-04:00,6.17,6.17,5.8,5.88,317498
2009-07-06 16:00:00-04:00,5.86,5.86,5.41,5.62,362980
2009-07-07 16:00:00-04:00,5.64,5.66,5.28,5.29,356385
2009-07-08 16:00:00-04:00,5.33,5.54,5.25,5.35,490321
2009-07-09 16:00:00-04:00,5.37,5.455,5.25,5.33,203301
2009-07-10 16:00:00-04:00,5.3,5.58,5.26,5.33,103221
2009-07-13 16:00:00-04:00,5.35,5.42,5.25,5.4,168133
2009-07-14 16:00:00-04:00,5.38,5.57,5.31,5.52,154916
2009-07-15 16:00:00-04:00,5.59,5.81,5.59,5.75,364157
2009-07-16 16:00:00-04:00,5.7,5.78,5.58,5.7,233900
2009-07-17 16:00:00-04:00,5.72,5.72,5.46,5.51,223503
2009-07-20 16:00:00-04:00,5.56,5.65,5.5,5.61,134176
2009-07-21 16:00:00-04:00,5.66,5.66,5.4,5.45,626326
2009-07-22 16:00:00-04:00,5.44,5.66,5.4,5.59,140087
2009-07-23 16:00:00-04:00,5.57,5.79,5.54,5.69,347571
2009-07-24 16:00:00-04:00,5.7,5.93,5.39,5.8,1087547
2009-07-27 16:00:00-04:00,5.81,6.0,5.5,5.97,251122
2009-07-28 16:00:00-04:00,5.91,6.17,5.8,6.16,175364
2009-07-29 16:00:00-04:00,6.19,6.58,5.96,6.57,756810
2009-07-30 16:00:00-04:00,6.61,6.96,6.49,6.76,571027
2009-07-31 16:00:00-04:00,6.71,6.73,6.34,6.46,292845
2009-08-03 16:00:00-04:00,6.49,6.75,6.368,6.68,314644
2009-08-04 16:00:00-04:00,6.61,7.45,6.58,7.13,710067
2009-08-05 16:00:00-04:00,7.17,7.21,6.76,6.8,240558
2009-08-06 16:00:00-04:00,6.87,6.89,6.69,6.69,298666
2009-08-07 16:00:00-04:00,6.8,7.0,6.64,6.84,274204
2009-08-10 16:00:00-04:00,6.76,6.9,6.55,6.65,134074
2009-08-11 16:00:00-04:00,6.59,6.8199,6.5,6.52,141894
2009-08-12 16:00:00-04:00,6.51,6.8,6.51,6.76,217243
2009-08-13 16:00:00-04:00,6.78,6.96,6.51,6.82,308678
2009-08-14 16:00:00-04:00,6.83,6.92,6.66,6.9,478177
2009-08-17 16:00:00-04:00,6.75,6.9398,6.56,6.82,362935
2009-08-18 16:00:00-04:00,6.84,7.27,6.745,7.23,321469
2009-08-19 16:00:00-04:00,7.15,7.66,7.14,7.61,612643
2009-08-20 16:00:00-04:00,7.57,7.91,7.5,7.87,509869
2009-08-21 16:00:00-04:00,7.98,8.96,7.61,8.37,831716
2009-08-24 16:00:00-04:00,8.48,8.64,8.07,8.21,794869
2009-08-25 16:00:00-04:00,8.28,8.31,8.08,8.22,257549
2009-08-26 16:00:00-04:00,8.27,8.29,8.07,8.2,751423
2009-08-27 16:00:00-04:00,8.13,8.31,7.93,8.13,276676
2009-08-28 16:00:00-04:00,8.15,8.21,7.85,7.95,193899
2009-08-31 16:00:00-04:00,7.89,7.95,7.36,7.81,279811
2009-09-01 16:00:00-04:00,7.73,8.02,7.6,7.69,211952
2009-09-02 16:00:00-04:00,7.63,7.78,7.57,7.71,304882
2009-09-03 16:00:00-04:00,7.75,8.09,7.65,8.04,301854
2009-09-04 16:00:00-04:00,8.04,8.12,7.96,8.09,471980
2009-09-08 16:00:00-04:00,8.12,8.19,7.95,8.12,174872
2009-09-09 16:00:00-04:00,8.14,8.39,8.1101,8.36,296595
2009-09-10 16:00:00-04:00,8.31,8.54,8.1,8.48,293589
2009-09-11 16:00:00-04:00,8.47,8.47,8.19,8.25,134855
2009-09-14 16:00:00-04:00,8.25,8.308,8.03,8.2,132399
2009-09-15 16:00:00-04:00,8.16,8.16,7.98,8.04,130189
2009-09-16 16:00:00-04:00,8.09,8.09,7.77,8.02,265235
2009-09-17 16:00:00-04:00,8.0,8.07,7.8501,7.92,89147
2009-09-18 16:00:00-04:00,7.95,8.01,7.89,8.0,302148
2009-09-21 16:00:00-04:00,7.94,8.11,7.82,8.0,185915
2009-09-22 16:00:00-04:00,8.04,8.26,7.95,8.03,372177
2009-09-23 16:00:00-04:00,8.07,8.15,7.95,7.97,176050
2009-09-24 16:00:00-04:00,8.0,8.13,7.73,7.81,284140
2009-09-25 16:00:00-04:00,7.77,7.82,7.51,7.72,467898
2009-09-28 16:00:00-04:00,7.77,8.07,7.59,7.98,238403
2009-09-29 16:00:00-04:00,7.96,8.1,7.91,8.0,116438
2009-09-30 16:00:00-04:00,8.0,8.0,7.64,7.93,229807
2009-10-01 16:00:00-04:00,7.91,7.95,7.63,7.63,228876
2009-10-02 16:00:00-04:00,7.5,7.63,7.25,7.52,188142
2009-10-05 16:00:00-04:00,7.58,8.26,7.58,8.22,388748
2009-10-06 16:00:00-04:00,8.25,8.25,7.93,8.02,204439
2009-10-07 16:00:00-04:00,7.96,8.0,7.8,7.88,127393
2009-10-08 16:00:00-04:00,7.9,7.92,7.65,7.68,341485
2009-10-09 16:00:00-04:00,7.61,7.9,7.6,7.88,158462
2009-10-12 16:00:00-04:00,7.93,7.9999,7.7,7.74,220387
2009-10-13 16:00:00-04:00,7.75,7.75,7.52,7.63,136888
2009-10-14 16:00:00-04:00,7.75,7.79,7.58,7.73,150338
2009-10-15 16:00:00-04:00,7.65,7.96,7.55,7.85,152709
2009-10-16 16:00:00-04:00,7.77,7.85,7.55,7.72,133282
2009-10-19 16:00:00-04:00,7.77,7.88,7.51,7.86,120875
2009-10-20 16:00:00-04:00,7.86,7.9499,7.73,7.78,143161
2009-10-21 16:00:00-04:00,7.75,7.99,7.55,7.59,166717
2009-10-22 16:00:00-04:00,7.58,7.75,7.53,7.72,160384
2009-10-23 16:00:00-04:00,7.72,7.79,7.42,7.5,136760
2009-10-26 16:00:00-04:00,7.49,7.69,7.29,7.33,170613
2009-10-27 16:00:00-04:00,7.33,7.5,7.1606,7.33,308831
2009-10-28 16:00:00-04:00,7.34,7.4,6.96,6.97,220620
2009-10-29 16:00:00-04:00,7.06,7.13,6.95,7.03,221923
2009-10-30 16:00:00-04:00,7.0,7.07,6.5314,6.86,483115
2009-11-02 16:00:00-05:00,6.94,6.94,6.65,6.78,175330
2009-11-03 16:00:00-05:00,6.71,6.91,6.6,6.9,163396
2009-11-04 16:00:00-05:00,6.92,7.05,6.91,6.94,186820
2009-11-05 16:00:00-05:00,6.98,7.4,6.98,7.33,297828
2009-11-06 16:00:00-05:00,7.22,7.49,7.17,7.39,441640
2009-11-09 16:00:00-05:00,7.48,7.66,7.37,7.41,175875
2009-11-10 16:00:00-05:00,7.37,7.43,7.15,7.3,145297
2009-11-11 16:00:00-05:00,7.39,7.5,7.29,7.37,81197
2009-11-12 16:00:00-05:00,7.38,7.45,6.99,7.02,158722
2009-11-13 16:00:00-05:00,7.08,7.5,7.08,7.29,175952
2009-11-16 16:00:00-05:00,7.33,7.69,7.33,7.58,283664
2009-11-17 16:00:00-05:00,7.57,7.61,7.4,7.53,88881
2009-11-18 16:00:00-05:00,7.51,7.57,7.35,7.42,87412
2009-11-19 16:00:00-05:00,7.38,7.44,7.25,7.27,130111
2009-11-20 16:00:00-05:00,7.24,7.46,7.19,7.27,132098
2009-11-23 16:00:00-05:00,7.39,7.54,7.34,7.39,128727
2009-11-24 16:00:00-05:00,7.38,7.38,7.2,7.28,168028
2009-11-25 16:00:00-05:00,7.34,7.44,7.26,7.27,83355
2009-11-27 13:00:00-05:00,7.05,7.2,7.0,7.0,67558
2009-11-30 16:00:00-05:00,7.04,7.38,7.04,7.25,365146
2009-12-01 16:00:00-05:00,7.28,7.41,7.11,7.2,823169
2009-12-02 16:00:00-05:00,7.2,7.33,7.16,7.24,205982
2009-12-03 16:00:00-05:00,7.29,7.54,7.13,7.16,450330
2009-12-04 16:00:00-05:00,7.33,7.5,7.18,7.47,152216
2009-12-07 16:00:00-05:00,7.29,7.43,7.25,7.3,267902
2009-12-08 16:00:00-05:00,7.23,7.316,7.13,7.13,385837
2009-12-09 16:00:00-05:00,7.16,7.34,7.05,7.33,310671
2009-12-10 16:00:00-05:00,7.37,7.6,7.36,7.5,262397
2009-12-11 16:00:00-05:00,7.55,7.75,7.42,7.59,384546
2009-12-14 16:00:00-05:00,7.65,7.67,7.45,7.66,84938
2009-12-15 16:00:00-05:00,7.62,7.87,7.49,7.71,124156
2009-12-16 16:00:00-05:00,7.8,7.8,7.605,7.71,121488
2009-12-17 16:00:00-05:00,7.67,7.85,7.371,7.54,231726
2009-12-18 16:00:00-05:00,7.61,7.65,7.21,7.28,547338
2009-12-21 16:00:00-05:00,7.34,7.48,7.14,7.23,249893
2009-12-22 16:00:00-05:00,7.23,7.44,7.12,7.33,325892
2009-12-23 16:00:00-05:00,7.35,7.59,7.35,7.55,342582
2009-12-24 13:00:00-05:00,7.6,7.76,7.58,7.73,79735
2009-12-28 16:00:00-05:00,7.78,7.9,7.6525,7.87,191625
2009-12-29 16:00:00-05:00,7.89,8.08,7.8,8.05,193983
2009-12-30 16:00:00-05:00,7.99,8.12,7.89,8.12,161792
2009-12-31 16:00:00-05:00,8.14,8.24,8.04,8.07,164371
2010-01-04 16:00:00-05:00,8.21,8.56,8.21,8.56,373059
2010-01-05 16:00:00-05:00,8.52,8.79,8.46,8.69,428996
2010-01-06 16:00:00-05:00,8.71,9.11,8.64,8.95,1047740
2010-01-07 16:00:00-05:00,9.02,9.34,8.91,9.21,376087
2010-01-08 16:00:00-05:00,9.2,9.3,8.9701,9.04,174526
2010-01-11 16:00:00-05:00,9.12,9.24,8.939,9.01,204595
2010-01-12 16:00:00-05:00,8.97,9.46,8.9,9.46,388350
2010-01-13 16:00:00-05:00,9.47,9.58,9.018,9.22,328403
2010-01-14 16:00:00-05:00,9.23,9.36,9.19,9.22,184960
2010-01-15 16:00:00-05:00,9.49,9.89,9.28,9.7,2811132
2010-01-19 16:00:00-05:00,9.65,10.2,9.65,10.07,739011
2010-01-20 16:00:00-05:00,10.03,10.19,9.92,10.01,431335
2010-01-21 16:00:00-05:00,10.04,10.04,9.46,9.75,484224
2010-01-22 16:00:00-05:00,9.69,9.71,9.21,9.36,478620
2010-01-25 16:00:00-05:00,9.46,9.54,9.11,9.37,417459
2010-01-26 16:00:00-05:00,9.31,9.5,9.24,9.27,446277
2010-01-27 16:00:00-05:00,9.23,9.6,9.21,9.55,694390
2010-01-28 16:00:00-05:00,9.54,9.54,9.08,9.24,437143
2010-01-29 16:00:00-05:00,9.3,9.58,9.05,9.06,812402
2010-02-01 16:00:00-05:00,9.19,9.37,9.1,9.36,320525
2010-02-02 16:00:00-05:00,9.34,9.49,9.24,9.34,330023
2010-02-03 16:00:00-05:00,9.27,9.425,9.1,9.24,137541
2010-02-04 16:00:00-05:00,9.14,9.21,8.94,8.99,421920
2010-02-05 16:00:00-05:00,9.06,9.06,8.78,8.99,468125
2010-02-08 16:00:00-05:00,9.05,9.09,8.85,8.86,139748
2010-02-09 16:00:00-05:00,9.0,9.055,8.72,8.83,248584
2010-02-10 16:00:00-05:00,8.81,9.22,8.66,9.22,239206
2010-02-11 16:00:00-05:00,9.24,9.49,9.01,9.46,220237
2010-02-12 16:00:00-05:00,9.33,9.68,9.25,9.65,267153
2010-02-16 16:00:00-05:00,9.75,9.86,9.54,9.73,180443
2010-02-17 16:00:00-05:00,9.79,9.85,9.61,9.75,149197
2010-02-18 16:00:00-05:00,9.75,9.8,9.43,9.78,166408
2010-02-19 16:00:00-05:00,9.78,9.78,9.34,9.36,431535
2010-02-22 16:00:00-05:00,9.36,9.5,9.21,9.43,135965
2010-02-23 16:00:00-05:00,9.44,9.48,9.13,9.27,195334
2010-02-24 16:00:00-05:00,9.27,9.38,9.11,9.26,204179
2010-02-25 16:00:00-05:00,9.11,9.12,8.91,9.11,205760
2010-02-26 16:00:00-05:00,9.13,9.13,8.9,9.04,203643
2010-03-01 16:00:00-05:00,9.04,9.21,9.0,9.21,218385
2010-03-02 16:00:00-05:00,9.25,9.5,9.23,9.42,299784
2010-03-03 16:00:00-05:00,9.47,9.47,9.25,9.27,199194
2010-03-04 16:00:00-05:00,9.3,9.3,9.05,9.09,134988
2010-03-05 16:00:00-05:00,9.18,9.48,9.18,9.48,155904
2010-03-08 16:00:00-05:00,9.45,9.7825,9.45,9.67,217539
2010-03-09 16:00:00-05:00,9.7,10.0,9.57,9.685,398850
2010-03-10 16:00:00-05:00,9.72,10.25,9.61,10.24,502472
2010-03-11 16:00:00-05:00,10.2,10.32,10.0,10.11,374744
2010-03-12 16:00:00-05:00,10.19,10.19,9.61,9.8,263900
2010-03-15 16:00:00-04:00,9.73,9.86,9.44,9.77,313709
2010-03-16 16:00:00-04:00,9.78,9.82,9.35,9.53,270189
2010-03-17 16:00:00-04:00,9.58,9.75,9.52,9.63,173899
2010-03-18 16:00:00-04:00,9.56,9.75,9.51,9.73,204819
2010-03-19 16:00:00-04:00,9.79,10.0,9.61,9.85,353439
2010-03-22 16:00:00-04:00,9.79,10.4,9.68,10.32,322114
2010-03-23 16:00:00-04:00,10.39,10.84,10.3,10.82,567134
2010-03-24 16:00:00-04:00,10.8,10.95,10.52,10.56,289516
2010-03-25 16:00:00-04:00,10.61,10.72,10.12,10.13,352696
2010-03-26 16:00:00-04:00,10.15,10.28,9.8,9.83,397243
2010-03-29 16:00:00-04:00,9.89,10.15,9.88,9.97,171450
2010-03-30 16:00:00-04:00,9.99,10.18,9.78,9.85,236670
2010-03-31 16:00:00-04:00,9.79,9.93,9.72,9.74,520661
2010-04-05 16:00:00-04:00,9.93,10.25,9.84,10.01,316089
2010-04-06 16:00:00-04:00,9.94,10.1,9.84,9.87,163475
2010-04-07 16:00:00-04:00,9.9,10.01,9.36,9.56,462164
2010-04-08 16:00:00-04:00,9.56,9.58,9.41,9.51,342574
2010-04-09 16:00:00-04:00,9.5,9.93,9.46,9.92,372915
2010-04-12 16:00:00-04:00,9.93,10.21,9.93,10.11,227895
2010-04-13 16:00:00-04:00,10.11,10.47,10.05,10.42,265979
2010-04-14 16:00:00-04:00,10.5,10.81,10.5,10.8,348032
2010-04-15 16:00:00-04:00,10.82,11.0,10.81,10.99,216284
2010-04-16 16:00:00-04:00,10.99,11.0,10.7,10.86,278773
2010-04-19 16:00:00-04:00,10.85,10.88,10.52,10.68,123314
2010-04-20 16:00:00-04:00,10.75,10.97,10.6575,10.96,184663
2010-04-21 16:00:00-04:00,10.98,10.98,10.57,10.97,194611
2010-04-22 16:00:00-04:00,10.85,11.1,10.75,11.01,286458
2010-04-23 16:00:00-04:00,11.07,11.2,10.39,10.57,396640
2010-04-26 16:00:00-04:00,10.55,10.7,10.35,10.57,200757
2010-04-27 16:00:00-04:00,10.55,10.85,10.55,10.77,386444
2010-04-28 16:00:00-04:00,10.85,10.96,10.72,10.95,179065
2010-04-29 16:00:00-04:00,11.0,11.37,10.93,11.31,317967
2010-04-30 16:00:00-04:00,11.31,11.38,10.82,10.95,738727
2010-05-03 16:00:00-04:00,10.95,11.39,10.93,11.35,315167
2010-05-04 16:00:00-04:00,11.19,11.19,10.74,10.87,291045
2010-05-05 16:00:00-04:00,10.65,10.9,10.3,10.52,267103
2010-05-06 16:00:00-04:00,10.3,10.33,9.71,9.88,703710
2010-05-07 16:00:00-04:00,9.88,10.16,9.15,9.27,642825
2010-05-10 16:00:00-04:00,9.85,9.8525,9.4,9.52,412781
2010-05-11 16:00:00-04:00,9.41,10.22,9.28,10.07,321689
2010-05-12 16:00:00-04:00,10.13,10.71,10.13,10.67,230802
2010-05-13 16:00:00-04:00,10.7,11.26,10.7,10.92,203060
2010-05-14 16:00:00-04:00,10.82,11.01,10.69,10.95,237652
2010-05-17 16:00:00-04:00,10.96,11.16,10.59,10.97,242683
2010-05-18 16:00:00-04:00,11.13,11.2,10.62,10.68,157749
2010-05-19 16:00:00-04:00,10.71,11.16,10.71,10.93,433877
2010-05-20 16:00:00-04:00,10.67,10.83,10.13,10.22,525227
2010-05-21 16:00:00-04:00,10.02,10.35,9.73,10.32,512388
2010-05-24 16:00:00-04:00,10.28,10.28,9.92,9.95,208685
2010-05-25 16:00:00-04:00,9.67,10.1325,9.54,10.09,310009
2010-05-26 16:00:00-04:00,10.12,10.56,9.9,9.95,308446
2010-05-27 16:00:00-04:00,10.22,10.43,9.97,10.39,202737
2010-05-28 16:00:00-04:00,10.33,10.6,10.09,10.53,222068
2010-06-01 16:00:00-04:00,10.34,10.35,9.33,9.8,851667
2010-06-02 16:00:00-04:00,9.81,10.29,9.7,10.25,622794
2010-06-03 16:00:00-04:00,10.21,10.5,10.14,10.38,249337
2010-06-04 16:00:00-04:00,10.06,10.45,9.5584,9.585,302536
2010-06-07 16:00:00-04:00,9.64,9.83,9.24,9.29,368886
2010-06-08 16:00:00-04:00,9.32,9.42,8.92,9.22,241256
2010-06-09 16:00:00-04:00,9.35,9.97,9.26,9.73,531153
2010-06-10 16:00:00-04:00,9.92,9.98,9.6,9.81,418543
2010-06-11 16:00:00-04:00,9.62,10.13,9.62,10.13,346018
2010-06-14 16:00:00-04:00,10.26,10.41,10.04,10.13,300662
2010-06-15 16:00:00-04:00,10.21,10.6,10.01,10.56,407031
2010-06-16 16:00:00-04:00,10.51,11.73,10.31,11.65,980354
2010-06-17 16:00:00-04:00,11.73,11.738,11.22,11.39,316578
2010-06-18 16:00:00-04:00,11.41,11.5,11.19,11.47,530310
2010-06-21 16:00:00-04:00,11.6,11.9,11.355,11.46,247359
2010-06-22 16:00:00-04:00,11.47,11.64,11.11,11.14,226658
2010-06-23 16:00:00-04:00,11.13,11.29,10.87,11.09,148562
2010-06-24 16:00:00-04:00,10.99,11.1,10.75,10.79,337565
2010-06-25 16:00:00-04:00,10.84,11.18,10.53,11.18,839294
2010-06-28 16:00:00-04:00,11.01,11.6,10.9,11.41,343175
2010-06-29 16:00:00-04:00,11.2,11.34,10.95,11.1,311011
2010-06-30 16:00:00-04:00,11.13,12.0201,11.1,11.56,475457
2010-07-01 16:00:00-04:00,11.55,11.55,10.68,11.29,428553
2010-07-02 16:00:00-04:00,11.4,11.61,11.08,11.46,254830
2010-07-06 16:00:00-04:00,11.62,11.7725,10.89,11.03,813412
2010-07-07 16:00:00-04:00,11.11,11.39,11.01,11.37,235855
2010-07-08 16:00:00-04:00,11.48,11.48,11.03,11.24,473457
2010-07-09 16:00:00-04:00,11.19,11.49,11.1,11.45,260158
2010-07-12 16:00:00-04:00,11.43,11.56,11.04,11.07,261609
2010-07-13 16:00:00-04:00,11.25,11.35,11.11,11.3,249797
2010-07-14 16:00:00-04:00,11.22,11.6,11.21,11.55,268855
2010-07-15 16:00:00-04:00,11.55,11.55,11.21,11.32,235673
2010-07-16 16:00:00-04:00,11.19,11.21,10.82,10.88,269283
2010-07-19 16:00:00-04:00,10.92,11.05,10.77,10.97,211637
2010-07-20 16:00:00-04:00,10.79,11.14,10.79,11.13,127914
2010-07-21 16:00:00-04:00,11.24,11.26,10.74,10.76,184530
2010-07-22 16:00:00-04:00,10.97,11.25,10.97,11.19,729737
2010-07-23 16:00:00-04:00,11.13,11.6295,10.79,11.5,502442
2010-07-26 16:00:00-04:00,11.58,11.86,11.5,11.8,698730
2010-07-27 16:00:00-04:00,11.9,12.06,11.7701,11.9,662922
2010-07-28 16:00:00-04:00,11.84,11.84,11.46,11.48,282441
2010-07-29 16:00:00-04:00,11.63,11.65,11.05,11.12,370125
2010-07-30 16:00:00-04:00,10.92,11.31,10.91,11.16,337686
2010-08-02 16:00:00-04:00,11.33,11.69,11.29,11.64,238320
2010-08-03 16:00:00-04:00,11.61,11.87,11.37,11.72,267800
2010-08-04 16:00:00-04:00,12.03,12.35,11.77,12.26,459168
2010-08-05 16:00:00-04:00,12.11,12.11,11.835,11.9,243094
2010-08-06 16:00:00-04:00,11.74,11.74,11.34,11.71,240021
2010-08-09 16:00:00-04:00,11.81,12.07,11.63,12.05,309692
2010-08-10 16:00:00-04:00,11.88,12.4,11.81,12.33,517218
2010-08-11 16:00:00-04:00,12.01,12.34,12.01,12.09,406119
2010-08-12 16:00:00-04:00,11.89,12.23,11.72,12.15,396984
2010-08-13 16:00:00-04:00,12.095,12.56,12.09,12.28,491589
2010-08-16 16:00:00-04:00,12.17,12.83,12.17,12.73,791337
2010-08-17 16:00:00-04:00,12.93,13.31,12.56,12.59,496386
2010-08-18 16:00:00-04:00,12.61,12.98,12.29,12.6675,425273
2010-08-19 16:00:00-04:00,12.56,12.75,12.24,12.45,360971
2010-08-20 16:00:00-04:00,12.35,12.5799,12.04,12.48,306274
2010-08-23 16:00:00-04:00,12.5,12.7,12.2,12.5,539871
2010-08-24 16:00:00-04:00,12.33,12.49,12.05,12.11,389079
2010-08-25 16:00:00-04:00,12.02,12.42,12.02,12.36,306625
2010-08-26 16:00:00-04:00,12.39,12.6391,12.1,12.24,193796
2010-08-27 16:00:00-04:00,12.44,12.8,12.15,12.74,405474
2010-08-30 16:00:00-04:00,12.72,12.94,12.61,12.62,227781
2010-08-31 16:00:00-04:00,12.57,12.85,12.23,12.23,540980
2010-09-01 16:00:00-04:00,12.47,12.88,12.47,12.82,437658
2010-09-02 16:00:00-04:00,12.78,13.13,12.65,13.1,262614
2010-09-03 16:00:00-04:00,13.2,13.425,12.77,13.105,282762
2010-09-07 16:00:00-04:00,13.09,13.27,12.9,12.97,291522
2010-09-08 16:00:00-04:00,12.95,13.4,12.95,13.12,265896
2010-09-09 16:00:00-04:00,13.35,13.67,13.22,13.48,289062
2010-09-10 16:00:00-04:00,13.49,13.56,12.99,13.07,273899
2010-09-13 16:00:00-04:00,13.26,13.36,12.98,13.22,462077
2010-09-14 16:00:00-04:00,13.17,13.34,13.08,13.12,232878
2010-09-15 16:00:00-04:00,13.1,13.49,13.06,13.41,301364
2010-09-16 16:00:00-04:00,13.41,13.41,13.13,13.29,176187
2010-09-17 16:00:00-04:00,13.46,13.5,13.04,13.35,491791
2010-09-20 16:00:00-04:00,13.43,13.88,13.3,13.83,340673
2010-09-21 16:00:00-04:00,13.86,13.95,13.66,13.8,581087
2010-09-22 16:00:00-04:00,13.78,13.99,13.73,13.85,293042
2010-09-23 16:00:00-04:00,13.7,13.93,13.43,13.6,275922
2010-09-24 16:00:00-04:00,13.82,14.18,13.65,14.06,419052
2010-09-27 16:00:00-04:00,14.1,14.1,13.62,13.67,253940
2010-09-28 16:00:00-04:00,13.67,13.85,13.37,13.53,455399
2010-09-29 16:00:00-04:00,13.45,13.6,13.38,13.39,315942
2010-09-30 16:00:00-04:00,13.53,13.53,12.89,13.22,494665
2010-10-01 16:00:00-04:00,13.36,13.36,13.06,13.26,277479
2010-10-04 16:00:00-04:00,13.26,13.4,13.0,13.27,224264
2010-10-05 16:00:00-04:00,13.4,13.49,13.21,13.2925,633188
2010-10-06 16:00:00-04:00,13.29,13.43,13.18,13.32,241380
2010-10-07 16:00:00-04:00,13.41,13.42,13.21,13.36,292249
2010-10-08 16:00:00-04:00,13.33,13.74,13.21,13.65,461483
2010-10-11 16:00:00-04:00,13.64,14.29,13.64,14.05,320288
2010-10-12 16:00:00-04:00,13.96,14.11,13.8,14.0,202014
2010-10-13 16:00:00-04:00,14.07,14.47,13.925,14.29,422786
2010-10-14 16:00:00-04:00,14.25,14.47,14.01,14.2,323923
2010-10-15 16:00:00-04:00,14.39,14.3925,13.91,14.1,219731
2010-10-18 16:00:00-04:00,14.18,14.36,14.0,14.35,161461
2010-10-19 16:00:00-04:00,14.1,14.47,14.0,14.13,283488
2010-10-20 16:00:00-04:00,14.19,14.39,13.95,14.07,281881
2010-10-21 16:00:00-04:00,14.18,14.21,13.71,13.83,287331
2010-10-22 16:00:00-04:00,13.87,14.15,13.72,14.15,153429
2010-10-25 16:00:00-04:00,14.3,14.32,13.86,14.06,259406
2010-10-26 16:00:00-04:00,14.02,14.33,13.941,14.15,202739
2010-10-27 16:00:00-04:00,14.06,14.24,13.88,14.01,252388
2010-10-28 16:00:00-04:00,14.16,14.16,13.82,13.86,137704
2010-10-29 16:00:00-04:00,13.88,14.02,13.73,13.79,165916
2010-11-01 16:00:00-04:00,13.81,13.98,13.4,13.54,366016
2010-11-02 16:00:00-04:00,13.73,13.96,13.54,13.85,226147
2010-11-03 16:00:00-04:00,13.82,14.0,13.68,13.91,236743
2010-11-04 16:00:00-04:00,14.12,14.35,13.81,13.91,410481
2010-11-05 16:00:00-04:00,10.25,11.69,9.91,10.85,7376501
2010-11-08 16:00:00-05:00,10.78,11.09,10.23,11.01,1119510
2010-11-09 16:00:00-05:00,11.28,12.1,11.21,11.92,2775538
2010-11-10 16:00:00-05:00,11.96,12.16,11.61,12.14,658871
2010-11-11 16:00:00-05:00,12.0,12.1,11.8,11.91,503399
2010-11-12 16:00:00-05:00,11.8,11.97,11.66,11.71,388152
2010-11-15 16:00:00-05:00,11.72,11.96,11.72,11.88,258248
2010-11-16 16:00:00-05:00,11.85,12.1,11.695,11.85,469258
2010-11-17 16:00:00-05:00,11.92,11.92,11.59,11.65,414223
2010-11-18 16:00:00-05:00,11.77,11.98,11.66,11.89,301393
2010-11-19 16:00:00-05:00,11.91,12.38,11.9,11.93,457368
2010-11-22 16:00:00-05:00,11.84,12.14,11.69,11.87,236083
2010-11-23 16:00:00-05:00,11.73,11.86,11.61,11.81,196119
2010-11-24 16:00:00-05:00,11.88,11.99,11.79,11.96,215543
2010-11-26 13:00:00-05:00,11.86,11.95,11.79,11.88,78276
2010-11-29 16:00:00-05:00,11.79,11.82,11.24,11.49,523138
2010-11-30 16:00:00-05:00,11.38,11.62,11.225,11.275,486920
2010-12-01 16:00:00-05:00,11.52,12.11,11.52,11.91,429992
2010-12-02 16:00:00-05:00,11.94,12.0,11.72,11.75,267380
2010-12-03 16:00:00-05:00,11.68,11.89,11.68,11.8,202909
2010-12-06 16:00:00-05:00,11.75,12.05,11.75,12.0,236978
2010-12-07 16:00:00-05:00,11.89,12.3494,11.78,12.16,337179
2010-12-08 16:00:00-05:00,12.21,12.33,12.03,12.11,280750
2010-12-09 16:00:00-05:00,12.2,12.29,12.01,12.16,200091
2010-12-10 16:00:00-05:00,12.21,12.26,12.13,12.1995,426758
2010-12-13 16:00:00-05:00,12.23,12.27,12.07,12.07,189176
2010-12-14 16:00:00-05:00,12.08,12.96,12.0,12.96,446632
2010-12-15 16:00:00-05:00,12.88,13.05,12.79,12.83,357490
2010-12-16 16:00:00-05:00,12.88,13.225,12.88,13.14,416527
2010-12-17 16:00:00-05:00,13.11,13.2,12.85,13.11,812978
2010-12-20 16:00:00-05:00,13.15,13.6,13.15,13.52,318458
2010-12-21 16:00:00-05:00,13.6,13.7,13.43,13.62,157394
2010-12-22 16:00:00-05:00,13.6,13.83,13.51,13.82,200595
2010-12-23 16:00:00-05:00,13.44,13.96,13.3901,13.61,323129
2010-12-27 16:00:00-05:00,13.62,13.78,13.5,13.71,112485
2010-12-28 16:00:00-05:00,13.76,13.8,13.54,13.74,92290
2010-12-29 16:00:00-05:00,13.74,13.98,13.59,13.96,173836
2010-12-30 16:00:00-05:00,13.91,14.05,13.64,13.77,201143
2010-12-31 16:00:00-05:00,13.77,13.98,13.51,13.65,194258
2011-01-03 16:00:00-05:00,13.74,13.77,13.47,13.71,607519
2011-01-04 16:00:00-05:00,13.77,13.84,13.14,13.32,318184
2011-01-05 16:00:00-05:00,13.33,13.7,13.31,13.7,238004
2011-01-06 16:00:00-05:00,13.67,13.77,13.56,13.7,159149
2011-01-07 16:00:00-05:00,13.76,13.83,13.57,13.73,216466
2011-01-10 16:00:00-05:00,13.62,13.74,13.43,13.7,225451
2011-01-11 16:00:00-05:00,13.71,14.05,13.62,14.01,348540
2011-01-12 16:00:00-05:00,14.0,15.2,14.0,15.17,1601659
2011-01-13 16:00:00-05:00,15.07,15.52,14.86,15.42,928755
2011-01-14 16:00:00-05:00,15.47,15.61,15.22,15.39,787122
2011-01-18 16:00:00-05:00,15.45,16.05,15.22,15.79,606495
2011-01-19 16:00:00-05:00,15.8,16.06,14.82,15.12,818583
2011-01-20 16:00:00-05:00,15.0,15.01,14.65,14.72,662353
2011-01-21 16:00:00-05:00,14.77,14.93,14.32,14.4,492929
2011-01-24 16:00:00-05:00,14.37,14.94,14.37,14.76,209761
2011-01-25 16:00:00-05:00,14.71,14.92,14.34,14.5,216053
2011-01-26 16:00:00-05:00,14.38,14.88,14.38,14.5,613350
2011-01-27 16:00:00-05:00,14.51,14.78,14.41,14.49,308474
2011-01-28 16:00:00-05:00,14.46,14.5,13.73,14.1,549772
2011-01-31 16:00:00-05:00,14.21,14.47,13.95,14.105,370482
2011-02-01 16:00:00-05:00,14.14,14.54,14.06,14.13,495267
2011-02-02 16:00:00-05:00,14.1,14.29,13.81,13.86,533822
2011-02-03 16:00:00-05:00,13.87,14.14,13.77,14.14,194024
2011-02-04 16:00:00-05:00,14.17,14.53,14.01,14.32,146319
2011-02-07 16:00:00-05:00,14.28,14.74,14.24,14.57,252522
2011-02-08 16:00:00-05:00,14.53,14.71,14.135,14.66,459856
2011-02-09 16:00:00-05:00,14.58,14.95,14.35,14.75,255698
2011-02-10 16:00:00-05:00,14.6,14.77,14.45,14.73,216787
2011-02-11 16:00:00-05:00,14.64,14.76,14.53,14.75,135525
2011-02-14 16:00:00-05:00,14.7,14.88,14.61,14.69,172834
2011-02-15 16:00:00-05:00,14.69,14.8,14.5,14.66,202284
2011-02-16 16:00:00-05:00,14.68,14.75,14.52,14.72,188227
2011-02-17 16:00:00-05:00,14.73,14.94,14.52,14.92,212930
2011-02-18 16:00:00-05:00,14.98,14.98,14.4901,14.82,283629
2011-02-22 16:00:00-05:00,14.62,14.79,14.27,14.35,207564
2011-02-23 16:00:00-05:00,14.32,14.49,13.94,14.17,317910
2011-02-24 16:00:00-05:00,14.19,14.25,14.01,14.24,246647
2011-02-25 16:00:00-05:00,14.41,14.75,14.3,14.73,210675
2011-02-28 16:00:00-05:00,14.84,15.04,14.32,14.63,212846
2011-03-01 16:00:00-05:00,14.71,14.93,14.14,14.18,297051
2011-03-02 16:00:00-05:00,14.13,14.36,13.97,14.34,363250
2011-03-03 16:00:00-05:00,14.49,14.77,14.38,14.58,225016
2011-03-04 16:00:00-05:00,14.73,15.27,14.65,15.13,848947
2011-03-07 16:00:00-05:00,15.16,15.16,14.05,14.41,388968
2011-03-08 16:00:00-05:00,14.38,14.51,14.09,14.3,299794
2011-03-09 16:00:00-05:00,14.22,14.39,14.04,14.24,201101
2011-03-10 16:00:00-05:00,14.05,14.47,13.73,13.9,486436
2011-03-11 16:00:00-05:00,13.87,13.96,13.66,13.87,399501
2011-03-14 16:00:00-04:00,13.52,13.88,13.5,13.6,319752
2011-03-15 16:00:00-04:00,13.12,13.5,13.0,13.4,388358
2011-03-16 16:00:00-04:00,13.36,13.53,13.11,13.36,587321
2011-03-17 16:00:00-04:00,13.5,13.69,13.28,13.3,252769
2011-03-18 16:00:00-04:00,13.4,13.42,13.205,13.35,289767
2011-03-21 16:00:00-04:00,14.0,14.29,13.88,14.26,699768
2011-03-22 16:00:00-04:00,14.26,14.56,14.26,14.505,363311
2011-03-23 16:00:00-04:00,14.5,14.63,14.26,14.28,355646
2011-03-24 16:00:00-04:00,14.4,14.56,14.18,14.53,248947
2011-03-25 16:00:00-04:00,14.63,14.88,14.55,14.64,312462
2011-03-28 16:00:00-04:00,14.74,15.01,14.65,14.83,378821
2011-03-29 16:00:00-04:00,15.04,15.66,14.96,15.61,635665
2011-03-30 16:00:00-04:00,15.62,15.87,15.45,15.75,268187
2011-03-31 16:00:00-04:00,15.77,15.89,15.51,15.52,256133
2011-04-01 16:00:00-04:00,15.63,16.27,15.56,16.27,593852
2011-04-04 16:00:00-04:00,16.36,16.53,16.11,16.14,240317
2011-04-05 16:00:00-04:00,16.14,16.42,15.96,16.36,330892
2011-04-06 16:00:00-04:00,16.37,16.66,16.19,16.5,357955
2011-04-07 16:00:00-04:00,16.47,16.85,16.31,16.31,545876
2011-04-08 16:00:00-04:00,16.45,16.65,16.18,16.21,467655
2011-04-11 16:00:00-04:00,16.18,16.5,16.065,16.35,202257
2011-04-12 16:00:00-04:00,16.25,16.3283,16.0,16.1,217497
2011-04-13 16:00:00-04:00,16.17,16.26,16.0,16.25,173712
2011-04-14 16:00:00-04:00,16.05,16.12,15.77,15.96,397902
2011-04-15 16:00:00-04:00,15.87,16.08,15.65,16.01,527329
2011-04-18 16:00:00-04:00,15.78,15.94,15.51,15.78,334132
2011-04-19 16:00:00-04:00,15.83,15.89,15.36,15.81,592575
2011-04-20 16:00:00-04:00,16.05,16.59,15.94,16.58,569707
2011-04-21 16:00:00-04:00,16.73,16.77,16.27,16.39,146303
2011-04-25 16:00:00-04:00,16.31,16.52,16.0,16.49,189874
2011-04-26 16:00:00-04:00,16.52,16.84,16.26,16.26,318984
2011-04-27 16:00:00-04:00,16.25,16.37,15.96,16.35,218325
2011-04-28 16:00:00-04:00,16.34,16.68,16.34,16.66,145486
2011-04-29 16:00:00-04:00,16.73,16.83,16.59,16.65,472182
2011-05-02 16:00:00-04:00,16.69,16.87,16.59,16.72,500836
2011-05-03 16:00:00-04:00,16.69,16.91,16.13,16.5,347751
2011-05-04 16:00:00-04:00,16.47,16.71,16.25,16.42,615767
2011-05-05 16:00:00-04:00,15.25,15.4,14.73,14.9,2420130
2011-05-06 16:00:00-04:00,15.04,15.17,14.89,15.01,846793
2011-05-09 16:00:00-04:00,14.98,15.19,14.91,15.08,636501
2011-05-10 16:00:00-04:00,15.2,15.39,15.11,15.33,415455
2011-05-11 16:00:00-04:00,15.3,15.415,15.19,15.32,394352
2011-05-12 16:00:00-04:00,15.2,15.665,15.19,15.6,500970
2011-05-13 16:00:00-04:00,15.63,15.7,15.15,15.4,278817
2011-05-16 16:00:00-04:00,15.26,15.43,15.1,15.25,295619
2011-05-17 16:00:00-04:00,15.15,15.28,14.96,15.14,275152
2011-05-18 16:00:00-04:00,15.0,15.57,14.98,15.31,384367
2011-05-19 16:00:00-04:00,15.45,15.5,15.15,15.45,381831
2011-05-20 16:00:00-04:00,15.34,15.48,15.19,15.4,269521
2011-05-23 16:00:00-04:00,15.12,15.2,14.83,15.04,234430
2011-05-24 16:00:00-04:00,15.06,15.07,14.46,14.6,402959
2011-05-25 16:00:00-04:00,14.54,15.08,14.51,14.98,375761
2011-05-26 16:00:00-04:00,15.0,15.32,14.84,15.25,347448
2011-05-27 16:00:00-04:00,15.35,15.4,15.22,15.3,182372
2011-05-31 16:00:00-04:00,15.4,15.79,15.28,15.77,960549
2011-06-01 16:00:00-04:00,15.73,15.75,15.1,15.17,405845
2011-06-02 16:00:00-04:00,15.03,15.57,14.83,15.0,536714
2011-06-03 16:00:00-04:00,14.75,15.05,14.49,14.59,492459
2011-06-06 16:00:00-04:00,14.47,14.67,14.03,14.09,392596
2011-06-07 16:00:00-04:00,14.21,14.42,14.1,14.1,202389
2011-06-08 16:00:00-04:00,14.05,14.2,13.86,13.91,284968
2011-06-09 16:00:00-04:00,13.99,14.13,13.88,14.01,302230
2011-06-10 16:00:00-04:00,13.91,14.01,13.4,13.5,364851
2011-06-13 16:00:00-04:00,13.57,13.62,13.18,13.21,246023
2011-06-14 16:00:00-04:00,13.37,13.59,13.26,13.56,241284
2011-06-15 16:00:00-04:00,13.39,13.54,13.01,13.05,517772
2011-06-16 16:00:00-04:00,13.05,13.43,12.9,13.16,1425009
2011-06-17 16:00:00-04:00,13.33,13.65,13.26,13.4,677398
2011-06-20 16:00:00-04:00,13.36,13.83,13.35,13.72,484102
2011-06-21 16:00:00-04:00,13.87,14.57,13.75,14.54,725867
2011-06-22 16:00:00-04:00,14.42,15.08,14.42,14.7,792756
2011-06-23 16:00:00-04:00,14.48,14.7,14.2756,14.68,289530
2011-06-24 16:00:00-04:00,14.68,14.87,14.42,14.6,760707
2011-06-27 16:00:00-04:00,14.54,14.87,14.35,14.79,853453
2011-06-28 16:00:00-04:00,14.82,14.83,14.62,14.74,524638
2011-06-29 16:00:00-04:00,14.8,14.8,14.45,14.49,333115
2011-06-30 16:00:00-04:00,14.5,14.63,14.44,14.49,484547
2011-07-01 16:00:00-04:00,14.51,14.95,14.47,14.61,721589
2011-07-05 16:00:00-04:00,14.65,14.97,14.53,14.93,491617
2011-07-06 16:00:00-04:00,14.87,15.1,14.77,14.97,310316
2011-07-07 16:00:00-04:00,15.12,15.59,15.03,15.53,600075
2011-07-08 16:00:00-04:00,15.22,15.5,15.17,15.47,229902
2011-07-11 16:00:00-04:00,15.27,15.5,15.09,15.19,350113
2011-07-12 16:00:00-04:00,15.11,15.51,15.1,15.21,491736
2011-07-13 16:00:00-04:00,15.29,15.48,15.27,15.34,258245
2011-07-14 16:00:00-04:00,15.37,15.64,15.2328,15.56,1045140
2011-07-15 16:00:00-04:00,15.63,15.77,15.475,15.66,415662
2011-07-18 16:00:00-04:00,15.62,15.65,15.48,15.63,526119
2011-07-19 16:00:00-04:00,15.4,15.48,15.09,15.26,1151447
2011-07-20 16:00:00-04:00,15.31,15.47,15.12,15.31,692744
2011-07-21 16:00:00-04:00,15.4,15.54,15.21,15.44,325369
2011-07-22 16:00:00-04:00,15.47,15.47,15.31,15.43,114507
2011-07-25 16:00:00-04:00,15.33,15.44,15.17,15.19,450798
2011-07-26 16:00:00-04:00,15.25,15.52,14.56,14.62,679383
2011-07-27 16:00:00-04:00,14.51,14.51,13.92,14.09,581746
2011-07-28 16:00:00-04:00,14.02,14.319,14.0001,14.17,384774
2011-07-29 16:00:00-04:00,14.08,14.3,13.985,14.18,410799
2011-08-01 16:00:00-04:00,14.41,14.54,13.82,14.13,531598
2011-08-02 16:00:00-04:00,14.1,13.62,13.02,13.1,959303
2011-08-03 16:00:00-04:00,13.07,13.62,12.83,13.39,928448
2011-08-04 16:00:00-04:00,12.44,12.76,10.96,10.96,2496837
2011-08-05 16:00:00-04:00,11.19,11.48,10.77,11.24,1172042
2011-08-08 16:00:00-04:00,10.81,11.21,10.25,10.3,1181341
2011-08-09 16:00:00-04:00,10.66,11.18,9.83,11.16,1044898
2011-08-10 16:00:00-04:00,11.54,11.54,10.27,10.31,799965
2011-08-11 16:00:00-04:00,10.4,11.13,10.26,10.95,578011
2011-08-12 16:00:00-04:00,11.1782,11.2485,10.79,11.14,461465
2011-08-15 16:00:00-04:00,11.31,11.59,11.13,11.54,413772
2011-08-16 16:00:00-04:00,11.61,11.69,11.24,11.35,472045
2011-08-17 16:00:00-04:00,11.43,11.6885,11.12,11.31,400944
2011-08-18 16:00:00-04:00,10.93,11.0,10.58,10.74,788929
2011-08-19 16:00:00-04:00,10.43,11.06,10.28,10.84,693976
2011-08-22 16:00:00-04:00,11.19,11.2287,10.55,10.91,598253
2011-08-23 16:00:00-04:00,10.94,11.36,10.52,11.35,628643
2011-08-24 16:00:00-04:00,11.27,11.75,10.99,11.72,330442
2011-08-25 16:00:00-04:00,11.82,11.82,11.24,11.31,341432
2011-08-26 16:00:00-04:00,11.2,11.68,11.0169,11.67,198068
2011-08-29 16:00:00-04:00,11.85,12.4,11.71,12.38,339922
2011-08-30 16:00:00-04:00,12.31,12.38,11.96,12.08,331410
2011-08-31 16:00:00-04:00,12.19,12.29,11.74,12.03,376248
2011-09-01 16:00:00-04:00,11.97,12.33,11.58,11.76,399521
2011-09-02 16:00:00-04:00,11.41,12.02,11.41,11.52,388516
2011-09-06 16:00:00-04:00,11.06,11.36,10.99,11.36,283378
2011-09-07 16:00:00-04:00,11.61,12.15,11.41,12.08,335638
2011-09-08 16:00:00-04:00,11.96,12.32,11.92,12.0,417532
2011-09-09 16:00:00-04:00,11.82,12.0,11.53,11.64,465670
2011-09-12 16:00:00-04:00,11.41,11.78,11.31,11.58,224677
2011-09-13 16:00:00-04:00,11.65,12.09,11.3266,12.05,256797
2011-09-14 16:00:00-04:00,12.14,12.6,12.01,12.36,472282
2011-09-15 16:00:00-04:00,12.5,12.8,12.21,12.71,599792
2011-09-16 16:00:00-04:00,12.75,12.79,12.54,12.79,477768
2011-09-19 16:00:00-04:00,12.52,12.95,12.5,12.77,424260
2011-09-20 16:00:00-04:00,13.04,13.69,12.6752,13.09,777277
2011-09-21 16:00:00-04:00,13.11,13.35,12.56,12.595,616234
2011-09-22 16:00:00-04:00,12.15,12.6495,11.65,11.89,885879
2011-09-23 16:00:00-04:00,11.89,12.3,11.61,11.89,678578
2011-09-26 16:00:00-04:00,12.0,12.4245,11.55,12.0,576629
2011-09-27 16:00:00-04:00,12.35,13.04,12.05,12.85,690339
2011-09-28 16:00:00-04:00,12.81,13.03,12.21,12.22,348818
2011-09-29 16:00:00-04:00,12.61,12.7399,12.18,12.55,299963
2011-09-30 16:00:00-04:00,12.3,12.52,11.98,12.0,510083
2011-10-03 16:00:00-04:00,11.82,12.12,11.21,11.36,634400
2011-10-04 16:00:00-04:00,11.29,12.24,11.22,12.2,645317
2011-10-05 16:00:00-04:00,12.26,12.43,12.05,12.22,300420
2011-10-06 16:00:00-04:00,12.22,12.29,11.93,12.09,448332
2011-10-07 16:00:00-04:00,12.11,12.29,11.07,11.1,773509
2011-10-10 16:00:00-04:00,11.38,11.54,11.19,11.49,479651
2011-10-11 16:00:00-04:00,11.38,11.68,11.34,11.47,265934
2011-10-12 16:00:00-04:00,11.58,11.79,11.22,11.29,499232
2011-10-13 16:00:00-04:00,11.19,11.31,11.1,11.25,388835
2011-10-14 16:00:00-04:00,11.45,11.49,11.03,11.23,335747
2011-10-17 16:00:00-04:00,11.05,11.59,10.57,10.62,328815
2011-10-18 16:00:00-04:00,10.65,10.8482,10.45,10.74,485152
2011-10-19 16:00:00-04:00,10.75,10.91,10.255,10.32,566481
2011-10-20 16:00:00-04:00,10.38,10.68,9.895,10.26,519119
2011-10-21 16:00:00-04:00,10.52,10.6431,10.12,10.26,850486
2011-10-24 16:00:00-04:00,10.33,11.05,10.32,11.03,822719
2011-10-25 16:00:00-04:00,10.95,11.02,10.44,10.48,338842
2011-10-26 16:00:00-04:00,10.68,10.68,10.13,10.18,1190484
2011-10-27 16:00:00-04:00,10.61,10.61,9.125,9.4,1910702
2011-10-28 16:00:00-04:00,9.13,10.12,9.13,10.04,1080695
2011-10-31 16:00:00-04:00,9.8,9.98,9.7,9.79,805314
2011-11-01 16:00:00-04:00,9.42,9.61,9.34,9.4,1118603
2011-11-02 16:00:00-04:00,9.4,10.1,9.15,9.8,1042682
2011-11-03 16:00:00-04:00,7.45,8.57,7.33,7.87,3909005
2011-11-04 16:00:00-04:00,7.86,8.0,7.54,7.63,2235091
2011-11-07 16:00:00-05:00,7.61,7.72,7.33,7.41,1210214
2011-11-08 16:00:00-05:00,7.44,7.45,7.11,7.38,986682
2011-11-09 16:00:00-05:00,7.13,7.315,7.07,7.11,620589
2011-11-10 16:00:00-05:00,7.21,7.35,7.02,7.08,424276
2011-11-11 16:00:00-05:00,7.18,7.36,7.08,7.34,771733
2011-11-14 16:00:00-05:00,7.3,7.3,6.98,7.0,754284
2011-11-15 16:00:00-05:00,6.99,7.24,6.9,7.21,724756
2011-11-16 16:00:00-05:00,7.12,7.21,7.03,7.04,428266
2011-11-17 16:00:00-05:00,7.02,7.1,6.95,7.0,341850
2011-11-18 16:00:00-05:00,7.25,7.35,7.06,7.1,1420316
2011-11-21 16:00:00-05:00,6.97,7.0,6.87,6.94,580867
2011-11-22 16:00:00-05:00,6.96,7.032,6.86,6.91,309061
2011-11-23 16:00:00-05:00,6.85,7.005,6.75,6.95,854884
2011-11-25 13:00:00-05:00,6.91,7.0,6.84,6.93,340355
2011-11-28 16:00:00-05:00,7.14,7.41,7.09,7.41,725610
2011-11-29 16:00:00-05:00,7.4,7.57,7.4,7.51,555318
2011-11-30 16:00:00-05:00,7.78,8.03,7.78,8.02,1070716
2011-12-01 16:00:00-05:00,8.01,8.08,7.9,8.0,573475
2011-12-02 16:00:00-05:00,8.11,8.34,8.0215,8.24,887424
2011-12-05 16:00:00-05:00,8.38,8.48,8.25,8.36,489006
2011-12-06 16:00:00-05:00,8.35,8.56,8.17,8.43,527616
2011-12-07 16:00:00-05:00,8.38,8.56,8.07,8.17,289925
2011-12-08 16:00:00-05:00,8.1,8.14,7.96,8.0,591562
2011-12-09 16:00:00-05:00,8.05,8.39,7.96,8.31,455127
2011-12-12 16:00:00-05:00,8.19,8.65,8.0,8.08,526470
2011-12-13 16:00:00-05:00,8.14,8.35,8.0,8.04,443723
2011-12-14 16:00:00-05:00,7.98,8.1,7.98,8.04,606269
2011-12-15 16:00:00-05:00,8.18,8.33,8.1,8.21,444512
2011-12-16 16:00:00-05:00,8.33,8.53,8.21,8.28,786291
2011-12-19 16:00:00-05:00,8.32,8.45,8.09,8.11,527897
2011-12-20 16:00:00-05:00,8.29,8.63,8.27,8.61,847036
2011-12-21 16:00:00-05:00,8.64,8.75,8.41,8.71,381623
2011-12-22 16:00:00-05:00,8.72,8.895,8.6,8.725,452669
2011-12-23 16:00:00-05:00,8.74,8.76,8.57,8.58,295674
2011-12-27 16:00:00-05:00,8.54,8.7,8.48,8.65,257699
2011-12-28 16:00:00-05:00,8.75,8.75,8.5,8.54,300568
2011-12-29 16:00:00-05:00,8.69,9.49,8.6,9.4,626245
2011-12-30 16:00:00-05:00,9.36,9.57,9.22,9.31,467345
2012-01-03 16:00:00-05:00,9.52,9.62,9.37,9.44,398406
2012-01-04 16:00:00-05:00,9.35,9.43,9.11,9.2,335029
2012-01-05 16:00:00-05:00,9.15,9.17,8.899,8.92,1004090
2012-01-06 16:00:00-05:00,8.91,9.04,8.76,8.87,326610
2012-01-09 16:00:00-05:00,8.85,8.99,8.64,8.84,333028
2012-01-10 16:00:00-05:00,8.98,9.03,8.82,8.86,329218
2012-01-11 16:00:00-05:00,8.85,10.17,8.64,10.13,1592687
2012-01-12 16:00:00-05:00,10.12,10.31,9.88,10.27,679815
2012-01-13 16:00:00-05:00,10.13,10.23,9.9,10.01,405737
2012-01-17 16:00:00-05:00,9.81,10.24,9.7722,10.16,863064
2012-01-18 16:00:00-05:00,10.17,10.69,10.14,10.67,485761
2012-01-19 16:00:00-05:00,10.67,10.92,10.635,10.82,547573
2012-01-20 16:00:00-05:00,10.79,10.87,10.64,10.72,615167
2012-01-23 16:00:00-05:00,10.75,10.9,10.49,10.57,566647
2012-01-24 16:00:00-05:00,10.51,10.82,10.4501,10.74,373792
2012-01-25 16:00:00-05:00,10.75,11.03,10.46,10.93,698270
2012-01-26 16:00:00-05:00,10.98,11.06,10.63,10.99,433954
2012-01-27 16:00:00-05:00,10.99,11.23,10.8,11.05,871240
2012-01-30 16:00:00-05:00,10.98,11.05,10.71,11.0,367853
2012-01-31 16:00:00-05:00,11.1,11.125,10.88,10.97,321711
2012-02-01 16:00:00-05:00,11.06,11.41,11.035,11.29,556002
2012-02-02 16:00:00-05:00,11.36,11.65,11.25,11.53,545667
2012-02-03 16:00:00-05:00,11.75,11.8799,11.61,11.7,499192
2012-02-06 16:00:00-05:00,11.58,11.82,11.4,11.76,488889
2012-02-07 16:00:00-05:00,11.69,11.81,11.48,11.71,272448
2012-02-08 16:00:00-05:00,11.72,11.82,11.31,11.37,363483
2012-02-09 16:00:00-05:00,11.41,11.58,11.06,11.37,251276
2012-02-10 16:00:00-05:00,11.24,11.35,11.02,11.12,244781
2012-02-13 16:00:00-05:00,11.23,11.27,11.13,11.2,346862
2012-02-14 16:00:00-05:00,11.11,11.49,11.0,11.18,196766
2012-02-15 16:00:00-05:00,11.2,11.2,10.9,10.94,335502
2012-02-16 16:00:00-05:00,10.96,11.85,10.96,11.8,485871
2012-02-17 16:00:00-05:00,11.89,11.895,11.55,11.6,332786
2012-02-21 16:00:00-05:00,11.59,11.75,11.34,11.45,375638
2012-02-22 16:00:00-05:00,11.46,11.51,11.08,11.19,243766
2012-02-23 16:00:00-05:00,11.25,11.63,11.02,11.19,653008
2012-02-24 16:00:00-05:00,11.22,11.348,10.65,10.8,895563
2012-02-27 16:00:00-05:00,10.74,10.77,10.26,10.71,584934
2012-02-28 16:00:00-05:00,10.72,11.11,10.68,11.09,470332
2012-02-29 16:00:00-05:00,11.13,11.2,10.77,10.79,413878
2012-03-01 16:00:00-05:00,10.84,11.2,10.71,10.73,384898
2012-03-02 16:00:00-05:00,10.71,10.8,10.22,10.37,348040
2012-03-05 16:00:00-05:00,10.31,10.52,10.25,10.35,201884
2012-03-06 16:00:00-05:00,10.21,10.36,10.08,10.1,531394
2012-03-07 16:00:00-05:00,10.15,10.35,10.14,10.24,368943
2012-03-08 16:00:00-05:00,10.31,10.38,10.15,10.35,296238
2012-03-09 16:00:00-05:00,10.37,10.43,10.1216,10.22,392005
2012-03-12 16:00:00-04:00,10.25,10.36,10.11,10.18,193234
2012-03-13 16:00:00-04:00,10.3,10.315,10.07,10.25,499868
2012-03-14 16:00:00-04:00,10.22,10.45,10.21,10.39,370015
2012-03-15 16:00:00-04:00,10.35,10.98,10.35,10.9,555541
2012-03-16 16:00:00-04:00,10.92,10.97,10.71,10.83,361206
2012-03-19 16:00:00-04:00,10.82,11.0,10.69,10.83,215459
2012-03-20 16:00:00-04:00,10.76,10.83,10.51,10.52,192622
2012-03-21 16:00:00-04:00,10.55,10.69,10.39,10.5,152104
2012-03-22 16:00:00-04:00,10.41,10.41,10.19,10.27,259471
2012-03-23 16:00:00-04:00,10.26,10.41,10.21,10.35,242221
2012-03-26 16:00:00-04:00,10.46,10.82,10.35,10.75,411850
2012-03-27 16:00:00-04:00,10.82,10.99,10.71,10.72,375029
2012-03-28 16:00:00-04:00,10.75,10.75,10.3,10.52,352073
2012-03-29 16:00:00-04:00,10.4,10.53,10.34,10.5,184039
2012-03-30 16:00:00-04:00,10.61,10.61,10.32,10.43,413394
2012-04-02 16:00:00-04:00,10.35,10.71,10.28,10.63,541880
2012-04-03 16:00:00-04:00,10.64,10.84,10.59,10.75,382120
2012-04-04 16:00:00-04:00,10.67,10.76,10.601,10.71,600430
2012-04-05 16:00:00-04:00,10.62,10.66,10.44,10.45,876910
2012-04-09 16:00:00-04:00,10.23,10.34,10.02,10.02,512496
2012-04-10 16:00:00-04:00,10.03,10.105,9.4,9.49,517936
2012-04-11 16:00:00-04:00,9.62,9.75,9.49,9.65,383651
2012-04-12 16:00:00-04:00,9.69,9.93,9.69,9.78,261537
2012-04-13 16:00:00-04:00,9.71,9.79,9.36,9.51,547234
2012-04-16 16:00:00-04:00,9.56,9.65,9.45,9.52,304100
2012-04-17 16:00:00-04:00,9.62,9.8,9.56,9.64,256902
2012-04-18 16:00:00-04:00,9.56,9.67,9.48,9.58,698905
2012-04-19 16:00:00-04:00,9.57,9.82,9.52,9.6,455937
2012-04-20 16:00:00-04:00,9.81,9.81,9.58,9.6,527500
2012-04-23 16:00:00-04:00,9.48,9.71,9.43,9.68,916286
2012-04-24 16:00:00-04:00,9.67,9.83,9.615,9.7,420499
2012-04-25 16:00:00-04:00,9.87,9.93,9.75,9.85,362640
2012-04-26 16:00:00-04:00,9.85,9.91,9.7795,9.85,354787
2012-04-27 16:00:00-04:00,9.92,10.04,9.8,9.97,260687
2012-04-30 16:00:00-04:00,9.99,9.99,9.77,9.78,337500
2012-05-01 16:00:00-04:00,9.78,10.01,9.78,9.8,481881
2012-05-02 16:00:00-04:00,9.69,10.11,9.63,10.11,640091
2012-05-03 16:00:00-04:00,10.0,10.1,9.75,10.01,1165079
2012-05-04 16:00:00-04:00,9.99,10.2,9.81,10.02,464553
2012-05-07 16:00:00-04:00,10.0,10.19,9.92,10.1,321164
2012-05-08 16:00:00-04:00,10.0,10.35,9.954,10.33,299070
2012-05-09 16:00:00-04:00,10.17,10.46,10.15,10.42,277818
2012-05-10 16:00:00-04:00,10.49,10.55,10.3413,10.5,378278
2012-05-11 16:00:00-04:00,10.39,10.57,10.25,10.36,302833
2012-05-14 16:00:00-04:00,10.24,10.39,10.18,10.25,245897
2012-05-15 16:00:00-04:00,10.23,10.49,10.23,10.44,250176
2012-05-16 16:00:00-04:00,10.47,10.83,10.47,10.5,762625
2012-05-17 16:00:00-04:00,10.55,10.55,10.38,10.42,466321
2012-05-18 16:00:00-04:00,10.4,10.56,10.33,10.41,787002
2012-05-21 16:00:00-04:00,10.42,10.74,10.39,10.69,497143
2012-05-22 16:00:00-04:00,10.69,10.8196,10.43,10.57,392651
2012-05-23 16:00:00-04:00,10.42,10.65,10.2644,10.64,425995
2012-05-24 16:00:00-04:00,10.63,10.69,10.38,10.49,451061
2012-05-25 16:00:00-04:00,10.49,10.8,10.49,10.79,301524
2012-05-29 16:00:00-04:00,10.84,11.36,10.8,11.09,512170
2012-05-30 16:00:00-04:00,10.99,11.0694,10.5548,10.63,449793
2012-05-31 16:00:00-04:00,10.61,10.79,10.38,10.76,838541
2012-06-01 16:00:00-04:00,10.45,10.97,10.3,10.77,864447
2012-06-04 16:00:00-04:00,10.8,10.84,10.6,10.7,401832
2012-06-05 16:00:00-04:00,10.61,10.87,10.61,10.7,314884
2012-06-06 16:00:00-04:00,10.8,11.05,10.66,10.81,621739
2012-06-07 16:00:00-04:00,10.97,11.0,10.69,10.81,365994
2012-06-08 16:00:00-04:00,10.76,11.65,10.76,11.62,559781
2012-06-11 16:00:00-04:00,11.71,11.94,11.55,11.56,643968
2012-06-12 16:00:00-04:00,11.59,11.8,11.52,11.8,459741
2012-06-13 16:00:00-04:00,11.72,12.27,11.72,12.1,747948
2012-06-14 16:00:00-04:00,12.09,12.46,11.96,12.41,500276
2012-06-15 16:00:00-04:00,12.4,12.78,12.29,12.69,453820
2012-06-18 16:00:00-04:00,12.65,13.14,12.6,12.84,833462
2012-06-19 16:00:00-04:00,12.94,13.11,12.85,13.07,547601
2012-06-20 16:00:00-04:00,13.1,13.2,12.96,13.03,574594
2012-06-21 16:00:00-04:00,13.03,13.155,12.52,12.625,568154
2012-06-22 16:00:00-04:00,12.73,13.15,12.64,13.03,1062548
2012-06-25 16:00:00-04:00,12.85,12.92,12.57,12.63,384953
2012-06-26 16:00:00-04:00,12.65,12.72,12.26,12.47,537240
2012-06-27 16:00:00-04:00,12.53,13.01,12.53,12.86,447845
2012-06-28 16:00:00-04:00,12.79,13.02,12.39,12.67,454905
2012-06-29 16:00:00-04:00,12.93,13.0,12.86,12.96,377666
2012-07-02 16:00:00-04:00,12.96,13.08,12.895,12.98,714215
2012-07-03 16:00:00-04:00,13.07,13.12,12.94,13.06,233135
2012-07-05 16:00:00-04:00,13.05,13.09,12.95,12.98,312749
2012-07-06 16:00:00-04:00,12.85,12.9685,12.72,12.79,188522
2012-07-09 16:00:00-04:00,12.79,12.9,12.54,12.89,269435
2012-07-10 16:00:00-04:00,13.01,13.06,12.896,13.02,641108
2012-07-11 16:00:00-04:00,13.01,13.21,12.96,13.11,589608
2012-07-12 16:00:00-04:00,12.98,13.0,12.6,12.72,738275
2012-07-13 16:00:00-04:00,12.8,13.01,12.7611,12.97,1335313
2012-07-16 16:00:00-04:00,12.9,13.0,12.73,12.94,390790
2012-07-17 16:00:00-04:00,13.12,13.12,12.83,12.9,328708
2012-07-18 16:00:00-04:00,12.84,12.97,12.73,12.78,626508
2012-07-19 16:00:00-04:00,12.88,12.9,12.695,12.77,388827
2012-07-20 16:00:00-04:00,12.64,12.695,11.99,12.01,768725
2012-07-23 16:00:00-04:00,11.76,11.91,11.61,11.76,421729
2012-07-24 16:00:00-04:00,11.78,12.02,11.45,11.5,316068
2012-07-25 16:00:00-04:00,11.55,11.55,11.26,11.28,629934
2012-07-26 16:00:00-04:00,11.5,11.6,11.29,11.4,435166
2012-07-27 16:00:00-04:00,11.45,11.72,11.32,11.67,399818
2012-07-30 16:00:00-04:00,11.65,11.7785,11.22,11.34,382896
2012-07-31 16:00:00-04:00,11.29,11.4563,10.99,11.01,399686
2012-08-01 16:00:00-04:00,11.07,11.25,10.65,11.1,733724
2012-08-02 16:00:00-04:00,10.96,11.48,10.96,11.34,437348
2012-08-03 16:00:00-04:00,11.45,11.74,11.36,11.7,389991
2012-08-06 16:00:00-04:00,11.68,12.02,11.68,11.87,395083
2012-08-07 16:00:00-04:00,11.93,12.14,11.67,11.99,779312
2012-08-08 16:00:00-04:00,11.91,12.04,11.74,12.0,705660
2012-08-09 16:00:00-04:00,12.0,12.38,11.88,12.35,444138
2012-08-10 16:00:00-04:00,12.38,12.55,12.261,12.5,271426
2012-08-13 16:00:00-04:00,12.44,12.54,12.33,12.54,236338
2012-08-14 16:00:00-04:00,12.58,12.78,12.53,12.67,302476
2012-08-15 16:00:00-04:00,12.67,12.85,12.66,12.83,316401
2012-08-16 16:00:00-04:00,12.78,12.99,12.64,12.84,233013
2012-08-17 16:00:00-04:00,12.79,12.98,12.77,12.98,199902
2012-08-20 16:00:00-04:00,12.91,12.98,12.72,12.9,325878
2012-08-21 16:00:00-04:00,12.94,13.05,12.52,12.64,381617
2012-08-22 16:00:00-04:00,12.58,12.81,12.16,12.41,563285
2012-08-23 16:00:00-04:00,12.44,12.45,12.22,12.37,210014
2012-08-24 16:00:00-04:00,12.31,12.61,12.2,12.52,315044
2012-08-27 16:00:00-04:00,12.57,12.58,12.44,12.57,225801
2012-08-28 16:00:00-04:00,12.53,12.6,12.36,12.56,295721
2012-08-29 16:00:00-04:00,12.56,12.87,12.5308,12.79,282710
2012-08-30 16:00:00-04:00,12.74,12.78,12.61,12.66,224770
2012-08-31 16:00:00-04:00,12.8,13.3,12.75,13.3,498655
2012-09-04 16:00:00-04:00,13.35,13.85,13.06,13.77,612729
2012-09-05 16:00:00-04:00,13.71,14.02,13.6,13.9,771289
2012-09-06 16:00:00-04:00,13.95,14.46,13.91,14.16,501156
2012-09-07 16:00:00-04:00,14.26,14.26,13.84,13.9,263316
2012-09-10 16:00:00-04:00,13.84,13.965,13.45,13.48,441611
2012-09-11 16:00:00-04:00,13.53,13.82,13.5008,13.68,291007
2012-09-12 16:00:00-04:00,13.68,13.88,13.55,13.73,285019
2012-09-13 16:00:00-04:00,13.72,14.33,13.69,14.01,636077
2012-09-14 16:00:00-04:00,13.92,13.92,13.26,13.5,944218
2012-09-17 16:00:00-04:00,13.42,13.57,13.03,13.52,214377
2012-09-18 16:00:00-04:00,13.52,14.12,13.48,14.04,521026
2012-09-19 16:00:00-04:00,14.04,14.4,14.0,14.28,333489
2012-09-20 16:00:00-04:00,14.32,14.82,14.26,14.73,623882
2012-09-21 16:00:00-04:00,14.94,14.94,14.57,14.9,626092
2012-09-24 16:00:00-04:00,14.88,15.08,14.6545,14.95,606460
2012-09-25 16:00:00-04:00,15.03,15.05,14.8,14.86,466648
2012-09-26 16:00:00-04:00,14.87,15.01,14.79,14.85,270217
2012-09-27 16:00:00-04:00,14.85,15.04,14.6701,15.0,243028
2012-09-28 16:00:00-04:00,14.9,15.06,14.8421,15.03,373649
2012-10-01 16:00:00-04:00,15.16,15.33,14.82,14.9515,410438
2012-10-02 16:00:00-04:00,15.09,15.48,14.81,14.95,375113
2012-10-03 16:00:00-04:00,14.93,15.0,14.8,14.85,264952
2012-10-04 16:00:00-04:00,14.95,14.95,14.68,14.8,239720
2012-10-05 16:00:00-04:00,14.87,15.03,14.72,14.76,205586
2012-10-08 16:00:00-04:00,14.72,15.09,14.28,14.3,529579
2012-10-09 16:00:00-04:00,14.3,14.3,13.65,13.81,579547
2012-10-10 16:00:00-04:00,13.79,14.01,13.65,13.97,336787
2012-10-11 16:00:00-04:00,14.04,14.11,13.69,13.78,199809
2012-10-12 16:00:00-04:00,13.75,13.94,13.57,13.6,194803
2012-10-15 16:00:00-04:00,13.66,13.76,13.57,13.74,201260
2012-10-16 16:00:00-04:00,13.84,14.11,13.84,14.1,284759
2012-10-17 16:00:00-04:00,14.09,14.29,14.0001,14.11,273102
2012-10-18 16:00:00-04:00,14.06,14.19,14.0,14.12,200762
2012-10-19 16:00:00-04:00,14.02,14.18,13.64,13.68,274423
2012-10-22 16:00:00-04:00,13.65,13.7,13.29,13.38,188900
2012-10-23 16:00:00-04:00,13.26,13.44,13.02,13.38,267968
2012-10-24 16:00:00-04:00,13.42,13.46,13.18,13.45,179659
2012-10-25 16:00:00-04:00,13.56,13.6467,13.2701,13.4,139072
2012-10-26 16:00:00-04:00,13.44,13.606,13.26,13.37,133688
2012-10-31 16:00:00-04:00,13.36,13.45,12.87,13.1,239800
2012-11-01 16:00:00-04:00,13.15,13.5,13.05,13.07,434998
2012-11-02 16:00:00-04:00,13.07,13.27,12.66,12.91,613686
2012-11-05 16:00:00-05:00,12.87,13.16,12.66,13.01,257939
2012-11-06 16:00:00-05:00,13.09,13.34,12.9101,13.02,271065
2012-11-07 16:00:00-05:00,12.85,13.0,12.57,12.7499,368106
2012-11-08 16:00:00-05:00,12.76,12.94,12.71,12.81,259780
2012-11-09 16:00:00-05:00,12.72,13.12,12.67,12.77,377162
2012-11-12 16:00:00-05:00,12.79,13.2,12.73,13.09,339436
2012-11-13 16:00:00-05:00,13.05,13.2065,12.72,12.72,310486
2012-11-14 16:00:00-05:00,12.79,12.79,12.24,12.35,363601
2012-11-15 16:00:00-05:00,12.3,12.6,12.21,12.34,470765
2012-11-16 16:00:00-05:00,12.31,12.68,12.03,12.6,938759
2012-11-19 16:00:00-05:00,12.7,12.907,12.45,12.72,938944
2012-11-20 16:00:00-05:00,12.67,12.9,12.53,12.61,428935
2012-11-21 16:00:00-05:00,12.6,12.8,12.49,12.54,928425
2012-11-23 13:00:00-05:00,12.5,12.58,12.37,12.38,293798
2012-11-26 16:00:00-05:00,12.35,12.45,12.25,12.38,679245
2012-11-27 16:00:00-05:00,12.36,12.56,12.22,12.33,1308814
2012-11-28 16:00:00-05:00,12.3,12.36,12.05,12.3,591812
2012-11-29 16:00:00-05:00,12.42,12.72,12.28,12.7,793895
2012-11-30 16:00:00-05:00,13.06,13.1,12.94,13.08,585514
2012-12-03 16:00:00-05:00,13.01,13.78,13.01,13.71,1094523
2012-12-04 16:00:00-05:00,13.69,14.16,13.5916,14.15,936420
2012-12-05 16:00:00-05:00,14.01,14.22,13.84,13.86,505191
2012-12-06 16:00:00-05:00,13.82,14.01,13.62,13.63,417088
2012-12-07 16:00:00-05:00,13.63,13.81,13.5675,13.64,298943
2012-12-10 16:00:00-05:00,13.66,13.955,13.59,13.94,249339
2012-12-11 16:00:00-05:00,13.98,14.34,13.91,14.24,488036
2012-12-12 16:00:00-05:00,14.31,14.48,13.96,13.98,398460
2012-12-13 16:00:00-05:00,14.02,14.1,13.61,13.64,322283
2012-12-14 16:00:00-05:00,13.55,13.6,13.248,13.26,424522
2012-12-17 16:00:00-05:00,13.29,13.43,13.1,13.22,470061
2012-12-18 16:00:00-05:00,13.25,13.41,13.1117,13.3,749634
2012-12-19 16:00:00-05:00,13.33,13.62,13.11,13.59,559438
2012-12-20 16:00:00-05:00,13.57,13.7,13.31,13.53,440756
2012-12-21 16:00:00-05:00,13.47,13.53,13.12,13.33,538653
2012-12-24 13:00:00-05:00,13.3,13.4962,13.16,13.32,106947
2012-12-26 16:00:00-05:00,13.32,13.4,13.1202,13.26,308495
2012-12-27 16:00:00-05:00,13.24,13.32,13.18,13.25,282137
2012-12-28 16:00:00-05:00,13.17,13.53,13.15,13.22,262676
2012-12-31 16:00:00-05:00,13.22,13.64,13.16,13.59,520002
2013-01-02 16:00:00-05:00,13.89,14.0,13.69,13.85,403241
2013-01-03 16:00:00-05:00,13.9,14.06,13.74,13.9705,322022
2013-01-04 16:00:00-05:00,14.06,14.22,13.86,14.17,381281
2013-01-07 16:00:00-05:00,14.19,14.95,14.17,14.4,677902
2013-01-08 16:00:00-05:00,14.4,14.66,14.26,14.48,306175
2013-01-09 16:00:00-05:00,14.55,14.7,14.32,14.6,337176
2013-01-10 16:00:00-05:00,14.64,14.94,14.55,14.93,375422
2013-01-11 16:00:00-05:00,14.95,14.98,14.79,14.82,248037
2013-01-14 16:00:00-05:00,14.82,14.9,14.56,14.64,254831
2013-01-15 16:00:00-05:00,14.58,14.67,14.48,14.6,299531
2013-01-16 16:00:00-05:00,14.6,14.61,14.45,14.48,264952
2013-01-17 16:00:00-05:00,14.56,14.62,14.44,14.49,255803
2013-01-18 16:00:00-05:00,14.47,14.78,14.44,14.78,321999
2013-01-22 16:00:00-05:00,14.71,14.89,14.6401,14.88,356380
2013-01-23 16:00:00-05:00,14.83,14.97,14.77,14.84,299915
2013-01-24 16:00:00-05:00,14.82,14.87,14.65,14.77,377920
2013-01-25 16:00:00-05:00,14.89,15.55,14.86,15.5,727919
2013-01-28 16:00:00-05:00,15.49,15.55,15.26,15.28,363302
2013-01-29 16:00:00-05:00,15.25,15.33,15.01,15.155,344984
2013-01-30 16:00:00-05:00,15.1,15.2799,14.94,15.06,360975
2013-01-31 16:00:00-05:00,15.07,15.32,14.93,15.23,253170
2013-02-01 16:00:00-05:00,15.23,15.61,15.0,15.51,340014
2013-02-04 16:00:00-05:00,15.39,15.55,14.92,14.99,386401
2013-02-05 16:00:00-05:00,15.11,15.19,14.8,15.0,233351
2013-02-06 16:00:00-05:00,14.88,15.14,14.77,15.08,361712
2013-02-07 16:00:00-05:00,15.085,15.085,14.67,14.78,208435
2013-02-08 16:00:00-05:00,14.84,14.86,14.58,14.79,199729
2013-02-11 16:00:00-05:00,14.79,14.83,14.59,14.61,243618
2013-02-12 16:00:00-05:00,14.66,14.75,14.49,14.53,352123
2013-02-13 16:00:00-05:00,14.57,14.7,14.11,14.47,288899
2013-02-14 16:00:00-05:00,14.46,14.64,14.28,14.6,695303
2013-02-15 16:00:00-05:00,14.74,14.75,14.39,14.41,240397
2013-02-19 16:00:00-05:00,14.46,14.7,14.36,14.69,205674
2013-02-20 16:00:00-05:00,14.67,14.72,14.34,14.385,378868
2013-02-21 16:00:00-05:00,14.35,14.5,14.05,14.13,294603
2013-02-22 16:00:00-05:00,14.75,15.74,14.63,15.725,940575
2013-02-25 16:00:00-05:00,15.76,15.965,15.1,15.12,648035
2013-02-26 16:00:00-05:00,15.07,15.15,14.88,15.02,325341
2013-02-27 16:00:00-05:00,15.0,15.47,14.86,14.98,427556
2013-02-28 16:00:00-05:00,14.92,15.13,14.86,14.92,374366
2013-03-01 16:00:00-05:00,14.77,15.23,14.63,15.21,553350
2013-03-04 16:00:00-05:00,15.13,15.43,14.8301,15.37,290491
2013-03-05 16:00:00-05:00,15.44,15.675,15.23,15.62,316011
2013-03-06 16:00:00-05:00,15.64,15.67,15.19,15.26,253882
2013-03-07 16:00:00-05:00,15.21,15.4,15.06,15.4,193352
2013-03-08 16:00:00-05:00,15.55,15.95,15.35,15.95,379304
2013-03-11 16:00:00-04:00,15.75,15.95,15.41,15.57,492821
2013-03-12 16:00:00-04:00,15.81,17.06,15.78,16.99,1011267
2013-03-13 16:00:00-04:00,16.95,16.97,16.42,16.71,564848
2013-03-14 16:00:00-04:00,16.48,17.16,16.48,16.76,403993
2013-03-15 16:00:00-04:00,16.7,16.72,16.15,16.33,600662
2013-03-18 16:00:00-04:00,16.16,16.37,16.02,16.15,298414
2013-03-19 16:00:00-04:00,16.23,16.36,16.19,16.3,340008
2013-03-20 16:00:00-04:00,16.43,16.54,16.2826,16.46,243382
2013-03-21 16:00:00-04:00,16.35,16.55,16.06,16.26,453199
2013-03-22 16:00:00-04:00,16.36,16.67,16.3,16.63,206730
2013-03-25 16:00:00-04:00,16.65,16.9099,16.58,16.71,241162
2013-03-26 16:00:00-04:00,16.82,17.1,16.62,16.84,273011
2013-03-27 16:00:00-04:00,16.77,17.06,16.64,17.05,191287
2013-03-28 16:00:00-04:00,17.07,17.12,16.69,16.72,330011
2013-04-01 16:00:00-04:00,16.75,17.36,16.74,17.12,578209
2013-04-02 16:00:00-04:00,17.22,17.62,17.09,17.25,629804
2013-04-03 16:00:00-04:00,17.26,17.2601,16.47,16.75,327328
2013-04-04 16:00:00-04:00,16.86,16.97,16.59,16.73,242455
2013-04-05 16:00:00-04:00,16.44,16.49,16.1101,16.42,228835
2013-04-08 16:00:00-04:00,16.51,16.51,16.18,16.49,190078
2013-04-09 16:00:00-04:00,16.57,16.79,16.47,16.47,291094
2013-04-10 16:00:00-04:00,16.56,16.65,16.25,16.31,354911
2013-04-11 16:00:00-04:00,16.26,16.52,16.18,16.18,219064
2013-04-12 16:00:00-04:00,16.13,16.39,16.11,16.26,184318
2013-04-15 16:00:00-04:00,16.12,16.42,15.58,15.61,367222
2013-04-16 16:00:00-04:00,15.77,15.98,15.48,15.76,283333
2013-04-17 16:00:00-04:00,15.65,15.8,15.36,15.42,289477
2013-04-18 16:00:00-04:00,15.44,15.68,15.08,15.12,375240
2013-04-19 16:00:00-04:00,15.14,15.64,15.04,15.5,319694
2013-04-22 16:00:00-04:00,15.53,15.6,15.17,15.27,238770
2013-04-23 16:00:00-04:00,15.4,15.43,15.09,15.21,429268
2013-04-24 16:00:00-04:00,15.15,15.51,15.0504,15.41,442963
2013-04-25 16:00:00-04:00,15.38,15.6,15.34,15.49,443534
2013-04-26 16:00:00-04:00,15.48,15.64,15.45,15.55,324769
2013-04-29 16:00:00-04:00,15.57,15.89,15.53,15.85,389804
2013-04-30 16:00:00-04:00,15.82,16.51,15.78,16.41,726230
2013-05-01 16:00:00-04:00,16.5,17.2,15.92,16.9,1950629
2013-05-02 16:00:00-04:00,17.25,18.4,17.13,18.05,1238584
2013-05-03 16:00:00-04:00,18.31,18.68,18.05,18.6,779534
2013-05-06 16:00:00-04:00,18.58,18.58,18.07,18.12,826243
2013-05-07 16:00:00-04:00,18.2,18.45,17.91,18.45,632276
2013-05-08 16:00:00-04:00,18.42,19.02,18.33,18.94,507020
2013-05-09 16:00:00-04:00,18.97,19.79,18.94,19.54,1312873
2013-05-10 16:00:00-04:00,19.6,20.07,19.52,19.8,625959
2013-05-13 16:00:00-04:00,19.4,20.17,19.34,19.92,650918
2013-05-14 16:00:00-04:00,19.9,20.165,19.81,19.98,418428
2013-05-15 16:00:00-04:00,19.98,20.11,19.56,19.59,357984
2013-05-16 16:00:00-04:00,19.5,19.55,19.25,19.45,507052
2013-05-17 16:00:00-04:00,19.46,21.19,19.46,21.18,1331180
2013-05-20 16:00:00-04:00,21.05,21.69,21.0,21.24,825265
2013-05-21 16:00:00-04:00,21.18,21.34,20.78,21.13,784308
2013-05-22 16:00:00-04:00,21.12,21.5,20.29,20.36,932537
2013-05-23 16:00:00-04:00,20.03,20.42,19.99,20.27,566611
2013-05-24 16:00:00-04:00,20.22,20.42,20.06,20.3,332520
2013-05-28 16:00:00-04:00,20.49,21.01,20.45,20.82,328649
2013-05-29 16:00:00-04:00,20.63,20.91,20.43,20.5,224732
2013-05-30 16:00:00-04:00,20.52,20.69,20.23,20.49,425765
2013-05-31 16:00:00-04:00,20.31,21.3,20.25,20.83,415584
2013-06-03 16:00:00-04:00,20.83,21.56,20.68,21.5,822637
2013-06-04 16:00:00-04:00,21.5,21.95,21.29,21.63,565310
2013-06-05 16:00:00-04:00,21.56,21.98,21.52,21.81,614969
2013-06-06 16:00:00-04:00,21.77,22.1,21.61,21.93,704891
2013-06-07 16:00:00-04:00,21.97,22.48,21.97,22.4,381617
2013-06-10 16:00:00-04:00,22.03,22.32,21.9,22.14,588014
2013-06-11 16:00:00-04:00,21.83,22.51,21.53,22.42,527678
2013-06-12 16:00:00-04:00,22.46,22.64,22.24,22.34,404477
2013-06-13 16:00:00-04:00,22.28,22.28,21.227,22.1,534936
2013-06-14 16:00:00-04:00,22.0,22.28,21.86,22.15,349356
2013-06-17 16:00:00-04:00,22.13,22.59,22.11,22.56,712505
2013-06-18 16:00:00-04:00,22.66,22.97,22.47,22.8,373066
2013-06-19 16:00:00-04:00,22.75,22.83,21.3,21.44,958567
2013-06-20 16:00:00-04:00,21.27,21.488,20.065,20.18,941945
2013-06-21 16:00:00-04:00,20.25,20.96,19.93,20.94,844120
2013-06-24 16:00:00-04:00,20.78,21.835,20.51,21.74,681396
2013-06-25 16:00:00-04:00,21.98,22.0,21.65,21.76,433596
2013-06-26 16:00:00-04:00,21.94,22.51,21.93,21.97,636150
2013-06-27 16:00:00-04:00,22.14,22.69,21.82,22.57,572632
2013-06-28 16:00:00-04:00,22.57,22.845,22.23,22.45,693556
2013-07-01 16:00:00-04:00,22.62,23.1,22.5,22.83,602437
2013-07-02 16:00:00-04:00,22.83,22.92,22.32,22.42,489162
2013-07-03 16:00:00-04:00,22.32,22.49,22.17,22.4,268176
2013-07-05 16:00:00-04:00,22.59,22.88,22.086,22.88,251620
2013-07-08 16:00:00-04:00,23.01,23.22,22.85,22.97,354991
2013-07-09 16:00:00-04:00,23.15,23.27,22.07,22.27,640225
2013-07-10 16:00:00-04:00,22.2,22.59,21.95,22.17,593293
2013-07-11 16:00:00-04:00,22.51,23.51,22.356,23.47,814597
2013-07-12 16:00:00-04:00,23.37,24.01,23.19,23.77,458193
2013-07-15 16:00:00-04:00,23.86,24.36,23.55,23.57,1242263
2013-07-16 16:00:00-04:00,23.54,23.8499,22.74,22.78,375651
2013-07-17 16:00:00-04:00,22.85,23.265,22.11,22.51,558263
2013-07-18 16:00:00-04:00,22.61,23.1,22.4,22.78,416699
2013-07-19 16:00:00-04:00,22.69,22.74,22.2801,22.47,285159
2013-07-22 16:00:00-04:00,22.53,22.82,22.4,22.77,421744
2013-07-23 16:00:00-04:00,23.01,23.49,22.9,23.21,423159
2013-07-24 16:00:00-04:00,22.12,22.62,21.78,22.22,677692
2013-07-25 16:00:00-04:00,22.17,22.96,22.17,22.96,446785
2013-07-26 16:00:00-04:00,22.76,23.0,22.54,22.62,513303
2013-07-29 16:00:00-04:00,22.66,22.9,22.47,22.49,426888
2013-07-30 16:00:00-04:00,22.64,23.3,22.27,22.3,516624
2013-07-31 16:00:00-04:00,22.31,22.5318,21.76,21.78,555563
2013-08-01 16:00:00-04:00,22.02,22.41,21.94,22.29,396909
2013-08-02 16:00:00-04:00,22.28,22.83,22.16,22.62,449279
2013-08-05 16:00:00-04:00,22.52,22.96,22.34,22.41,287313
2013-08-06 16:00:00-04:00,22.29,22.64,22.05,22.48,431052
2013-08-07 16:00:00-04:00,22.35,22.66,21.85,21.98,544703
2013-08-08 16:00:00-04:00,25.0,27.96,25.0,26.66,2577802
2013-08-09 16:00:00-04:00,26.5,27.57,26.31,27.09,1157430
2013-08-12 16:00:00-04:00,27.08,27.33,26.78,26.92,562678
2013-08-13 16:00:00-04:00,27.02,27.44,26.61,27.41,622309
2013-08-14 16:00:00-04:00,27.35,27.79,27.14,27.16,614743
2013-08-15 16:00:00-04:00,26.9,27.179,26.52,26.565,417214
2013-08-16 16:00:00-04:00,26.43,26.48,25.84,26.12,841468
2013-08-19 16:00:00-04:00,25.97,26.66,25.76,26.28,402660
2013-08-20 16:00:00-04:00,26.25,26.91,26.144,26.74,212652
2013-08-21 16:00:00-04:00,26.62,26.91,26.38,26.68,315701
2013-08-22 16:00:00-04:00,26.81,27.71,26.66,27.58,385338
2013-08-23 16:00:00-04:00,27.66,27.66,27.05,27.23,700181
2013-08-26 16:00:00-04:00,27.25,28.17,27.2201,27.7,1081168
2013-08-27 16:00:00-04:00,27.43,27.48,26.27,26.41,516761
2013-08-28 16:00:00-04:00,26.38,27.05,26.26,26.75,426193
2013-08-29 16:00:00-04:00,26.61,27.5001,26.61,27.14,328550
2013-08-30 16:00:00-04:00,27.06,27.33,26.86,27.05,460452
2013-09-03 16:00:00-04:00,27.13,27.44,26.43,26.78,352532
2013-09-04 16:00:00-04:00,26.74,26.99,26.415,26.67,435906
2013-09-05 16:00:00-04:00,26.61,27.18,26.61,26.97,244162
2013-09-06 16:00:00-04:00,27.18,27.18,26.08,26.67,318909
2013-09-09 16:00:00-04:00,26.67,27.39,26.67,27.39,576601
2013-09-10 16:00:00-04:00,27.6,28.11,27.5999,27.99,434796
2013-09-11 16:00:00-04:00,28.0,28.4799,27.59,27.95,328300
2013-09-12 16:00:00-04:00,27.92,27.95,27.48,27.51,214309
2013-09-13 16:00:00-04:00,27.99,28.01,27.34,27.34,556622
2013-09-16 16:00:00-04:00,27.75,27.848,26.92,26.93,345800
2013-09-17 16:00:00-04:00,26.97,27.6899,26.79,27.62,540685
2013-09-18 16:00:00-04:00,27.56,28.12,27.35,28.05,362046
2013-09-19 16:00:00-04:00,28.06,28.43,28.01,28.34,302991
2013-09-20 16:00:00-04:00,28.5,28.5,28.065,28.13,924851
2013-09-23 16:00:00-04:00,28.03,28.42,27.8003,28.3,448383
2013-09-24 16:00:00-04:00,28.26,28.55,27.8809,28.01,358522
2013-09-25 16:00:00-04:00,27.97,28.26,27.24,27.48,520056
2013-09-26 16:00:00-04:00,27.65,29.24,27.63,29.19,573653
2013-09-27 16:00:00-04:00,28.74,29.13,25.49,27.23,3778751
2013-09-30 16:00:00-04:00,26.86,28.353,26.66,28.22,1049608
2013-10-01 16:00:00-04:00,28.21,28.369,27.76,28.17,459281
2013-10-02 16:00:00-04:00,27.82,28.95,27.79,28.73,398520
2013-10-03 16:00:00-04:00,28.75,29.165,27.94,28.37,325953
2013-10-04 16:00:00-04:00,28.37,28.92,28.03,28.04,452170
2013-10-07 16:00:00-04:00,27.95,28.3,27.76,27.85,293931
2013-10-08 16:00:00-04:00,27.83,28.31,27.1975,27.28,482200
2013-10-09 16:00:00-04:00,27.38,27.46,26.68,26.8,389081
2013-10-10 16:00:00-04:00,27.2,27.84,26.84,27.46,335906
2013-10-11 16:00:00-04:00,27.34,27.62,27.07,27.45,395063
2013-10-14 16:00:00-04:00,27.36,29.11,27.25,29.04,699938
2013-10-15 16:00:00-04:00,29.39,30.47,29.15,29.47,1029632
2013-10-16 16:00:00-04:00,29.63,30.09,29.48,29.74,311812
2013-10-17 16:00:00-04:00,29.64,30.5,29.42,30.21,442712
2013-10-18 16:00:00-04:00,30.53,31.18,30.209,30.88,493901
2013-10-21 16:00:00-04:00,30.74,31.005,30.15,30.35,406814
2013-10-22 16:00:00-04:00,30.53,30.74,29.84,29.87,339208
2013-10-23 16:00:00-04:00,29.77,30.24,28.91,30.13,431235
2013-10-24 16:00:00-04:00,30.08,30.3799,29.77,29.87,335099
2013-10-25 16:00:00-04:00,29.99,30.05,29.38,29.79,292011
2013-10-28 16:00:00-04:00,29.85,31.1422,29.64,30.61,651968
2013-10-29 16:00:00-04:00,30.63,31.6891,29.53,29.92,512366
2013-10-30 16:00:00-04:00,29.86,30.47,29.22,29.23,540118
2013-10-31 16:00:00-04:00,29.18,29.18,28.7,28.73,477203
2013-11-01 16:00:00-04:00,28.65,28.8599,28.01,28.4,597458
2013-11-04 16:00:00-05:00,28.51,28.6899,28.15,28.44,640292
2013-11-05 16:00:00-05:00,28.08,28.66,28.0201,28.54,347424
2013-11-06 16:00:00-05:00,28.68,28.955,27.1,27.24,1006960
2013-11-07 16:00:00-05:00,33.7,33.73,31.6501,33.23,2554767
2013-11-08 16:00:00-05:00,33.23,33.87,32.87,33.05,1001442
2013-11-11 16:00:00-05:00,33.0,33.55,31.86,33.01,729217
2013-11-12 16:00:00-05:00,32.95,33.82,32.54,33.47,762412
2013-11-13 16:00:00-05:00,33.1,34.39,33.1,33.67,948787
2013-11-14 16:00:00-05:00,33.67,33.7299,32.08,32.51,915765
2013-11-15 16:00:00-05:00,32.48,33.03,32.32,32.56,487030
2013-11-18 16:00:00-05:00,32.0,32.1,31.35,31.49,916047
2013-11-19 16:00:00-05:00,31.61,32.57,31.25,32.16,528460
2013-11-20 16:00:00-05:00,32.24,32.35,31.83,32.22,511289
2013-11-21 16:00:00-05:00,32.31,32.94,32.15,32.77,436938
2013-11-22 16:00:00-05:00,32.74,32.93,32.22,32.41,498640
2013-11-25 16:00:00-05:00,32.39,32.969,32.05,32.4,303519
2013-11-26 16:00:00-05:00,32.38,32.81,32.3144,32.53,483804
2013-11-27 16:00:00-05:00,32.67,33.29,32.57,33.28,390934
2013-11-29 16:00:00-05:00,33.29,33.75,33.09,33.09,147752
2013-12-02 16:00:00-05:00,32.87,35.97,32.87,34.03,782643
2013-12-03 16:00:00-05:00,33.88,34.595,33.51,34.31,770166
2013-12-04 16:00:00-05:00,34.24,35.4735,34.0,34.58,903503
2013-12-05 16:00:00-05:00,34.57,35.37,34.37,34.44,532089
2013-12-06 16:00:00-05:00,34.59,34.8135,33.8701,34.65,532364
2013-12-09 16:00:00-05:00,34.75,34.8,34.05,34.27,552371
2013-12-10 16:00:00-05:00,34.26,34.26,33.03,33.3,612425
2013-12-11 16:00:00-05:00,33.44,34.079,33.151,33.56,509872
2013-12-12 16:00:00-05:00,33.93,35.08,33.63,34.6,984402
2013-12-13 16:00:00-05:00,34.56,34.9,34.14,34.5,552789
2013-12-16 16:00:00-05:00,34.52,34.9,34.06,34.38,443423
2013-12-17 16:00:00-05:00,34.4,34.5,33.86,34.27,234802
2013-12-18 16:00:00-05:00,34.28,34.79,34.0,34.34,761236
2013-12-19 16:00:00-05:00,34.25,34.59,32.88,33.42,805930
2013-12-20 16:00:00-05:00,33.61,34.56,33.53,34.37,945037
2013-12-23 16:00:00-05:00,34.56,34.9899,33.61,33.88,505109
2013-12-24 16:00:00-05:00,33.81,34.2,33.6525,34.05,319434
2013-12-26 16:00:00-05:00,34.11,34.75,33.745,34.62,452909
2013-12-27 16:00:00-05:00,34.79,35.39,34.64,35.06,364357
2013-12-30 16:00:00-05:00,35.13,35.77,34.79,35.33,276489
2013-12-31 16:00:00-05:00,35.29,35.93,35.21,35.41,402168
2014-01-02 16:00:00-05:00,35.25,35.639,34.132,34.75,582833
2014-01-03 16:00:00-05:00,34.49,35.15,34.49,34.8,648516
2014-01-06 16:00:00-05:00,35.02,35.45,34.7001,35.005,637464
2014-01-07 16:00:00-05:00,34.81,35.583,34.81,35.47,507376
2014-01-08 16:00:00-05:00,35.5,35.58,35.21,35.48,652314
2014-01-09 16:00:00-05:00,35.47,36.69,35.27,36.64,727395
2014-01-10 16:00:00-05:00,36.71,37.2555,36.5,37.05,802347
2014-01-13 16:00:00-05:00,36.84,38.13,36.785,37.25,977737
2014-01-14 16:00:00-05:00,37.55,37.84,36.23,36.92,1020504
2014-01-15 16:00:00-05:00,37.18,37.38,36.51,37.07,624674
2014-01-16 16:00:00-05:00,37.1,37.8,36.99,37.63,593073
2014-01-17 16:00:00-05:00,37.7,37.716,36.92,37.36,762617
2014-01-21 16:00:00-05:00,37.44,38.0,37.12,37.68,431953
2014-01-22 16:00:00-05:00,37.82,38.204,37.13,37.2,445287
2014-01-23 16:00:00-05:00,37.15,37.15,36.26,36.77,407524
2014-01-24 16:00:00-05:00,37.08,37.25,35.86,36.68,507257
2014-01-27 16:00:00-05:00,36.75,37.27,36.14,36.15,959496
2014-01-28 16:00:00-05:00,36.07,37.35,36.0,37.1,593559
2014-01-29 16:00:00-05:00,36.72,37.83,36.53,37.56,791902
2014-01-30 16:00:00-05:00,37.9,39.26,37.86,39.25,905130
2014-01-31 16:00:00-05:00,38.76,40.52,38.76,40.46,879539
2014-02-03 16:00:00-05:00,40.47,41.2,38.92,38.98,870000
2014-02-04 16:00:00-05:00,41.03,42.16,38.68,38.86,1160587
2014-02-05 16:00:00-05:00,38.76,40.09,38.621,40.0,659906
2014-02-06 16:00:00-05:00,40.03,40.5,38.52,38.72,523656
2014-02-07 16:00:00-05:00,38.72,39.3476,37.28,37.71,1207629
2014-02-10 16:00:00-05:00,37.76,39.74,37.75,39.73,808462
2014-02-11 16:00:00-05:00,39.79,40.52,39.2801,40.25,585576
2014-02-12 16:00:00-05:00,40.38,41.3,40.266,41.1,457371
2014-02-13 16:00:00-05:00,41.1,42.85,40.88,42.56,949252
2014-02-14 16:00:00-05:00,42.63,43.59,42.075,43.42,999445
2014-02-18 16:00:00-05:00,43.5,44.2,43.1301,43.93,914539
2014-02-19 16:00:00-05:00,43.97,45.04,43.92,44.53,1103051
2014-02-20 16:00:00-05:00,44.34,44.34,42.04,43.43,1779599
2014-02-21 16:00:00-05:00,46.93,47.74,42.55,43.11,1827250
2014-02-24 16:00:00-05:00,43.25,45.53,43.25,44.96,1500172
2014-02-25 16:00:00-05:00,44.04,46.0,44.01,45.0,1338710
2014-02-26 16:00:00-05:00,44.81,46.16,44.72,45.46,891140
2014-02-27 16:00:00-05:00,45.32,46.46,45.12,46.24,566123
2014-02-28 16:00:00-05:00,46.44,47.1,44.69,45.1,1032670
2014-03-03 16:00:00-05:00,44.75,45.1999,43.6,45.08,833246
2014-03-04 16:00:00-05:00,45.71,47.62,45.51,46.89,1059207
2014-03-05 16:00:00-05:00,46.86,49.21,46.5001,49.13,1327980
2014-03-06 16:00:00-05:00,49.33,49.8299,47.02,47.54,875878
2014-03-07 16:00:00-05:00,47.74,47.869,46.28,47.42,573540
2014-03-10 16:00:00-04:00,47.64,47.64,45.422,46.14,981465
2014-03-11 16:00:00-04:00,45.98,47.56,45.38,45.72,1626436
2014-03-12 16:00:00-04:00,45.01,45.83,44.27,45.82,1066973
2014-03-13 16:00:00-04:00,45.75,46.99,44.64,45.05,894905
2014-03-14 16:00:00-04:00,44.8,45.36,43.88,44.7,1076335
2014-03-17 16:00:00-04:00,44.71,46.02,44.345,45.64,799359
2014-03-18 16:00:00-04:00,45.84,47.46,45.72,47.42,978485
2014-03-19 16:00:00-04:00,47.32,47.85,46.49,46.6,572892
2014-03-20 16:00:00-04:00,46.5,47.13,46.01,46.43,342266
2014-03-21 16:00:00-04:00,46.3,46.725,43.98,44.49,1088899
2014-03-24 16:00:00-04:00,44.53,44.95,41.54,43.09,1849139
2014-03-25 16:00:00-04:00,42.27,44.7199,42.21,43.05,1031021
2014-03-26 16:00:00-04:00,43.13,43.73,42.31,42.31,622128
2014-03-27 16:00:00-04:00,41.9,42.06,39.84,40.5,1303876
2014-03-28 16:00:00-04:00,40.37,41.1,39.71,40.04,710393
2014-03-31 16:00:00-04:00,40.35,41.64,39.6701,41.36,646436
2014-04-01 16:00:00-04:00,41.19,41.7499,40.82,41.29,794958
2014-04-02 16:00:00-04:00,41.52,42.29,40.665,41.95,1071438
2014-04-03 16:00:00-04:00,42.12,42.46,40.58,40.78,622842
2014-04-04 16:00:00-04:00,41.08,41.664,37.68,37.99,1438809
2014-04-07 16:00:00-04:00,37.71,37.84,34.93,35.68,1983459
2014-04-08 16:00:00-04:00,35.75,37.52,35.51,36.72,1248651
2014-04-09 16:00:00-04:00,36.76,38.37,36.4,38.28,963762
2014-04-10 16:00:00-04:00,39.32,39.48,36.02,36.05,1458747
2014-04-11 16:00:00-04:00,36.0,36.5075,34.59,35.62,1404821
2014-04-14 16:00:00-04:00,35.86,36.27,34.9,35.29,511195
2014-04-15 16:00:00-04:00,35.53,35.53,32.28,34.16,1737564
2014-04-16 16:00:00-04:00,34.18,36.38,34.18,36.03,1089072
2014-04-17 16:00:00-04:00,36.03,36.99,35.35,36.58,693073
2014-04-21 16:00:00-04:00,36.7,36.885,35.71,36.07,490246
2014-04-22 16:00:00-04:00,36.12,36.75,35.8303,36.12,545401
2014-04-23 16:00:00-04:00,36.02,36.3,35.59,36.01,580212
2014-04-24 16:00:00-04:00,36.29,37.0,34.02,34.68,1014898
2014-04-25 16:00:00-04:00,34.42,34.52,33.31,33.38,878240
2014-04-28 16:00:00-04:00,33.6,33.99,32.02,32.66,771812
2014-04-29 16:00:00-04:00,32.66,33.954,32.3,32.46,804802
2014-04-30 16:00:00-04:00,32.46,32.7899,31.74,32.44,771884
2014-05-01 16:00:00-04:00,32.25,33.04,31.87,32.75,1474714
2014-05-02 16:00:00-04:00,32.69,33.94,28.09,31.845,3337495
2014-05-05 16:00:00-04:00,31.01,31.92,30.9,31.49,1246049
2014-05-06 16:00:00-04:00,31.27,31.76,30.47,30.5,891600
2014-05-07 16:00:00-04:00,30.4,30.53,28.68,29.68,1435730
2014-05-08 16:00:00-04:00,29.67,30.8,29.36,30.1,1244590
2014-05-09 16:00:00-04:00,29.92,31.55,29.54,31.52,1156740
2014-05-12 16:00:00-04:00,31.52,32.66,31.42,32.09,953484
2014-05-13 16:00:00-04:00,32.12,32.66,31.48,31.86,865252
2014-05-14 16:00:00-04:00,31.7,32.75,31.49,31.81,838224
2014-05-15 16:00:00-04:00,31.55,31.84,30.78,31.75,797527
2014-05-16 16:00:00-04:00,31.73,32.63,31.55,32.42,1219751
2014-05-19 16:00:00-04:00,32.39,32.87,32.01,32.56,947618
2014-05-20 16:00:00-04:00,32.49,32.57,31.05,31.3,983895
2014-05-21 16:00:00-04:00,31.67,32.89,31.54,31.93,880149
2014-05-22 16:00:00-04:00,31.97,32.69,31.85,32.35,597375
2014-05-23 16:00:00-04:00,32.39,33.41,32.07,33.18,617123
2014-05-27 16:00:00-04:00,33.46,34.58,33.05,34.56,784895
2014-05-28 16:00:00-04:00,34.6,34.98,34.17,34.18,780361
2014-05-29 16:00:00-04:00,34.23,34.56,34.17,34.42,614801
2014-05-30 16:00:00-04:00,34.43,34.65,33.58,33.76,795997
2014-06-02 16:00:00-04:00,33.64,33.79,32.48,33.24,447891
2014-06-03 16:00:00-04:00,32.78,33.17,32.14,32.58,581053
2014-06-04 16:00:00-04:00,33.75,34.91,33.25,34.88,1144224
2014-06-05 16:00:00-04:00,35.54,36.48,35.5,36.13,890428
2014-06-06 16:00:00-04:00,36.6,36.73,36.04,36.72,663140
2014-06-09 16:00:00-04:00,36.55,37.48,36.37,37.38,838915
2014-06-10 16:00:00-04:00,37.16,37.52,36.51,37.08,662585
2014-06-11 16:00:00-04:00,36.84,36.955,35.91,36.23,453184
2014-06-12 16:00:00-04:00,36.13,36.49,35.46,36.01,555593
2014-06-13 16:00:00-04:00,36.19,37.0577,35.2901,36.0,518076
2014-06-16 16:00:00-04:00,36.15,37.87,36.038,37.83,817799
2014-06-17 16:00:00-04:00,37.95,39.98,37.244,39.215,1320233
2014-06-18 16:00:00-04:00,39.09,39.91,39.03,39.89,795479
2014-06-19 16:00:00-04:00,39.92,40.02,39.33,39.99,519531
2014-06-20 16:00:00-04:00,40.0,41.06,39.67,41.0,1022859
2014-06-23 16:00:00-04:00,40.97,41.55,40.525,40.91,788399
2014-06-24 16:00:00-04:00,40.61,41.59,40.59,40.74,643525
2014-06-25 16:00:00-04:00,40.49,40.98,40.2,40.81,519563
2014-06-26 16:00:00-04:00,40.88,40.9799,40.15,40.4,559629
2014-06-27 16:00:00-04:00,40.17,40.25,39.34,39.65,1016446
2014-06-30 16:00:00-04:00,39.5,40.21,39.43,39.66,902195
2014-07-01 16:00:00-04:00,39.93,40.08,39.37,39.68,1416899
2014-07-02 16:00:00-04:00,39.71,40.51,39.5,39.73,550950
2014-07-03 16:00:00-04:00,40.0,40.1,39.35,39.83,235891
2014-07-07 16:00:00-04:00,39.68,39.68,37.84,37.93,694141
2014-07-08 16:00:00-04:00,37.74,37.8164,35.24,35.35,1196844
2014-07-09 16:00:00-04:00,35.38,36.3,35.38,36.17,589128
2014-07-10 16:00:00-04:00,34.92,36.39,34.67,35.93,423500
2014-07-11 16:00:00-04:00,35.81,36.74,35.6,36.61,533658
2014-07-14 16:00:00-04:00,37.09,37.17,36.27,37.0,453277
2014-07-15 16:00:00-04:00,37.08,37.43,36.286,36.41,560197
2014-07-16 16:00:00-04:00,36.65,36.82,36.01,36.53,498385
2014-07-17 16:00:00-04:00,36.14,36.85,35.71,35.88,711088
2014-07-18 16:00:00-04:00,35.72,36.8,35.5018,36.72,564144
2014-07-21 16:00:00-04:00,36.45,37.28,36.12,36.95,433080
2014-07-22 16:00:00-04:00,37.21,38.38,36.95,37.83,485322
2014-07-23 16:00:00-04:00,37.93,38.57,37.88,38.5,555578
2014-07-24 16:00:00-04:00,38.42,38.78,38.05,38.43,557031
2014-07-25 16:00:00-04:00,38.03,39.29,37.86,39.05,763111
2014-07-28 16:00:00-04:00,39.2,39.44,38.1,39.31,715368
2014-07-29 16:00:00-04:00,39.31,40.38,39.0,39.88,793290
2014-07-30 16:00:00-04:00,40.2,40.94,39.61,40.11,776583
2014-07-31 16:00:00-04:00,39.42,39.56,37.66,37.68,743596
2014-08-01 16:00:00-04:00,37.72,38.17,36.53,37.23,819227
2014-08-04 16:00:00-04:00,37.48,38.58,37.19,38.42,616020
2014-08-05 16:00:00-04:00,38.26,39.49,37.948,39.1,563991
2014-08-06 16:00:00-04:00,38.61,39.5,38.15,38.21,888561
2014-08-07 16:00:00-04:00,40.24,43.98,39.82,43.41,2590973
2014-08-08 16:00:00-04:00,43.25,44.43,43.02,44.25,1049478
2014-08-11 16:00:00-04:00,44.51,44.94,43.77,43.85,901981
2014-08-12 16:00:00-04:00,43.71,43.93,42.78,42.89,713681
2014-08-13 16:00:00-04:00,43.14,44.27,42.6,43.89,566678
2014-08-14 16:00:00-04:00,43.67,44.44,43.36,43.93,487287
2014-08-15 16:00:00-04:00,44.37,44.37,42.89,43.62,451070
2014-08-18 16:00:00-04:00,43.9,44.42,43.5,44.41,577751
2014-08-19 16:00:00-04:00,44.37,45.45,44.3028,44.92,825424
2014-08-20 16:00:00-04:00,44.64,44.91,43.62,44.14,427892
2014-08-21 16:00:00-04:00,44.2,44.23,42.975,43.54,692515
2014-08-22 16:00:00-04:00,43.61,44.8104,43.0,44.08,686798
2014-08-25 16:00:00-04:00,44.78,44.78,43.5401,43.91,364197
2014-08-26 16:00:00-04:00,43.85,46.37,43.83,45.89,985545
2014-08-27 16:00:00-04:00,45.59,46.12,44.93,45.18,663270
2014-08-28 16:00:00-04:00,44.87,45.42,44.14,44.28,448339
2014-08-29 16:00:00-04:00,44.35,44.93,44.02,44.2,330970
2014-09-02 16:00:00-04:00,44.53,44.94,44.02,44.82,519781
2014-09-03 16:00:00-04:00,44.62,44.65,43.32,43.58,966891
2014-09-04 16:00:00-04:00,43.54,43.9486,42.5,42.68,811145
2014-09-05 16:00:00-04:00,42.53,43.21,41.92,42.85,428875
2014-09-08 16:00:00-04:00,42.68,43.29,42.59,43.19,430790
2014-09-09 16:00:00-04:00,43.23,43.53,42.34,42.5,536888
2014-09-10 16:00:00-04:00,42.64,43.62,42.54,43.3,672387
2014-09-11 16:00:00-04:00,42.88,43.85,42.53,43.69,606294
2014-09-12 16:00:00-04:00,43.76,44.07,42.46,42.51,768378
2014-09-15 16:00:00-04:00,42.6,42.6,40.5621,40.83,726900
2014-09-16 16:00:00-04:00,40.8,41.48,40.363,41.07,528730
2014-09-17 16:00:00-04:00,41.03,41.8,40.837,41.56,581611
2014-09-18 16:00:00-04:00,41.88,42.62,41.55,42.25,441618
2014-09-19 16:00:00-04:00,42.42,42.48,41.47,41.78,747551
2014-09-22 16:00:00-04:00,41.64,41.65,39.9,40.45,591695
2014-09-23 16:00:00-04:00,40.18,40.79,39.91,40.34,759945
2014-09-24 16:00:00-04:00,40.52,41.6296,40.12,41.38,457207
2014-09-25 16:00:00-04:00,41.33,41.33,40.35,40.59,455286
2014-09-26 16:00:00-04:00,40.69,41.19,40.59,41.0,279367
2014-09-29 16:00:00-04:00,40.5,41.67,40.12,41.39,390074
2014-09-30 16:00:00-04:00,41.22,41.43,39.98,39.99,578649
2014-10-01 16:00:00-04:00,39.78,39.84,38.8,39.08,715916
2014-10-02 16:00:00-04:00,39.06,41.02,38.77,40.65,516428
2014-10-03 16:00:00-04:00,41.25,42.93,41.18,42.59,683438
2014-10-06 16:00:00-04:00,42.82,42.99,41.24,41.25,524183
2014-10-07 16:00:00-04:00,40.63,41.14,40.26,40.37,458246
2014-10-08 16:00:00-04:00,40.34,42.05,40.0,41.93,489294
2014-10-09 16:00:00-04:00,41.89,42.52,40.65,40.67,410080
2014-10-10 16:00:00-04:00,40.4,42.04,40.29,40.5,515757
2014-10-13 16:00:00-04:00,40.62,41.72,39.65,40.52,653195
2014-10-14 16:00:00-04:00,40.96,41.68,40.55,40.99,491390
2014-10-15 16:00:00-04:00,40.33,41.93,38.91,41.49,799842
2014-10-16 16:00:00-04:00,40.85,42.42,40.6,41.38,601262
2014-10-17 16:00:00-04:00,42.02,42.02,40.64,40.66,445587
2014-10-20 16:00:00-04:00,40.55,42.19,40.39,42.0,537751
2014-10-21 16:00:00-04:00,42.65,44.14,42.49,44.08,544095
2014-10-22 16:00:00-04:00,44.15,44.58,42.12,42.84,662058
2014-10-23 16:00:00-04:00,43.33,44.53,42.83,44.08,499159
2014-10-24 16:00:00-04:00,44.22,44.53,43.15,43.31,598154
2014-10-27 16:00:00-04:00,43.31,43.31,42.57,43.1,508420
2014-10-28 16:00:00-04:00,43.25,44.53,43.1801,44.16,997726
2014-10-29 16:00:00-04:00,44.27,44.86,44.145,44.5,558850
2014-10-30 16:00:00-04:00,44.39,45.5,43.95,44.77,655118
2014-10-31 16:00:00-04:00,46.03,46.2399,44.92,44.95,589471
2014-11-03 16:00:00-05:00,45.15,45.15,43.85,43.96,623356
2014-11-04 16:00:00-05:00,44.29,45.4,44.1,44.48,788466
2014-11-05 16:00:00-05:00,45.0,45.17,43.89,44.0,478008
2014-11-06 16:00:00-05:00,43.45,44.77,43.45,44.63,1172473
2014-11-07 16:00:00-05:00,46.79,52.08,46.61,50.93,2408606
2014-11-10 16:00:00-05:00,50.79,53.5,50.07,53.5,1247952
2014-11-11 16:00:00-05:00,53.08,54.0,52.5,53.14,845993
2014-11-12 16:00:00-05:00,52.7,54.17,52.6501,54.01,594054
2014-11-13 16:00:00-05:00,53.5,54.5,53.36,53.63,473967
2014-11-14 16:00:00-05:00,53.4,53.62,52.25,52.73,522158
2014-11-17 16:00:00-05:00,52.78,53.08,51.67,51.74,518319
2014-11-18 16:00:00-05:00,51.57,52.6,51.48,51.59,675338
2014-11-19 16:00:00-05:00,51.44,51.742,50.43,50.48,561853
2014-11-20 16:00:00-05:00,50.33,51.1,50.1,50.85,378577
2014-11-21 16:00:00-05:00,51.72,51.72,49.84,50.37,738976
2014-11-24 16:00:00-05:00,50.41,51.26,50.0601,51.18,804929
2014-11-25 16:00:00-05:00,51.41,51.8,50.43,50.71,643029
2014-11-26 16:00:00-05:00,50.83,51.54,50.63,51.35,436725
2014-11-28 16:00:00-05:00,51.68,52.24,51.35,51.46,418078
2014-12-01 16:00:00-05:00,50.9,52.0,50.54,51.3,801844
2014-12-02 16:00:00-05:00,51.41,53.48,51.4,53.45,683055
2014-12-03 16:00:00-05:00,53.45,55.15,53.17,54.5,690026
2014-12-04 16:00:00-05:00,54.31,55.09,53.9,54.59,627441
2014-12-05 16:00:00-05:00,54.55,55.7,54.48,55.31,630782
2014-12-08 16:00:00-05:00,55.4,56.6,54.67,56.06,697977
2014-12-09 16:00:00-05:00,55.48,58.32,55.4701,58.3,647841
2014-12-10 16:00:00-05:00,58.14,58.15,55.5,55.54,770910
2014-12-11 16:00:00-05:00,55.66,55.94,54.1,54.33,840319
2014-12-12 16:00:00-05:00,53.63,54.63,53.01,53.66,803058
2014-12-15 16:00:00-05:00,53.73,54.19,52.4,52.85,747640
2014-12-16 16:00:00-05:00,52.61,54.24,52.6005,53.26,421195
2014-12-17 16:00:00-05:00,53.74,55.84,53.08,55.74,556103
2014-12-18 16:00:00-05:00,56.61,56.88,55.82,56.85,549751
2014-12-19 16:00:00-05:00,56.81,57.2,56.275,56.55,706613
2014-12-22 16:00:00-05:00,56.77,56.78,56.1,56.44,377534
2014-12-23 16:00:00-05:00,56.73,56.9,53.52,53.95,807343
2014-12-24 16:00:00-05:00,54.31,55.5,53.96,54.94,247121
2014-12-26 16:00:00-05:00,55.07,55.6,54.7,55.15,196083
2014-12-29 16:00:00-05:00,55.92,56.68,55.44,56.13,398440
2014-12-30 16:00:00-05:00,55.78,56.215,54.765,55.2,341103
2014-12-31 16:00:00-05:00,55.36,56.38,54.97,55.05,365181
2015-01-02 16:00:00-05:00,55.62,56.61,54.22,54.51,401891
2015-01-05 16:00:00-05:00,54.09,56.08,54.09,55.46,542824
2015-01-06 16:00:00-05:00,55.2,55.79,53.9,54.21,819649
2015-01-07 16:00:00-05:00,54.63,55.61,53.3,55.6,667941
2015-01-08 16:00:00-05:00,56.24,58.63,55.6,58.37,915464
2015-01-09 16:00:00-05:00,58.53,58.9339,57.43,58.19,541571
2015-01-12 16:00:00-05:00,58.43,59.48,58.42,59.03,820674
2015-01-13 16:00:00-05:00,60.51,62.85,59.15,59.99,1034534
2015-01-14 16:00:00-05:00,59.5,60.535,58.8,59.14,654366
2015-01-15 16:00:00-05:00,59.45,59.62,56.93,57.42,555068
2015-01-16 16:00:00-05:00,57.32,59.0362,56.56,58.97,409155
2015-01-20 16:00:00-05:00,59.28,59.28,56.64,57.5,796939
2015-01-21 16:00:00-05:00,57.26,57.83,55.95,56.24,479807
2015-01-22 16:00:00-05:00,56.81,58.11,55.93,58.11,592200
2015-01-23 16:00:00-05:00,57.95,58.76,57.13,57.94,437910
2015-01-26 16:00:00-05:00,58.79,62.81,58.58,62.78,1388125
2015-01-27 16:00:00-05:00,62.27,63.56,61.82,62.32,805611
2015-01-28 16:00:00-05:00,62.88,63.43,60.36,60.59,794238
2015-01-29 16:00:00-05:00,60.6,61.0,59.4,61.0,610869
2015-01-30 16:00:00-05:00,60.49,61.35,59.68,59.78,499805
2015-02-02 16:00:00-05:00,60.0,61.43,59.9,61.31,972568
2015-02-03 16:00:00-05:00,61.34,61.84,59.94,61.22,659505
2015-02-04 16:00:00-05:00,61.01,61.8,60.53,60.99,378306
2015-02-05 16:00:00-05:00,61.27,62.06,60.87,62.015,450065
2015-02-06 16:00:00-05:00,62.32,63.6499,61.63,62.48,442906
2015-02-09 16:00:00-05:00,62.44,63.25,60.75,61.59,542393
2015-02-10 16:00:00-05:00,62.31,62.8,60.69,62.69,495875
2015-02-11 16:00:00-05:00,62.71,63.98,62.4048,63.39,391535
2015-02-12 16:00:00-05:00,63.79,63.97,61.79,61.94,737853
2015-02-13 16:00:00-05:00,62.12,63.07,61.88,62.68,367188
2015-02-17 16:00:00-05:00,63.13,63.13,61.4,62.41,387079
2015-02-18 16:00:00-05:00,62.4,62.68,61.2999,62.61,485613
2015-02-19 16:00:00-05:00,62.56,63.37,62.31,63.04,311100
2015-02-20 16:00:00-05:00,63.14,64.44,62.32,64.42,381186
2015-02-23 16:00:00-05:00,64.64,64.64,62.77,63.53,452340
2015-02-24 16:00:00-05:00,63.47,63.47,61.07,61.61,613969
2015-02-25 16:00:00-05:00,61.93,63.36,61.06,63.34,962242
2015-02-26 16:00:00-05:00,63.34,63.63,60.15,61.96,1253018
2015-02-27 16:00:00-05:00,62.25,62.96,60.52,60.74,629089
2015-03-02 16:00:00-05:00,60.6,61.01,59.08,59.66,1119228
2015-03-03 16:00:00-05:00,59.63,59.73,57.44,59.05,1031565
2015-03-04 16:00:00-05:00,58.87,60.19,58.1,59.88,732199
2015-03-05 16:00:00-05:00,59.82,60.851,59.7701,60.55,547226
2015-03-06 16:00:00-05:00,59.8,60.35,59.02,59.59,638180
2015-03-09 16:00:00-04:00,59.87,59.93,58.43,59.61,760779
2015-03-10 16:00:00-04:00,58.92,59.45,57.88,58.5,1282614
2015-03-11 16:00:00-04:00,58.51,60.03,57.95,59.91,836868
2015-03-12 16:00:00-04:00,58.92,60.0,57.9001,59.72,1234725
2015-03-13 16:00:00-04:00,59.02,60.23,59.02,60.03,895841
2015-03-16 16:00:00-04:00,60.56,64.0,60.52,63.0,970399
2015-03-17 16:00:00-04:00,62.92,63.2999,61.9,62.31,346023
2015-03-18 16:00:00-04:00,62.36,63.5,61.445,62.5,581623
2015-03-19 16:00:00-04:00,62.28,63.675,61.97,63.44,385188
2015-03-20 16:00:00-04:00,63.48,64.0,61.62,61.97,756351
2015-03-23 16:00:00-04:00,61.72,61.855,60.87,61.535,619436
2015-03-24 16:00:00-04:00,61.6,62.39,61.0,61.215,415774
2015-03-25 16:00:00-04:00,61.84,61.84,59.5,59.77,646125
2015-03-26 16:00:00-04:00,59.56,59.7403,57.82,58.37,705002
2015-03-27 16:00:00-04:00,58.25,60.555,58.25,60.16,482158
2015-03-30 16:00:00-04:00,60.81,62.54,60.45,61.98,667791
2015-03-31 16:00:00-04:00,61.69,62.86,61.4,62.34,817810
2015-04-01 16:00:00-04:00,61.88,62.18,60.8,61.49,673237
2015-04-02 16:00:00-04:00,61.62,62.99,61.0,62.95,649588
2015-04-06 16:00:00-04:00,62.33,63.57,62.0,63.38,609589
2015-04-07 16:00:00-04:00,63.47,64.2,63.0301,63.21,624186
2015-04-08 16:00:00-04:00,63.02,64.5,62.88,64.21,706080
2015-04-09 16:00:00-04:00,64.27,65.1899,63.95,65.0,776278
2015-04-10 16:00:00-04:00,65.3,68.49,65.02,67.89,1310678
2015-04-13 16:00:00-04:00,67.98,68.9064,66.78,67.42,666340
2015-04-14 16:00:00-04:00,67.43,68.1099,66.77,67.9,406304
2015-04-15 16:00:00-04:00,68.01,68.79,67.18,68.49,691014
2015-04-16 16:00:00-04:00,68.59,68.84,67.39,67.93,538132
2015-04-17 16:00:00-04:00,67.27,67.63,66.68,67.4,443626
2015-04-20 16:00:00-04:00,68.23,68.7,67.16,68.42,498226
2015-04-21 16:00:00-04:00,68.55,70.5391,68.14,70.33,562122
2015-04-22 16:00:00-04:00,70.4,70.88,68.61,69.28,626621
2015-04-23 16:00:00-04:00,69.26,71.24,69.02,70.56,1041155
2015-04-24 16:00:00-04:00,70.81,71.033,69.2,69.43,650241
2015-04-27 16:00:00-04:00,69.89,70.12,66.5801,67.56,881123
2015-04-28 16:00:00-04:00,67.55,68.65,65.8,68.03,880507
2015-04-29 16:00:00-04:00,67.35,68.33,66.255,67.13,1374390
2015-04-30 16:00:00-04:00,66.2,69.65,65.8,67.57,1552803
2015-05-01 16:00:00-04:00,68.16,68.48,66.56,67.12,907010
2015-05-04 16:00:00-04:00,66.74,68.63,66.66,68.19,790953
2015-05-05 16:00:00-04:00,67.81,68.49,65.76,66.2,713243
2015-05-06 16:00:00-04:00,66.24,66.74,65.3901,66.32,497161
2015-05-07 16:00:00-04:00,66.11,68.36,65.9,67.48,705359
2015-05-08 16:00:00-04:00,68.23,68.98,67.16,67.9,617094
2015-05-11 16:00:00-04:00,67.75,68.72,67.4,67.6,458854
2015-05-12 16:00:00-04:00,67.21,68.58,66.15,68.08,570472
2015-05-13 16:00:00-04:00,68.21,68.26,66.5,67.77,367068
2015-05-14 16:00:00-04:00,68.03,69.8,66.5474,68.93,569628
2015-05-15 16:00:00-04:00,69.01,69.22,67.72,68.39,290148
2015-05-18 16:00:00-04:00,68.3,70.37,67.93,70.1,480080
2015-05-19 16:00:00-04:00,70.0,70.38,69.27,69.79,439684
2015-05-20 16:00:00-04:00,70.0,70.34,68.74,69.17,346809
2015-05-21 16:00:00-04:00,68.97,69.21,67.78,68.25,457718
2015-05-22 16:00:00-04:00,68.2,68.88,67.88,68.68,474792
2015-05-26 16:00:00-04:00,68.0,69.16,67.68,68.65,574504
2015-05-27 16:00:00-04:00,68.63,71.73,68.22,71.64,847212
2015-05-28 16:00:00-04:00,71.44,71.8,70.36,71.27,680101
2015-05-29 16:00:00-04:00,71.0,72.72,70.75,71.72,704926
2015-06-01 16:00:00-04:00,71.61,73.0,71.19,72.35,566264
2015-06-02 16:00:00-04:00,72.03,73.39,71.5,72.59,481133
2015-06-03 16:00:00-04:00,72.93,72.99,71.84,72.48,453502
2015-06-04 16:00:00-04:00,72.11,72.39,70.59,71.86,652361
2015-06-05 16:00:00-04:00,71.96,72.87,71.43,72.61,619790
2015-06-08 16:00:00-04:00,72.83,72.83,71.56,71.74,491970
2015-06-09 16:00:00-04:00,71.89,71.89,70.02,70.9,611071
2015-06-10 16:00:00-04:00,71.42,72.5,70.59,72.17,544119
2015-06-11 16:00:00-04:00,72.27,73.5,71.95,73.39,409406
2015-06-12 16:00:00-04:00,73.35,73.35,72.1,72.44,662607
2015-06-15 16:00:00-04:00,71.39,72.47,70.02,72.37,701923
2015-06-16 16:00:00-04:00,72.02,73.34,71.8,72.79,488212
2015-06-17 16:00:00-04:00,73.06,75.49,73.02,74.97,827851
2015-06-18 16:00:00-04:00,75.02,77.67,75.02,77.4,938117
2015-06-19 16:00:00-04:00,77.63,77.98,76.87,77.62,889805
2015-06-22 16:00:00-04:00,78.38,78.38,77.04,77.81,647145
2015-06-23 16:00:00-04:00,77.8,78.0,77.25,77.93,708562
2015-06-24 16:00:00-04:00,77.97,78.0999,76.76,77.1,805330
2015-06-25 16:00:00-04:00,77.5,78.17,77.02,77.76,825123
2015-06-26 16:00:00-04:00,78.17,79.99,77.55,79.6,10387160
2015-06-29 16:00:00-04:00,78.49,80.57,77.93,79.1,1442804
2015-06-30 16:00:00-04:00,79.9,80.23,79.36,79.98,1282746
2015-07-01 16:00:00-04:00,80.57,81.4,79.31,79.77,1116298
2015-07-02 16:00:00-04:00,80.1,80.1,78.93,79.36,916321
2015-07-06 16:00:00-04:00,78.78,80.39,78.0,79.71,2299587
2015-07-07 16:00:00-04:00,79.95,81.17,78.0,81.07,1173538
2015-07-08 16:00:00-04:00,81.62,81.62,79.05,79.51,817393
2015-07-09 16:00:00-04:00,80.16,80.78,79.96,80.16,892589
2015-07-10 16:00:00-04:00,81.03,81.54,80.56,81.45,900813
2015-07-13 16:00:00-04:00,82.26,83.11,81.64,82.01,784866
2015-07-14 16:00:00-04:00,82.07,82.98,81.82,82.26,541076
2015-07-15 16:00:00-04:00,82.34,82.605,80.59,80.91,651420
2015-07-16 16:00:00-04:00,82.0,83.83,81.28,83.67,969892
2015-07-17 16:00:00-04:00,83.73,84.085,82.94,83.79,370926
2015-07-20 16:00:00-04:00,84.21,84.32,83.12,83.48,408187
2015-07-21 16:00:00-04:00,83.48,84.61,82.55,84.53,667450
2015-07-22 16:00:00-04:00,84.05,85.78,84.05,85.41,477430
2015-07-23 16:00:00-04:00,85.37,86.2,84.58,85.13,414615
2015-07-24 16:00:00-04:00,84.82,85.45,82.81,83.09,506358
2015-07-27 16:00:00-04:00,82.46,82.5,80.8,81.7,963283
2015-07-28 16:00:00-04:00,82.38,83.5,80.88,83.41,581612
2015-07-29 16:00:00-04:00,83.6,83.92,81.77,83.56,515116
2015-07-30 16:00:00-04:00,83.39,84.28,82.0001,83.92,437391
2015-07-31 16:00:00-04:00,84.5,86.08,83.46,84.65,497833
2015-08-03 16:00:00-04:00,85.0,85.7699,83.335,84.53,442587
2015-08-04 16:00:00-04:00,84.68,85.57,84.1,84.93,622262
2015-08-05 16:00:00-04:00,85.13,87.0,84.7,85.95,1593455
2015-08-06 16:00:00-04:00,94.7,97.58,91.46,93.31,3661787
2015-08-07 16:00:00-04:00,92.49,93.11,90.62,91.76,944688
2015-08-10 16:00:00-04:00,91.48,92.19,89.52,90.29,912554
2015-08-11 16:00:00-04:00,92.0,96.19,91.4,95.91,1460684
2015-08-12 16:00:00-04:00,94.97,96.23,93.69,95.82,684366
2015-08-13 16:00:00-04:00,96.09,98.29,95.32,97.07,780008
2015-08-14 16:00:00-04:00,98.01,98.85,97.24,98.18,660573
2015-08-17 16:00:00-04:00,98.32,98.43,95.27,98.11,736691
2015-08-18 16:00:00-04:00,97.45,98.8,96.52,96.66,657887
2015-08-19 16:00:00-04:00,96.4,97.01,94.0,95.5,754870
2015-08-20 16:00:00-04:00,94.5,94.9799,90.5,90.58,1016122
2015-08-21 16:00:00-04:00,89.79,90.9,88.34,90.01,1442505
2015-08-24 16:00:00-04:00,78.59,84.19,76.46,85.49,1778328
2015-08-25 16:00:00-04:00,92.0,92.31,87.0,89.57,2014006
2015-08-26 16:00:00-04:00,91.64,91.99,89.16,91.53,1442547
2015-08-27 16:00:00-04:00,93.59,94.95,92.0,93.74,1378021
2015-08-28 16:00:00-04:00,92.81,95.67,92.81,94.19,1069082
2015-08-31 16:00:00-04:00,93.3,96.235,93.1,94.14,1251717
2015-09-01 16:00:00-04:00,90.98,92.27,87.39,87.82,1356493
2015-09-02 16:00:00-04:00,89.19,90.02,87.44,89.37,609576
2015-09-03 16:00:00-04:00,89.89,90.6399,87.822,88.01,716904
2015-09-04 16:00:00-04:00,87.0,88.9814,86.65,88.31,527462
2015-09-08 16:00:00-04:00,89.89,91.37,88.8029,91.05,668906
2015-09-09 16:00:00-04:00,91.7,91.8999,90.25,90.84,901075
2015-09-10 16:00:00-04:00,90.48,97.8,90.316,96.43,1779521
2015-09-11 16:00:00-04:00,95.67,97.95,94.41,97.41,1036538
2015-09-14 16:00:00-04:00,97.91,98.57,95.03,95.73,818937
2015-09-15 16:00:00-04:00,96.0,97.1,95.33,96.72,532965
2015-09-16 16:00:00-04:00,96.59,97.6676,95.61,97.47,586293
2015-09-17 16:00:00-04:00,98.12,103.29,97.68,101.91,1966406
2015-09-18 16:00:00-04:00,100.23,102.6745,99.91,100.0,1629627
2015-09-21 16:00:00-04:00,101.09,101.6,98.35,99.89,761543
2015-09-22 16:00:00-04:00,98.96,98.96,96.255,97.45,685964
2015-09-23 16:00:00-04:00,97.33,100.72,96.28,100.55,887759
2015-09-24 16:00:00-04:00,100.11,100.21,95.55,97.04,841804
2015-09-25 16:00:00-04:00,98.24,98.28,90.79,92.06,1070283
2015-09-28 16:00:00-04:00,90.24,91.415,82.235,84.83,1902997
2015-09-29 16:00:00-04:00,84.58,86.58,82.06,82.99,1171855
2015-09-30 16:00:00-04:00,84.3,85.97,83.46,85.86,1298992
2015-10-01 16:00:00-04:00,85.61,86.02,83.8305,85.68,1432031
2015-10-02 16:00:00-04:00,86.35,86.97,83.68,86.71,985416
2015-10-05 16:00:00-04:00,87.35,88.73,83.61,84.56,1427414
2015-10-06 16:00:00-04:00,84.79,84.79,78.27,80.12,1463397
2015-10-07 16:00:00-04:00,80.42,80.65,77.73,78.66,1817976
2015-10-08 16:00:00-04:00,78.59,79.2,74.75,77.99,1363986
2015-10-09 16:00:00-04:00,78.44,78.47,76.14,77.55,847117
2015-10-12 16:00:00-04:00,77.53,79.14,75.91,77.96,738618
2015-10-13 16:00:00-04:00,76.95,77.27,75.15,75.44,1149132
2015-10-14 16:00:00-04:00,74.99,75.18,70.29,70.65,2204010
2015-10-15 16:00:00-04:00,80.14,85.405,76.49,84.35,4273797
2015-10-16 16:00:00-04:00,84.39,86.15,82.13,83.28,2134876
2015-10-19 16:00:00-04:00,83.38,84.9,82.16,83.25,926823
2015-10-20 16:00:00-04:00,82.74,83.87,79.55,80.58,770953
2015-10-21 16:00:00-04:00,81.1,82.452,77.619,79.61,868980
2015-10-22 16:00:00-04:00,80.2,80.65,75.64,78.04,1259555
2015-10-23 16:00:00-04:00,78.43,82.63,78.0,82.5,1199276
2015-10-26 16:00:00-04:00,82.13,84.06,81.124,82.52,890171
2015-10-27 16:00:00-04:00,81.79,83.83,81.16,83.59,717112
2015-10-28 16:00:00-04:00,83.68,84.8345,81.84,84.07,688266
2015-10-29 16:00:00-04:00,83.78,84.5,81.6,82.45,477084
2015-10-30 16:00:00-04:00,82.64,84.21,81.71,83.32,659198
2015-11-02 16:00:00-05:00,84.59,87.33,84.06,86.81,1116571
2015-11-03 16:00:00-05:00,86.21,88.76,84.5601,87.43,1080890
2015-11-04 16:00:00-05:00,87.39,88.64,86.0,87.05,649251
2015-11-05 16:00:00-05:00,80.62,85.89,80.62,84.81,1351270
2015-11-06 16:00:00-05:00,84.76,85.07,83.19,84.72,820416
2015-11-09 16:00:00-05:00,83.96,85.24,83.01,85.03,915469
2015-11-10 16:00:00-05:00,85.04,85.75,83.97,84.92,745055
2015-11-11 16:00:00-05:00,85.51,86.0656,84.06,84.74,526349
2015-11-12 16:00:00-05:00,84.31,84.43,82.91,83.39,460134
2015-11-13 16:00:00-05:00,82.93,85.23,82.68,84.42,639166
2015-11-16 16:00:00-05:00,84.51,84.8,82.26,83.0,511367
2015-11-17 16:00:00-05:00,82.93,83.875,82.48,82.91,449911
2015-11-18 16:00:00-05:00,83.41,85.15,82.62,84.98,490467
2015-11-19 16:00:00-05:00,84.8,86.33,84.43,84.61,608271
2015-11-20 16:00:00-05:00,85.1,87.98,85.1,86.29,784181
2015-11-23 16:00:00-05:00,85.83,86.83,85.31,86.27,451199
2015-11-24 16:00:00-05:00,86.25,86.9499,85.6,86.86,555527
2015-11-25 16:00:00-05:00,87.0,88.13,87.0,87.4,314948
2015-11-27 16:00:00-05:00,87.43,89.44,87.43,88.83,211193
2015-11-30 16:00:00-05:00,88.59,88.63,84.28,85.02,645135
2015-12-01 16:00:00-05:00,84.46,86.39,84.35,86.17,549684
2015-12-02 16:00:00-05:00,86.38,87.32,85.9488,86.22,418498
2015-12-03 16:00:00-05:00,86.42,87.1598,83.5,83.94,559445
2015-12-04 16:00:00-05:00,84.54,87.87,84.54,87.77,585928
2015-12-07 16:00:00-05:00,87.38,87.7099,86.4,87.23,452233
2015-12-08 16:00:00-05:00,86.61,87.93,86.3,87.27,431032
2015-12-09 16:00:00-05:00,86.78,86.9699,84.72,85.25,474788
2015-12-10 16:00:00-05:00,85.43,85.976,83.8,84.96,579112
2015-12-11 16:00:00-05:00,84.08,84.75,81.35,81.77,530280
2015-12-14 16:00:00-05:00,81.68,83.46,81.665,82.96,392702
2015-12-15 16:00:00-05:00,83.56,83.99,78.5,79.18,1009295
2015-12-16 16:00:00-05:00,80.05,82.48,79.98,82.02,780952
2015-12-17 16:00:00-05:00,82.3,82.98,81.43,81.73,484098
2015-12-18 16:00:00-05:00,81.79,83.45,81.06,82.11,675979
2015-12-21 16:00:00-05:00,82.35,83.36,81.45,81.63,427443
2015-12-22 16:00:00-05:00,81.91,82.68,79.78,82.57,514813
2015-12-23 16:00:00-05:00,82.66,82.92,81.46,81.87,420664
2015-12-24 16:00:00-05:00,81.2,81.65,80.26,81.13,293493
2015-12-28 16:00:00-05:00,81.06,81.79,80.5,81.7,318619
2015-12-29 16:00:00-05:00,81.7,83.23,81.47,82.33,351252
2015-12-30 16:00:00-05:00,82.17,83.04,81.75,82.35,544601
2015-12-31 16:00:00-05:00,81.86,83.03,81.4,81.9,1019064
2016-01-04 16:00:00-05:00,80.28,80.3304,77.7711,78.49,1025287
2016-01-05 16:00:00-05:00,78.59,80.98,78.5,80.76,839291
2016-01-06 16:00:00-05:00,79.44,80.74,78.82,79.39,1195511
2016-01-07 16:00:00-05:00,78.88,81.93,78.12,81.79,1108129
2016-01-08 16:00:00-05:00,82.79,83.87,79.4,79.6,766519
2016-01-11 16:00:00-05:00,80.42,80.61,76.32,77.82,763087
2016-01-12 16:00:00-05:00,78.29,82.06,77.77,77.89,1306741
2016-01-13 16:00:00-05:00,77.67,78.19,70.15,71.32,1672978
2016-01-14 16:00:00-05:00,71.5,73.88,66.31,72.4,1681774
2016-01-15 16:00:00-05:00,70.0,70.8799,68.41,70.24,1175335
2016-01-19 16:00:00-05:00,70.49,72.935,70.36,72.43,1190470
2016-01-20 16:00:00-05:00,71.36,75.3,70.35,74.04,1591661
2016-01-21 16:00:00-05:00,73.97,74.73,72.44,72.48,696308
2016-01-22 16:00:00-05:00,72.56,74.32,72.03,74.02,526609
2016-01-25 16:00:00-05:00,73.76,74.03,72.44,72.66,366932
2016-01-26 16:00:00-05:00,72.89,73.59,70.87,73.21,533043
2016-01-27 16:00:00-05:00,73.09,74.22,71.05,71.32,430253
2016-01-28 16:00:00-05:00,74.56,74.56,68.18,69.54,1061376
2016-01-29 16:00:00-05:00,69.36,72.19,69.36,71.28,575620
2016-02-01 16:00:00-05:00,71.01,72.41,70.023,72.03,414097
2016-02-02 16:00:00-05:00,71.22,72.835,70.28,70.64,467209
2016-02-03 16:00:00-05:00,70.55,71.635,68.8,69.89,650798
2016-02-04 16:00:00-05:00,70.04,71.295,69.105,70.63,516932
2016-02-05 16:00:00-05:00,70.54,71.755,61.4,61.98,3097193
2016-02-08 16:00:00-05:00,59.94,59.99,47.92,53.65,5328271
2016-02-09 16:00:00-05:00,52.92,55.87,51.45,53.38,1906153
2016-02-10 16:00:00-05:00,54.0,58.85,53.75,58.26,1843459
2016-02-11 16:00:00-05:00,56.53,58.15,55.34,56.25,1060221
2016-02-12 16:00:00-05:00,57.34,57.49,54.5,56.12,770738
2016-02-16 16:00:00-05:00,56.83,60.37,56.23,59.26,934344
2016-02-17 16:00:00-05:00,59.75,62.5,59.07,61.82,1041299
2016-02-18 16:00:00-05:00,62.34,63.19,61.5,61.7,817451
2016-02-19 16:00:00-05:00,61.16,64.19,60.5,63.19,880815
2016-02-22 16:00:00-05:00,63.65,64.54,62.995,63.57,971845
2016-02-23 16:00:00-05:00,63.57,66.2999,62.87,63.27,741702
2016-02-24 16:00:00-05:00,60.04,64.9,56.52,64.45,1862221
2016-02-25 16:00:00-05:00,64.91,68.14,64.91,67.21,1261002
2016-02-26 16:00:00-05:00,67.25,68.68,64.92,65.92,675908
2016-02-29 16:00:00-05:00,66.17,67.85,64.69,65.06,555657
2016-03-01 16:00:00-05:00,65.87,65.87,63.71,65.65,661407
2016-03-02 16:00:00-05:00,65.83,66.49,64.76,65.76,933574
2016-03-03 16:00:00-05:00,65.41,66.52,64.54,66.4,503443
2016-03-04 16:00:00-05:00,66.26,67.8,66.108,66.83,507636
2016-03-07 16:00:00-05:00,66.66,68.87,66.23,68.38,705617
2016-03-08 16:00:00-05:00,67.88,68.91,65.88,66.1,569572
2016-03-09 16:00:00-05:00,66.19,66.2868,62.381,64.53,1256237
2016-03-10 16:00:00-05:00,64.53,65.29,61.26,62.61,1444262
2016-03-11 16:00:00-05:00,63.44,65.43,63.09,65.15,676077
2016-03-14 16:00:00-04:00,62.47,64.59,62.47,64.04,927346
2016-03-15 16:00:00-04:00,63.38,63.62,61.82,61.96,1000630
2016-03-16 16:00:00-04:00,61.98,62.97,59.94,60.24,664850
2016-03-17 16:00:00-04:00,60.04,60.56,58.45,59.4,781157
2016-03-18 16:00:00-04:00,59.7,61.27,58.88,60.73,740390
2016-03-21 16:00:00-04:00,60.18,61.17,59.28,59.51,601424
2016-03-22 16:00:00-04:00,59.42,63.17,59.42,62.69,815952
2016-03-23 16:00:00-04:00,62.07,62.28,61.02,61.15,547790
2016-03-24 16:00:00-04:00,60.56,60.74,59.19,59.96,434027
2016-03-28 16:00:00-04:00,59.74,60.01,59.032,59.46,675683
2016-03-29 16:00:00-04:00,60.0,63.24,58.9,62.88,982736
2016-03-30 16:00:00-04:00,63.22,66.25,63.22,65.5,1199810
2016-03-31 16:00:00-04:00,65.22,69.12,65.1,67.91,1346184
2016-04-01 16:00:00-04:00,67.46,69.37,66.0,67.63,1123526
2016-04-04 16:00:00-04:00,68.15,72.11,67.63,70.49,1501443
2016-04-05 16:00:00-04:00,69.5,69.88,67.56,67.79,715319
2016-04-06 16:00:00-04:00,67.36,68.98,67.32,68.72,623268
2016-04-07 16:00:00-04:00,68.35,68.98,67.81,68.43,617824
2016-04-08 16:00:00-04:00,69.01,69.43,67.01,68.08,462225
2016-04-11 16:00:00-04:00,68.0,68.27,66.49,66.8,605144
2016-04-12 16:00:00-04:00,66.52,66.7899,64.14,65.29,924949
2016-04-13 16:00:00-04:00,65.53,66.45,64.861,65.87,760984
2016-04-14 16:00:00-04:00,65.75,67.9,65.6,67.04,695331
2016-04-15 16:00:00-04:00,67.07,67.59,66.13,66.81,445266
2016-04-18 16:00:00-04:00,66.38,68.035,66.2801,67.66,429620
2016-04-19 16:00:00-04:00,67.7,67.9,66.52,66.8,617629
2016-04-20 16:00:00-04:00,66.9,67.56,65.9,67.06,370117
2016-04-21 16:00:00-04:00,67.27,68.09,67.08,67.68,496696
2016-04-22 16:00:00-04:00,67.5,68.87,67.5,68.43,443708
2016-04-25 16:00:00-04:00,68.31,69.78,68.27,69.13,634703
2016-04-26 16:00:00-04:00,69.1,69.87,68.515,69.82,518168
2016-04-27 16:00:00-04:00,69.07,70.8,67.8,68.41,863657
2016-04-28 16:00:00-04:00,67.04,69.0,65.7,65.96,1659487
2016-04-29 16:00:00-04:00,65.67,65.67,62.64,64.38,1155530
2016-05-02 16:00:00-04:00,64.12,65.89,63.59,65.1,805112
2016-05-03 16:00:00-04:00,63.8,64.92,62.15,63.08,2054353
2016-05-04 16:00:00-04:00,62.77,62.77,61.07,61.4,841898
2016-05-05 16:00:00-04:00,61.28,61.86,60.84,61.4,876037
2016-05-06 16:00:00-04:00,61.36,61.82,60.07,61.31,715355
2016-05-09 16:00:00-04:00,61.2,62.95,61.09,62.44,850487
2016-05-10 16:00:00-04:00,62.93,62.94,61.7,62.49,528837
2016-05-11 16:00:00-04:00,62.87,64.8,62.67,63.45,769128
2016-05-12 16:00:00-04:00,63.85,63.94,60.3,61.16,670349
2016-05-13 16:00:00-04:00,60.88,61.43,60.13,60.63,573699
2016-05-16 16:00:00-04:00,60.95,62.95,60.81,62.8,886608
2016-05-17 16:00:00-04:00,62.59,63.22,61.6,61.91,666085
2016-05-18 16:00:00-04:00,61.8,62.11,61.0911,61.84,628576
2016-05-19 16:00:00-04:00,61.63,63.17,61.18,62.27,692169
2016-05-20 16:00:00-04:00,62.7,64.08,62.435,63.82,683975
2016-05-23 16:00:00-04:00,63.15,64.41,62.88,63.48,987428
2016-05-24 16:00:00-04:00,63.93,65.72,62.85,64.97,760968
2016-05-25 16:00:00-04:00,64.78,65.74,64.26,65.32,738919
2016-05-26 16:00:00-04:00,65.21,65.21,62.91,63.15,809637
2016-05-27 16:00:00-04:00,63.07,65.43,62.3,65.29,1037592
2016-05-31 16:00:00-04:00,65.25,65.29,63.59,64.49,859572
2016-06-01 16:00:00-04:00,63.51,65.6,62.68,64.75,1459847
2016-06-02 16:00:00-04:00,64.59,67.67,63.59,67.64,1003129
2016-06-03 16:00:00-04:00,67.53,67.92,66.57,67.51,779766
2016-06-06 16:00:00-04:00,66.87,68.9,66.59,68.57,518080
2016-06-07 16:00:00-04:00,68.29,69.08,68.02,69.06,1110472
2016-06-08 16:00:00-04:00,69.06,73.46,68.2784,73.34,1724924
2016-06-09 16:00:00-04:00,73.33,74.71,71.48,72.67,1173299
2016-06-10 16:00:00-04:00,72.27,72.94,71.13,71.91,836481
2016-06-13 16:00:00-04:00,71.44,74.85,70.58,72.08,1094301
2016-06-14 16:00:00-04:00,72.23,73.8,71.1708,73.4,979352
2016-06-15 16:00:00-04:00,73.8,74.99,72.57,72.95,1032517
2016-06-16 16:00:00-04:00,72.7,72.91,71.48,72.49,756985
2016-06-17 16:00:00-04:00,72.35,72.87,71.61,72.6,714489
2016-06-20 16:00:00-04:00,74.89,77.62,73.925,77.24,1863982
2016-06-21 16:00:00-04:00,77.74,77.74,75.55,77.51,1152381
2016-06-22 16:00:00-04:00,77.33,77.77,76.17,77.49,962141
2016-06-23 16:00:00-04:00,77.75,78.17,76.46,77.59,1240404
2016-06-24 16:00:00-04:00,74.66,77.83,73.17,77.46,1560524
2016-06-27 16:00:00-04:00,76.83,77.46,74.59,75.91,1071239
2016-06-28 16:00:00-04:00,76.5,78.3175,76.22,78.04,843317
2016-06-29 16:00:00-04:00,78.1,81.23,78.01,79.0,1261454
2016-06-30 16:00:00-04:00,79.26,79.88,78.34,79.33,1307797
2016-07-01 16:00:00-04:00,79.62,80.22,78.98,79.58,528867
2016-07-05 16:00:00-04:00,79.52,79.52,78.48,79.05,782931
2016-07-06 16:00:00-04:00,79.0,79.15,77.97,78.69,960168
2016-07-07 16:00:00-04:00,78.58,78.88,76.211,78.21,824023
2016-07-08 16:00:00-04:00,79.0,79.0,77.29,78.87,1068802
2016-07-11 16:00:00-04:00,79.49,79.82,78.64,79.4,735130
2016-07-12 16:00:00-04:00,79.9,81.0,79.4,79.8,622946
2016-07-13 16:00:00-04:00,80.12,80.47,79.04,79.33,538477
2016-07-14 16:00:00-04:00,80.02,80.08,77.04,78.11,874876
2016-07-15 16:00:00-04:00,78.1,78.5,76.76,77.55,743501
2016-07-18 16:00:00-04:00,78.3,78.52,76.76,78.19,1190819
2016-07-19 16:00:00-04:00,79.2,86.35,78.95,83.04,2558233
2016-07-20 16:00:00-04:00,83.89,85.12,83.54,84.63,920603
2016-07-22 16:00:00-04:00,87.96,89.05,86.31,87.89,2155284
2016-07-25 16:00:00-04:00,87.64,87.859,87.02,87.8,1010409
2016-07-26 16:00:00-04:00,88.03,88.68,87.5,88.32,503153
2016-07-27 16:00:00-04:00,88.14,89.23,87.16,88.66,518945
2016-07-28 16:00:00-04:00,88.84,90.605,88.35,89.56,427058
2016-07-29 16:00:00-04:00,90.33,92.39,89.7001,92.23,882846
2016-08-01 16:00:00-04:00,92.69,93.26,91.2999,92.65,853676
2016-08-02 16:00:00-04:00,92.49,92.86,90.98,92.78,790924
2016-08-03 16:00:00-04:00,87.84,94.5,87.5,90.87,1999520
2016-08-04 16:00:00-04:00,91.5,91.77,90.64,91.5,986516
2016-08-05 16:00:00-04:00,91.02,92.22,90.79,91.23,854568
2016-08-08 16:00:00-04:00,91.25,91.72,90.48,90.66,804412
2016-08-09 16:00:00-04:00,91.0,91.45,90.51,91.1,821521
2016-08-10 16:00:00-04:00,90.26,90.965,89.17,90.24,739668
2016-08-11 16:00:00-04:00,90.87,91.16,90.42,90.92,653223
2016-08-12 16:00:00-04:00,91.0,91.0,90.0,90.53,499974
2016-08-15 16:00:00-04:00,90.5,91.3,90.19,90.88,523640
2016-08-16 16:00:00-04:00,90.99,90.99,90.201,90.62,523149
2016-08-17 16:00:00-04:00,90.55,90.71,89.95,90.29,901287
2016-08-18 16:00:00-04:00,90.25,91.43,90.25,90.9,553012
2016-08-19 16:00:00-04:00,90.5,91.33,89.95,90.94,579571
2016-08-22 16:00:00-04:00,90.65,91.469,90.03,90.56,263390
2016-08-23 16:00:00-04:00,90.34,92.25,90.03,92.09,558137
2016-08-24 16:00:00-04:00,91.72,93.87,90.24,90.35,797856
2016-08-25 16:00:00-04:00,90.55,91.78,90.0,90.62,315692
2016-08-26 16:00:00-04:00,90.57,91.46,90.01,91.24,479677
2016-08-29 16:00:00-04:00,91.58,92.64,90.5385,91.65,721626
2016-08-30 16:00:00-04:00,91.65,92.4699,91.37,92.13,647563
2016-08-31 16:00:00-04:00,91.73,92.0,90.77,91.09,589718
2016-09-01 16:00:00-04:00,91.3,91.93,90.31,91.71,675001
2016-09-02 16:00:00-04:00,92.0,92.79,91.33,92.09,415773
2016-09-06 16:00:00-04:00,92.58,95.5,92.18,94.28,670034
2016-09-07 16:00:00-04:00,94.45,95.805,94.18,95.01,699211
2016-09-08 16:00:00-04:00,94.81,96.38,94.235,95.8,848976
2016-09-09 16:00:00-04:00,95.04,95.4,92.76,92.96,1400931
2016-09-12 16:00:00-04:00,92.16,93.24,91.2,93.04,485578
2016-09-13 16:00:00-04:00,92.7,93.37,91.34,91.88,469037
2016-09-14 16:00:00-04:00,90.64,92.8,90.3733,91.79,559835
2016-09-15 16:00:00-04:00,91.52,93.85,90.81,92.75,583576
2016-09-16 16:00:00-04:00,92.98,94.13,92.66,93.06,763423
2016-09-19 16:00:00-04:00,93.4,93.72,92.3,93.06,545762
2016-09-20 16:00:00-04:00,93.17,93.495,92.1,92.75,731044
2016-09-21 16:00:00-04:00,93.0,93.69,92.41,93.5,633946
2016-09-22 16:00:00-04:00,94.0,94.79,93.69,94.02,541892
2016-09-23 16:00:00-04:00,94.0,94.24,93.735,93.91,595939
2016-09-26 16:00:00-04:00,93.59,93.8499,92.85,93.16,446770
2016-09-27 16:00:00-04:00,92.97,93.9,92.934,93.72,472690
2016-09-28 16:00:00-04:00,93.55,93.72,84.72,89.74,4490051
2016-09-29 16:00:00-04:00,89.89,89.98,86.26,87.8,2733845
2016-09-30 16:00:00-04:00,88.36,89.02,86.81,87.66,1025933
2016-10-03 16:00:00-04:00,86.91,87.81,84.09,84.98,1258176
2016-10-04 16:00:00-04:00,84.99,85.485,80.58,81.93,1879239
2016-10-05 16:00:00-04:00,82.55,84.855,81.78,83.37,1502442
2016-10-06 16:00:00-04:00,83.45,84.19,82.37,83.08,722823
2016-10-07 16:00:00-04:00,82.98,83.5,81.99,82.93,720354
2016-10-10 16:00:00-04:00,83.35,85.13,83.14,83.92,513869
2016-10-11 16:00:00-04:00,83.43,83.43,81.0,81.89,646469
2016-10-12 16:00:00-04:00,82.2,83.38,81.44,82.02,440524
2016-10-13 16:00:00-04:00,81.59,82.45,80.01,81.98,516136
2016-10-14 16:00:00-04:00,82.09,82.5,81.07,81.68,725682
2016-10-17 16:00:00-04:00,81.9,82.37,81.1,81.97,374485
2016-10-18 16:00:00-04:00,82.5,83.04,82.15,82.52,429143
2016-10-19 16:00:00-04:00,82.31,82.93,81.87,82.0,644635
2016-10-20 16:00:00-04:00,81.95,82.66,81.79,82.5,522902
2016-10-21 16:00:00-04:00,82.3,82.3,80.29,80.68,420733
2016-10-24 16:00:00-04:00,80.76,83.15,80.39,82.51,499252
2016-10-25 16:00:00-04:00,81.96,81.96,79.68,80.22,423569
2016-10-26 16:00:00-04:00,79.71,79.84,75.43,77.25,1532104
2016-10-27 16:00:00-04:00,77.37,77.47,75.23,75.42,608551
2016-10-28 16:00:00-04:00,75.2,77.92,75.185,76.7,577268
2016-10-31 16:00:00-04:00,77.12,78.835,76.43,78.24,1491823
2016-11-01 16:00:00-04:00,77.95,79.45,77.37,77.92,1297331
2016-11-02 16:00:00-04:00,62.79,66.46,61.0,62.93,8302406
2016-11-03 16:00:00-04:00,62.86,63.6,59.4701,60.08,2771646
2016-11-04 16:00:00-04:00,60.16,63.36,60.16,61.9,1565238
2016-11-07 16:00:00-05:00,62.26,63.76,61.26,63.0,1194313
2016-11-08 16:00:00-05:00,62.99,63.73,61.94,62.64,826857
2016-11-09 16:00:00-05:00,62.17,63.99,60.14,61.99,1513544
2016-11-10 16:00:00-05:00,62.51,63.75,61.41,62.53,760783
2016-11-11 16:00:00-05:00,62.72,66.23,61.94,65.18,1477523
2016-11-14 16:00:00-05:00,66.3,70.86,66.25,68.79,1830448
2016-11-15 16:00:00-05:00,68.76,73.06,68.67,71.53,1910055
2016-11-16 16:00:00-05:00,71.17,72.1001,70.38,71.29,1112705
2016-11-17 16:00:00-05:00,70.63,73.1,70.63,72.01,668693
2016-11-18 16:00:00-05:00,72.41,73.14,71.38,71.4,808545
2016-11-21 16:00:00-05:00,71.27,73.57,71.25,73.18,872679
2016-11-22 16:00:00-05:00,72.86,73.46,68.36,70.23,1429697
2016-11-23 16:00:00-05:00,70.46,72.34,69.83,72.19,773498
2016-11-25 13:00:00-05:00,73.24,74.18,71.65,72.82,472540
2016-11-28 16:00:00-05:00,72.75,73.93,70.35,70.71,1009218
2016-11-29 16:00:00-05:00,70.99,70.99,67.2,68.07,1565863
2016-11-30 16:00:00-05:00,68.51,69.17,63.64,65.29,5726727
2016-12-01 16:00:00-05:00,65.0,65.82,62.665,63.34,1271598
2016-12-02 16:00:00-05:00,63.57,64.515,62.93,63.87,921670
2016-12-05 16:00:00-05:00,64.51,65.76,63.69,64.45,894993
2016-12-06 16:00:00-05:00,64.69,65.73,63.78,65.48,1782233
2016-12-07 16:00:00-05:00,65.0,65.69,62.09,63.04,957348
2016-12-08 16:00:00-05:00,62.73,64.8,62.42,64.61,782111
2016-12-09 16:00:00-05:00,64.46,65.64,64.23,65.01,754792
2016-12-12 16:00:00-05:00,64.4,65.46,64.235,65.28,731436
2016-12-13 16:00:00-05:00,65.63,66.4699,64.44,65.0,1013954
2016-12-14 16:00:00-05:00,65.03,65.13,63.33,64.14,924978
2016-12-15 16:00:00-05:00,65.44,65.44,63.27,63.72,993315
2016-12-16 16:00:00-05:00,63.6,64.89,63.12,63.41,1136122
2016-12-19 16:00:00-05:00,63.9,65.28,63.0,63.51,1516767
2016-12-20 16:00:00-05:00,63.35,67.799,60.62,63.56,4437271
2016-12-21 16:00:00-05:00,64.58,65.87,63.59,63.74,2038853
2016-12-22 16:00:00-05:00,63.6,64.66,61.53,62.1,846172
2016-12-23 16:00:00-05:00,62.34,62.92,61.69,62.51,577221
2016-12-27 16:00:00-05:00,62.21,62.6,61.35,62.4,900540
2016-12-28 16:00:00-05:00,62.7,63.77,60.9,61.01,726555
2016-12-29 16:00:00-05:00,61.27,61.415,60.28,60.64,880365
2016-12-30 16:00:00-05:00,60.58,61.24,59.36,59.7,1339331
2017-01-03 16:00:00-05:00,59.5,59.6489,57.76,58.25,1429301
2017-01-04 16:00:00-05:00,58.3,61.15,57.68,60.72,1811620
2017-01-05 16:00:00-05:00,60.89,64.55,60.53,62.66,1641357
2017-01-06 16:00:00-05:00,63.17,63.91,62.49,63.23,889766
2017-01-09 16:00:00-05:00,63.5,63.89,62.47,62.49,1026400
2017-01-10 16:00:00-05:00,62.86,69.49,62.43,67.04,2132145
2017-01-11 16:00:00-05:00,67.29,69.42,66.3,69.03,1961692
2017-01-12 16:00:00-05:00,69.0,69.72,67.28,67.61,1325618
2017-01-13 16:00:00-05:00,79.36,88.8,78.62,85.13,9321440
2017-01-17 16:00:00-05:00,85.47,86.74,84.61,85.49,2917387
2017-01-18 16:00:00-05:00,86.0,86.19,84.09,84.16,2361066
2017-01-19 16:00:00-05:00,84.16,84.64,81.24,81.59,1787333
2017-01-20 16:00:00-05:00,81.6,82.26,79.63,80.21,1225074
2017-01-23 16:00:00-05:00,79.65,80.46,79.01,79.98,976885
2017-01-24 16:00:00-05:00,78.3,80.05,76.3,79.75,2338411
2017-01-25 16:00:00-05:00,80.13,82.29,79.86,80.9,1408715
2017-01-26 16:00:00-05:00,80.77,81.53,79.15,79.52,701413
2017-01-27 16:00:00-05:00,79.45,80.0099,78.915,79.48,533568
2017-01-30 16:00:00-05:00,79.16,79.625,77.63,78.55,527929
2017-01-31 16:00:00-05:00,78.85,79.96,78.07,79.15,839690
2017-02-01 16:00:00-05:00,79.81,80.19,78.67,79.44,940363
2017-02-02 16:00:00-05:00,79.84,80.34,78.32,79.56,561288
2017-02-03 16:00:00-05:00,79.53,81.51,79.18,81.38,780420
2017-02-06 16:00:00-05:00,81.0,81.93,79.22,79.67,733332
2017-02-07 16:00:00-05:00,79.51,80.76,79.504,79.8,1097610
2017-02-08 16:00:00-05:00,79.35,80.08,78.89,79.24,505090
2017-02-09 16:00:00-05:00,79.35,80.57,79.06,79.38,778106
2017-02-10 16:00:00-05:00,79.3,80.3,78.82,80.0,642444
2017-02-13 16:00:00-05:00,79.82,80.875,79.82,80.22,627799
2017-02-14 16:00:00-05:00,80.5,81.36,79.55,81.06,1063456
2017-02-15 16:00:00-05:00,81.0,84.0,80.97,83.255,1346137
2017-02-16 16:00:00-05:00,84.61,84.83,80.12,81.39,904106
2017-02-17 16:00:00-05:00,81.06,82.66,80.58,81.89,632647
2017-02-21 16:00:00-05:00,81.07,82.23,79.68,79.9,881546
2017-02-22 16:00:00-05:00,79.88,79.89,78.02,78.59,853838
2017-02-23 16:00:00-05:00,78.49,79.18,77.1,77.96,882240
2017-02-24 16:00:00-05:00,77.09,78.91,76.86,78.5,633957
2017-02-27 16:00:00-05:00,78.21,79.34,75.53,79.21,923408
2017-02-28 16:00:00-05:00,79.14,79.14,77.2388,78.16,1479552
2017-03-01 16:00:00-05:00,78.4,84.09,78.4,81.47,1525196
2017-03-02 16:00:00-05:00,81.5,82.94,80.83,81.04,668682
2017-03-03 16:00:00-05:00,79.98,81.69,79.5,80.44,1013443
2017-03-06 16:00:00-05:00,79.77,80.24,77.62,78.36,932445
2017-03-07 16:00:00-05:00,78.71,79.0,77.44,78.59,1456735
2017-03-08 16:00:00-05:00,78.79,79.7099,78.09,78.24,465010
2017-03-09 16:00:00-05:00,78.05,79.0,77.01,77.55,885322
2017-03-10 16:00:00-05:00,77.71,78.5,76.85,78.34,1528457
2017-03-13 16:00:00-04:00,77.05,78.5,76.9,77.6,762253
2017-03-14 16:00:00-04:00,77.16,78.47,76.9,77.47,614246
2017-03-15 16:00:00-04:00,77.05,78.33,77.05,77.21,672806
2017-03-16 16:00:00-04:00,77.68,78.18,76.75,77.38,702722
2017-03-17 16:00:00-04:00,77.28,79.39,76.47,78.89,674368
2017-03-20 16:00:00-04:00,78.89,80.0625,78.33,79.62,613168
2017-03-21 16:00:00-04:00,79.86,80.73,76.11,76.49,1067805
2017-03-22 16:00:00-04:00,76.3,77.2,75.11,76.9,918571
2017-03-23 16:00:00-04:00,76.15,77.56,75.79,76.08,786798
2017-03-24 16:00:00-04:00,78.82,84.31,78.77,82.62,1487708
2017-03-27 16:00:00-04:00,82.12,83.6,81.58,83.4,753641
2017-03-28 16:00:00-04:00,83.15,84.3,82.931,84.01,636109
2017-03-29 16:00:00-04:00,84.32,86.32,83.76,85.19,1211491
2017-03-30 16:00:00-04:00,85.21,85.49,84.1116,85.03,469700
2017-03-31 16:00:00-04:00,84.69,85.67,84.48,84.73,518603
2017-04-03 16:00:00-04:00,84.75,85.32,82.93,83.97,773607
2017-04-04 16:00:00-04:00,83.75,84.78,81.509,81.9,631916
2017-04-05 16:00:00-04:00,82.04,82.299,79.79,80.05,755802
2017-04-06 16:00:00-04:00,80.3,80.45,78.6,80.25,665380
2017-04-07 16:00:00-04:00,79.75,79.95,78.44,78.76,731593
2017-04-10 16:00:00-04:00,78.19,79.03,78.04,78.1,505274
2017-04-11 16:00:00-04:00,78.5,78.61,76.05,77.09,699997
2017-04-12 16:00:00-04:00,76.95,77.47,76.525,76.77,321873
2017-04-13 16:00:00-04:00,74.78,76.53,72.62,76.06,988472
2017-04-17 16:00:00-04:00,76.23,76.61,75.17,75.24,664512
2017-04-18 16:00:00-04:00,75.05,75.3,73.44,73.76,791913
2017-04-19 16:00:00-04:00,73.8,74.51,72.74,74.1,833064
2017-04-20 16:00:00-04:00,74.35,76.25,74.1,75.9,409853
2017-04-21 16:00:00-04:00,75.73,76.12,75.195,75.23,416082
2017-04-24 16:00:00-04:00,76.39,76.87,74.81,74.89,891553
2017-04-25 16:00:00-04:00,75.0,75.93,74.67,74.94,662570
2017-04-26 16:00:00-04:00,75.37,76.292,74.59,75.68,772698
2017-04-27 16:00:00-04:00,76.81,79.423,76.69,77.93,870369
2017-04-28 16:00:00-04:00,78.82,78.98,77.39,77.96,701992
2017-05-01 16:00:00-04:00,77.9,79.92,77.8018,79.6,876146
2017-05-02 16:00:00-04:00,79.85,81.91,78.664,81.65,1695842
2017-05-03 16:00:00-04:00,74.5,76.5,72.7,73.91,5379510
2017-05-04 16:00:00-04:00,74.6,75.53,73.12,75.375,1527021
2017-05-05 16:00:00-04:00,76.35,78.49,75.65,76.21,2159607
2017-05-08 16:00:00-04:00,75.2,75.87,72.82,73.4,2173518
2017-05-09 16:00:00-04:00,73.0,73.0,71.94,71.99,1703936
2017-05-10 16:00:00-04:00,71.93,72.67,70.27,71.1,1119331
2017-05-11 16:00:00-04:00,71.2,72.32,68.86,68.94,1051617
2017-05-12 16:00:00-04:00,68.94,70.62,68.71,70.42,1297106
2017-05-15 16:00:00-04:00,70.65,72.16,70.27,71.53,1249390
2017-05-16 16:00:00-04:00,71.25,71.25,69.47,69.7,1247613
2017-05-17 16:00:00-04:00,69.5,69.525,67.73,68.05,723069
2017-05-18 16:00:00-04:00,67.9,68.94,67.11,68.66,849196
2017-05-19 16:00:00-04:00,68.79,69.0,66.91,67.66,1632226
2017-05-22 16:00:00-04:00,68.76,69.15,67.635,68.85,1091354
2017-05-23 16:00:00-04:00,68.85,69.41,67.48,67.58,576171
2017-05-24 16:00:00-04:00,67.78,68.35,67.11,68.26,855616
2017-05-25 16:00:00-04:00,68.5,69.35,67.9,69.15,1040545
2017-05-26 16:00:00-04:00,69.35,69.46,68.12,68.65,464998
2017-05-30 16:00:00-04:00,68.68,68.69,67.87,68.38,646163
2017-05-31 16:00:00-04:00,68.54,68.63,66.16,66.84,969839
2017-06-01 16:00:00-04:00,66.38,67.49,66.31,66.85,999160
2017-06-02 16:00:00-04:00,67.17,68.01,66.69,67.68,802985
2017-06-05 16:00:00-04:00,67.32,72.3647,66.82,71.19,3591641
2017-06-06 16:00:00-04:00,70.13,70.61,68.49,69.74,1779400
2017-06-07 16:00:00-04:00,70.38,70.99,68.39,69.27,843447
2017-06-08 16:00:00-04:00,69.36,70.63,68.6875,70.1,445184
2017-06-09 16:00:00-04:00,70.33,71.53,67.68,68.99,857856
2017-06-12 16:00:00-04:00,69.19,72.13,68.45,71.68,1029883
2017-06-13 16:00:00-04:00,71.63,73.98,71.232,72.82,1029600
2017-06-14 16:00:00-04:00,72.72,74.78,72.16,74.67,853753
2017-06-15 16:00:00-04:00,74.0,75.69,73.96,75.61,1543028
2017-06-16 16:00:00-04:00,76.13,76.69,75.24,76.26,1835042
2017-06-19 16:00:00-04:00,76.56,78.73,76.3814,77.96,1382482
2017-06-20 16:00:00-04:00,77.95,78.48,77.37,77.84,1357524
2017-06-21 16:00:00-04:00,77.77,79.05,77.77,78.33,991293
2017-06-22 16:00:00-04:00,78.2,79.31,78.2,78.68,770738
2017-06-23 16:00:00-04:00,78.47,79.05,77.27,77.33,903940
2017-06-26 16:00:00-04:00,77.6,78.15,75.91,77.75,859637
2017-06-27 16:00:00-04:00,77.81,78.0,74.095,74.94,1284958
2017-06-28 16:00:00-04:00,75.09,75.68,74.0,75.28,727960
2017-06-29 16:00:00-04:00,75.27,75.27,72.5,73.27,1750134
2017-06-30 16:00:00-04:00,73.68,73.76,72.52,73.15,409879
2017-07-03 13:00:00-04:00,73.16,74.18,71.805,72.52,326763
2017-07-05 16:00:00-04:00,72.52,73.55,71.17,73.16,699752
2017-07-06 16:00:00-04:00,72.95,73.195,71.09,71.17,847524
2017-07-07 16:00:00-04:00,71.27,72.37,70.81,72.35,650401
2017-07-10 16:00:00-04:00,72.16,72.3,70.5,70.96,700725
2017-07-11 16:00:00-04:00,70.9,71.52,69.52,71.49,892825
2017-07-12 16:00:00-04:00,71.94,72.82,71.28,71.79,620072
2017-07-13 16:00:00-04:00,70.0,70.8162,68.335,70.04,2679070
2017-07-14 16:00:00-04:00,70.25,72.3849,69.96,71.72,1065972
2017-07-17 16:00:00-04:00,71.91,72.104,69.83,70.69,1992186
2017-07-18 16:00:00-04:00,70.7,70.75,69.65,69.97,761190
2017-07-19 16:00:00-04:00,69.94,70.37,69.4,70.0,1158311
2017-07-20 16:00:00-04:00,70.38,70.72,69.84,70.01,642160
2017-07-21 16:00:00-04:00,69.68,70.52,69.08,69.52,510950
2017-07-24 16:00:00-04:00,69.31,70.47,69.19,69.71,1580473
2017-07-25 16:00:00-04:00,69.78,70.99,68.87,70.0,1434237
2017-07-26 16:00:00-04:00,69.85,70.4,68.74,68.75,851623
2017-07-27 16:00:00-04:00,69.06,69.06,66.25,66.49,2108388
2017-07-28 16:00:00-04:00,66.46,67.37,66.0,67.05,1960616
2017-07-31 16:00:00-04:00,67.02,67.36,66.28,66.61,1108954
2017-08-01 16:00:00-04:00,67.0,67.54,66.82,66.84,1655813
2017-08-02 16:00:00-04:00,71.65,71.77,69.74,71.3,4152199
2017-08-03 16:00:00-04:00,71.29,71.99,70.14,70.74,2140675
2017-08-04 16:00:00-04:00,71.26,71.57,70.85,71.14,866915
2017-08-07 16:00:00-04:00,70.98,71.6099,70.87,71.31,645270
2017-08-08 16:00:00-04:00,71.2,71.82,71.03,71.31,1057393
2017-08-09 16:00:00-04:00,70.94,71.64,70.551,71.54,1043996
2017-08-10 16:00:00-04:00,71.37,71.51,69.65,69.8,1653663
2017-08-11 16:00:00-04:00,69.67,70.28,69.05,69.6,940650
2017-08-14 16:00:00-04:00,70.32,72.25,69.9,71.62,864471
2017-08-15 16:00:00-04:00,71.69,71.69,70.67,71.22,539305
2017-08-16 16:00:00-04:00,71.78,73.47,71.18,73.06,752124
2017-08-17 16:00:00-04:00,72.97,73.67,72.7031,72.78,1351350
2017-08-18 16:00:00-04:00,72.58,74.49,72.13,73.2,1234880
2017-08-21 16:00:00-04:00,73.15,73.65,72.17,73.06,905039
2017-08-22 16:00:00-04:00,73.57,78.92,73.06,75.91,1789954
2017-08-23 16:00:00-04:00,75.31,75.98,74.79,75.19,739424
2017-08-24 16:00:00-04:00,75.16,75.89,74.65,75.5,637351
2017-08-25 16:00:00-04:00,75.67,76.11,75.24,75.52,954939
2017-08-28 16:00:00-04:00,75.23,75.82,74.715,75.45,1127822
2017-08-29 16:00:00-04:00,75.2,75.54,74.87,75.23,663935
2017-08-30 16:00:00-04:00,75.05,75.05,73.97,74.14,1182918
2017-08-31 16:00:00-04:00,73.91,75.64,73.91,74.61,1047778
2017-09-01 16:00:00-04:00,74.74,75.18,73.79,74.96,872341
2017-09-05 16:00:00-04:00,74.49,75.92,73.81,75.85,2001792
2017-09-06 16:00:00-04:00,76.19,76.3882,74.1,75.13,1554549
2017-09-07 16:00:00-04:00,74.95,75.4276,71.09,71.23,1385506
2017-09-08 16:00:00-04:00,71.12,71.31,69.73,71.26,1231920
2017-09-11 16:00:00-04:00,71.81,73.25,70.9,73.13,1970902
2017-09-12 16:00:00-04:00,73.51,73.9,72.59,73.61,732061
2017-09-13 16:00:00-04:00,73.34,75.44,73.34,74.96,855006
2017-09-14 16:00:00-04:00,74.43,74.43,72.22,72.35,715506
2017-09-15 16:00:00-04:00,71.94,72.49,70.1,70.29,824870
2017-09-18 16:00:00-04:00,70.76,71.01,68.88,69.26,1169968
2017-09-19 16:00:00-04:00,69.24,69.59,68.08,69.46,1017357
2017-09-20 16:00:00-04:00,69.28,70.27,68.92,70.23,870140
2017-09-21 16:00:00-04:00,70.32,70.4429,69.24,69.5,495380
2017-09-22 16:00:00-04:00,69.72,70.28,69.095,69.99,672667
2017-09-25 16:00:00-04:00,70.0,70.17,68.595,69.15,751205
2017-09-26 16:00:00-04:00,69.39,69.41,67.87,67.92,539158
2017-09-27 16:00:00-04:00,68.42,68.85,67.36,67.47,772289
2017-09-28 16:00:00-04:00,47.89,48.0,42.62,45.44,30792065
2017-09-29 16:00:00-04:00,45.75,49.16,45.61,48.925,9357971
2017-10-02 16:00:00-04:00,49.32,50.31,48.75,49.66,3585513
2017-10-03 16:00:00-04:00,49.71,49.98,46.31,47.18,4588459
2017-10-04 16:00:00-04:00,46.82,48.15,46.53,48.1,3834847
2017-10-05 16:00:00-04:00,47.97,48.83,47.07,48.0,4856883
2017-10-06 16:00:00-04:00,48.2,48.4,47.55,47.74,2292279
2017-10-09 16:00:00-04:00,47.87,48.065,47.075,47.28,1704529
2017-10-10 16:00:00-04:00,47.21,47.4932,45.76,46.1,2403475
2017-10-11 16:00:00-04:00,46.38,47.22,46.15,47.2,1294997
2017-10-12 16:00:00-04:00,47.25,47.5,46.23,46.84,1078129
2017-10-13 16:00:00-04:00,46.46,46.51,45.73,46.04,1441634
2017-10-16 16:00:00-04:00,45.8,45.97,44.57,44.97,2195878
2017-10-17 16:00:00-04:00,45.24,45.495,43.87,44.99,1527495
2017-10-18 16:00:00-04:00,44.98,45.34,44.03,44.95,1322915
2017-10-19 16:00:00-04:00,44.98,45.21,43.895,44.98,1326838
2017-10-20 16:00:00-04:00,45.1,45.51,44.46,44.78,918124
2017-10-23 16:00:00-04:00,44.51,45.88,44.51,44.77,1700531
2017-10-24 16:00:00-04:00,44.49,44.97,44.01,44.55,1549970
2017-10-25 16:00:00-04:00,44.41,45.0,44.0,44.69,1646435
2017-10-26 16:00:00-04:00,44.57,44.96,43.76,44.46,1031313
2017-10-27 16:00:00-04:00,44.51,44.78,44.12,44.56,1443481
2017-10-30 16:00:00-04:00,44.13,45.29,43.74,45.24,1742494
2017-10-31 16:00:00-04:00,45.29,45.9199,44.85,44.97,1598751
2017-11-01 16:00:00-04:00,45.12,45.63,44.5,44.86,2173979
2017-11-02 16:00:00-04:00,47.2,50.3,46.41,47.72,3718866
2017-11-03 16:00:00-04:00,47.71,49.38,46.98,49.12,1722656
2017-11-06 16:00:00-05:00,49.2,50.09,48.95,49.94,1511980
2017-11-07 16:00:00-05:00,50.0,50.69,49.46,50.11,1379325
2017-11-08 16:00:00-05:00,50.1,50.4,48.9,48.99,2212893
2017-11-09 16:00:00-05:00,49.61,50.64,49.17,50.38,1189443
2017-11-10 16:00:00-05:00,50.91,51.45,49.8,50.74,1086986
2017-11-13 16:00:00-05:00,50.33,51.91,50.09,51.55,1176763
2017-11-14 16:00:00-05:00,51.56,52.44,50.55,51.55,1774141
2017-11-15 16:00:00-05:00,51.37,52.59,51.1425,52.0,1352687
2017-11-16 16:00:00-05:00,52.25,53.16,51.47,53.02,967033
2017-11-17 16:00:00-05:00,52.96,54.09,52.2,54.01,1538821
2017-11-20 16:00:00-05:00,54.0,55.41,53.685,54.66,1227618
2017-11-21 16:00:00-05:00,55.09,55.61,53.86,55.11,1771361
2017-11-22 16:00:00-05:00,55.21,55.84,54.595,55.35,1225592
2017-11-24 13:00:00-05:00,56.01,56.01,55.0,55.55,626534
2017-11-27 16:00:00-05:00,55.5,56.1,54.8,55.55,1964476
2017-11-28 16:00:00-05:00,55.55,58.25,55.21,57.81,1663693
2017-11-29 16:00:00-05:00,58.0,60.9,57.81,59.38,2337379
2017-11-30 16:00:00-05:00,59.02,59.58,56.94,58.43,6217719
2017-12-01 16:00:00-05:00,58.19,58.84,56.72,58.02,1856130
2017-12-04 16:00:00-05:00,58.66,59.74,57.71,57.88,1604949
2017-12-05 16:00:00-05:00,57.75,58.825,57.41,58.0,1266646
2017-12-06 16:00:00-05:00,58.19,59.28,57.68,58.83,1087668
2017-12-07 16:00:00-05:00,58.94,60.31,58.62,59.97,970194
2017-12-08 16:00:00-05:00,60.02,61.88,59.91,61.53,2123713
