Date,Open,High,Low,Close,Volume
2013-02-14 16:00:00-05:00,0.15,0.15,0.15,0.15,1000
2014-04-09 16:00:00-04:00,0.15,0.15,0.15,0.15,1000
2014-09-08 16:00:00-04:00,2.0,2.0,2.0,2.0,2000
2014-09-09 16:00:00-04:00,2.3,2.5,2.25,2.25,5567
2014-09-10 16:00:00-04:00,2.25,2.25,1.75,2.25,6233
2014-09-11 16:00:00-04:00,2.5,2.75,2.25,2.25,2967
2014-09-12 16:00:00-04:00,2.25,2.75,2.25,2.75,2533
2014-09-16 16:00:00-04:00,3.0,3.0,3.0,3.0,800
2014-09-17 16:00:00-04:00,3.0,3.0,3.0,3.0,200
2014-09-18 16:00:00-04:00,3.0,3.0,2.75,2.75,1230
2014-09-19 16:00:00-04:00,2.85,2.85,2.51,2.51,2600
2014-09-22 16:00:00-04:00,2.52,2.52,2.5,2.5,7800
2014-09-23 16:00:00-04:00,2.55,2.55,2.5,2.5,5267
2014-09-24 16:00:00-04:00,2.25,2.25,1.99,2.0,8747
2014-09-25 16:00:00-04:00,2.0,2.25,2.0,2.25,300
2014-09-30 16:00:00-04:00,2.0,2.25,2.0,2.25,2400
2014-10-01 16:00:00-04:00,3.0,3.0,3.0,3.0,357
2014-10-13 16:00:00-04:00,2.99,2.99,2.99,2.99,2143
2014-10-15 16:00:00-04:00,2.75,2.8,2.75,2.8,500
2014-10-16 16:00:00-04:00,3.0,3.0,3.0,3.0,1000
2014-10-20 16:00:00-04:00,3.01,3.01,2.8,2.8,5000
2014-10-21 16:00:00-04:00,2.81,2.81,2.81,2.81,4000
2014-10-23 16:00:00-04:00,2.8,2.8,2.8,2.8,176
2014-10-28 16:00:00-04:00,2.8,2.8,2.8,2.8,2000
2014-10-29 16:00:00-04:00,2.6,2.6,2.5,2.5,10600
2014-10-31 16:00:00-04:00,2.75,3.5,2.75,3.5,9800
2014-11-06 16:00:00-05:00,3.4,3.4,3.4,3.4,100
2014-11-11 16:00:00-05:00,3.5,3.5,3.4,3.4,2100
2014-11-12 16:00:00-05:00,3.4,3.4,3.4,3.4,100
2014-11-14 16:00:00-05:00,3.5,3.5,2.5,2.5,2100
2014-11-17 16:00:00-05:00,2.5,3.0,2.5,3.0,1300
2014-11-18 16:00:00-05:00,3.0,3.0,3.0,3.0,150
2014-11-21 16:00:00-05:00,2.5,2.5,2.5,2.5,930
2014-11-24 16:00:00-05:00,2.5,3.0,2.5,2.5,4200
2014-11-25 16:00:00-05:00,2.5,2.5,2.31,2.31,1850
2014-11-26 16:00:00-05:00,2.01,2.5,2.01,2.25,3400
2014-11-28 16:00:00-05:00,2.25,2.25,2.25,2.25,2000
2014-12-01 16:00:00-05:00,2.5,2.5,2.5,2.5,100
2014-12-02 16:00:00-05:00,2.16,2.5,2.16,2.5,1200
2014-12-03 16:00:00-05:00,2.8,2.9,2.8,2.8,2976
2014-12-09 16:00:00-05:00,2.95,2.95,2.8,2.8,3700
2014-12-11 16:00:00-05:00,2.8,2.8,2.8,2.8,10050
2014-12-15 16:00:00-05:00,3.0,3.0,3.0,3.0,600
2014-12-16 16:00:00-05:00,3.0,3.0,2.8,3.0,8900
2014-12-22 16:00:00-05:00,3.0,3.0,3.0,3.0,2200
2014-12-23 16:00:00-05:00,3.0,3.0,3.0,3.0,1000
2014-12-30 16:00:00-05:00,2.75,2.75,2.75,2.75,35000
2014-12-31 16:00:00-05:00,3.0,3.0,3.0,3.0,100
2015-01-05 16:00:00-05:00,3.0,3.0,3.0,3.0,100
2015-01-06 16:00:00-05:00,3.0,3.0,3.0,3.0,25000
2015-01-07 16:00:00-05:00,3.0,3.0,3.0,3.0,300
2015-01-08 16:00:00-05:00,3.0,3.0,2.75,2.75,11100
2015-01-09 16:00:00-05:00,2.75,2.75,2.75,2.75,3777
2015-01-13 16:00:00-05:00,3.0,3.0,3.0,3.0,200
2015-01-14 16:00:00-05:00,2.9,2.9,2.9,2.9,800
2015-01-15 16:00:00-05:00,3.0,3.0,3.0,3.0,100
2015-01-16 16:00:00-05:00,3.0,3.0,3.0,3.0,430
2015-01-21 16:00:00-05:00,2.9,3.0,2.9,3.0,1100
2015-01-22 16:00:00-05:00,2.9,2.9,2.9,2.9,430
2015-01-26 16:00:00-05:00,2.9,3.0,2.9,2.9,1785
2015-01-28 16:00:00-05:00,2.95,2.95,2.95,2.95,50000
2015-01-30 16:00:00-05:00,3.0,3.0,2.8,3.0,2195
2015-02-02 16:00:00-05:00,2.85,2.85,2.25,2.75,3500
2015-02-03 16:00:00-05:00,2.55,2.95,2.55,2.9,34800
2015-02-04 16:00:00-05:00,2.9,2.95,2.9,2.95,1300
2015-02-11 16:00:00-05:00,2.95,2.95,2.95,2.95,800
2015-02-19 16:00:00-05:00,2.95,2.95,2.95,2.95,2200
2015-02-23 16:00:00-05:00,2.6,3.0,2.6,3.0,1000
2015-02-24 16:00:00-05:00,2.6,3.0,2.6,3.0,700
2015-02-25 16:00:00-05:00,2.6,3.0,2.6,3.0,900
2015-02-26 16:00:00-05:00,2.6,3.0,2.6,2.9,1450
2015-02-27 16:00:00-05:00,2.5,2.89,2.35,2.89,1100
2015-03-02 16:00:00-05:00,2.4,2.89,2.4,2.89,2800
2015-03-03 16:00:00-05:00,2.5,2.9,2.5,2.9,3800
2015-03-05 16:00:00-05:00,2.55,2.8,2.55,2.8,1800
2015-03-06 16:00:00-05:00,2.55,3.0,2.55,3.0,2500
2015-03-09 16:00:00-04:00,2.55,3.0,2.55,3.0,2000
2015-03-12 16:00:00-04:00,2.65,3.0,2.65,3.0,1197
2015-03-18 16:00:00-04:00,3.0,3.0,2.45,3.0,1000
2015-03-20 16:00:00-04:00,2.55,3.0,2.55,3.0,1350
2015-03-23 16:00:00-04:00,2.55,3.0,2.55,3.0,500
2015-03-26 16:00:00-04:00,2.55,3.0,2.3,3.0,1400
2015-03-27 16:00:00-04:00,2.35,3.0,2.35,3.0,900
2015-03-30 16:00:00-04:00,3.0,3.25,2.35,3.25,8400
2015-03-31 16:00:00-04:00,2.45,3.25,2.45,3.25,1300
2015-04-06 16:00:00-04:00,3.0,3.0,3.0,3.0,200
2015-04-07 16:00:00-04:00,2.5,3.0,2.0,3.0,6300
2015-04-13 16:00:00-04:00,3.0,3.15,3.0,3.15,2850
2015-04-14 16:00:00-04:00,3.0,3.25,3.0,3.0,3878
2015-04-24 16:00:00-04:00,2.75,3.5,2.5,3.5,600
2015-04-27 16:00:00-04:00,2.5,3.5,2.5,3.5,1540
2015-04-30 16:00:00-04:00,3.0,3.0,3.0,3.0,900
2015-05-11 16:00:00-04:00,3.0,3.5,2.5,3.5,2000
2015-05-12 16:00:00-04:00,3.25,3.25,3.25,3.25,500
2015-05-14 16:00:00-04:00,2.75,3.45,2.5,3.45,4526
2015-05-21 16:00:00-04:00,2.55,3.25,2.55,3.25,700
2015-05-28 16:00:00-04:00,3.25,3.45,3.25,3.45,1000
2015-05-29 16:00:00-04:00,3.45,3.45,3.45,3.45,2805
2015-06-04 16:00:00-04:00,3.45,3.45,3.25,3.25,39400
2015-06-05 16:00:00-04:00,3.25,3.25,3.25,3.25,205
2015-06-08 16:00:00-04:00,3.0,3.4,3.0,3.4,2800
2015-06-09 16:00:00-04:00,3.5,4.0,3.5,4.0,12161
2015-06-10 16:00:00-04:00,4.5,4.5,4.4,4.48,6480
2015-06-11 16:00:00-04:00,4.5,4.5,4.5,4.5,300
2015-06-12 16:00:00-04:00,4.5,4.5,4.5,4.5,1007
2015-06-15 16:00:00-04:00,4.5,4.5,3.5,3.75,3500
2015-06-16 16:00:00-04:00,4.0,4.0,3.6,4.0,1270
2015-06-17 16:00:00-04:00,3.05,3.74,3.0,3.2,4639
2015-06-18 16:00:00-04:00,3.16,3.25,3.16,3.25,1900
2015-06-22 16:00:00-04:00,3.25,3.25,3.25,3.25,1106
2015-06-23 16:00:00-04:00,3.49,3.49,3.25,3.25,1535
2015-06-24 16:00:00-04:00,3.25,3.54,3.2499,3.2499,1600
2015-06-25 16:00:00-04:00,2.75,2.85,2.51,2.65,378725
2015-06-26 16:00:00-04:00,2.7,2.7,2.55,2.7,122904
2015-06-29 16:00:00-04:00,2.7,2.7,2.52,2.5999,13049
2015-06-30 16:00:00-04:00,2.7,2.7,2.56,2.5601,14159
2015-07-01 16:00:00-04:00,2.55,2.56,2.5172,2.55,3693
2015-07-02 16:00:00-04:00,2.42,2.42,2.19,2.34,37211
2015-07-06 16:00:00-04:00,2.32,2.49,2.1,2.35,58255
2015-07-07 16:00:00-04:00,2.5,2.5,2.25,2.36,14630
2015-07-08 16:00:00-04:00,2.2,2.33,2.2,2.33,1549
2015-07-09 16:00:00-04:00,2.21,2.45,2.21,2.45,16804
2015-07-10 16:00:00-04:00,2.3,2.7,2.21,2.5,42789
2015-07-13 16:00:00-04:00,2.75,2.75,2.45,2.53,14996
2015-07-14 16:00:00-04:00,2.65,2.65,2.25,2.34,33614
2015-07-15 16:00:00-04:00,2.51,2.51,2.255,2.34,33517
2015-07-16 16:00:00-04:00,2.4362,2.4362,2.16,2.23,44938
2015-07-17 16:00:00-04:00,2.2,2.57,2.2,2.21,27171
2015-07-20 16:00:00-04:00,2.2,2.2501,2.16,2.16,17573
2015-07-21 16:00:00-04:00,2.2,2.31,2.1101,2.22,46502
2015-07-22 16:00:00-04:00,2.2501,2.2501,2.2501,2.2501,486
2015-07-23 16:00:00-04:00,2.3,2.31,1.82,1.97,52573
2015-07-24 16:00:00-04:00,2.03,2.05,2.0,2.05,34741
2015-07-27 16:00:00-04:00,2.1,2.49,2.0,2.12,57257
2015-07-28 16:00:00-04:00,2.18,2.4,2.03,2.18,73012
2015-07-29 16:00:00-04:00,2.25,2.28,2.06,2.06,9398
2015-07-30 16:00:00-04:00,2.34,2.34,2.1,2.2699,92030
2015-07-31 16:00:00-04:00,2.2599,2.26,2.13,2.18,13661
2015-08-03 16:00:00-04:00,2.25,2.25,2.15,2.15,10641
2015-08-04 16:00:00-04:00,2.21,2.22,2.15,2.21,11285
2015-08-05 16:00:00-04:00,2.2099,2.22,2.05,2.1199,46563
2015-08-06 16:00:00-04:00,2.07,2.2,1.83,1.95,174388
2015-08-07 16:00:00-04:00,1.95,1.95,1.83,1.83,22611
2015-08-10 16:00:00-04:00,1.81,1.85,1.4,1.67,22801
2015-08-11 16:00:00-04:00,1.57,1.77,1.48,1.77,32898
2015-08-12 16:00:00-04:00,1.6,1.88,1.56,1.85,23771
2015-08-13 16:00:00-04:00,1.98,1.98,1.8,1.85,12960
2015-08-14 16:00:00-04:00,1.85,1.88,1.62,1.87,4650
2015-08-17 16:00:00-04:00,1.87,1.87,1.6,1.85,60216
2015-08-18 16:00:00-04:00,1.8499,1.85,1.65,1.77,36313
2015-08-19 16:00:00-04:00,1.75,1.77,1.56,1.62,62063
2015-08-20 16:00:00-04:00,1.7399,1.7399,1.61,1.7,4268
2015-08-21 16:00:00-04:00,1.6924,1.8,1.5,1.8,15316
2015-08-24 16:00:00-04:00,1.65,1.68,1.39,1.63,68271
2015-08-25 16:00:00-04:00,1.79,1.79,1.51,1.67,14871
2015-08-26 16:00:00-04:00,1.7432,1.7432,1.2,1.42,111677
2015-08-27 16:00:00-04:00,1.42,1.47,1.3039,1.47,41344
2015-08-28 16:00:00-04:00,1.49,1.49,1.3,1.33,15720
2015-08-31 16:00:00-04:00,1.45,1.4699,1.38,1.42,5791
2015-09-01 16:00:00-04:00,1.44,1.4499,1.253,1.33,15087
2015-09-02 16:00:00-04:00,1.45,1.45,1.33,1.39,8136
2015-09-03 16:00:00-04:00,1.5,1.5,1.28,1.43,15009
2015-09-04 16:00:00-04:00,1.48,1.55,1.4001,1.45,31720
2015-09-08 16:00:00-04:00,1.65,1.66,1.4607,1.49,43472
2015-09-09 16:00:00-04:00,1.61,1.61,1.46,1.52,23210
2015-09-10 16:00:00-04:00,1.56,1.56,1.4,1.46,31654
2015-09-11 16:00:00-04:00,1.49,1.89,1.49,1.87,51842
2015-09-14 16:00:00-04:00,1.95,2.25,1.85,2.01,228376
2015-09-15 16:00:00-04:00,2.15,2.15,1.7,1.8,89847
2015-09-16 16:00:00-04:00,1.95,1.95,1.72,1.84,63301
2015-09-17 16:00:00-04:00,1.85,1.85,1.68,1.68,53601
2015-09-18 16:00:00-04:00,1.68,1.7499,1.5,1.5,83393
2015-09-21 16:00:00-04:00,1.6,1.7,1.52,1.6,44928
2015-09-22 16:00:00-04:00,1.66,1.66,1.5,1.5,30187
2015-09-23 16:00:00-04:00,1.59,1.6486,1.38,1.5,22991
2015-09-24 16:00:00-04:00,1.47,1.5,1.42,1.43,45720
2015-09-25 16:00:00-04:00,1.45,1.45,1.38,1.43,10750
2015-09-28 16:00:00-04:00,1.43,1.43,1.06,1.08,43168
2015-09-29 16:00:00-04:00,1.01,1.15,0.91,1.0499,60501
2015-09-30 16:00:00-04:00,1.02,1.14,0.98,1.03,22399
2015-10-01 16:00:00-04:00,1.1,1.1,1.05,1.0936,12019
2015-10-02 16:00:00-04:00,1.091,1.16,1.08,1.13,35592
2015-10-05 16:00:00-04:00,1.19,1.239,1.13,1.16,18640
2015-10-06 16:00:00-04:00,1.18,1.2221,1.18,1.22,39768
2015-10-07 16:00:00-04:00,1.27,1.32,1.24,1.28,40835
2015-10-08 16:00:00-04:00,1.3497,1.3497,1.08,1.2,95846
2015-10-09 16:00:00-04:00,1.29,1.3,1.18,1.19,26115
2015-10-12 16:00:00-04:00,1.18,1.236,1.16,1.2032,6533
2015-10-13 16:00:00-04:00,1.2999,1.2999,1.1601,1.25,6008
2015-10-14 16:00:00-04:00,1.3,1.36,1.16,1.16,28248
2015-10-15 16:00:00-04:00,1.25,1.2899,1.18,1.21,19574
2015-10-16 16:00:00-04:00,1.16,1.65,1.16,1.22,85432
2015-10-19 16:00:00-04:00,1.17,1.22,1.17,1.21,20565
2015-10-20 16:00:00-04:00,1.26,1.26,1.15,1.15,15901
2015-10-21 16:00:00-04:00,1.16,1.1999,1.1,1.1,16184
2015-10-22 16:00:00-04:00,1.1,1.1162,1.0,1.05,10493
2015-10-23 16:00:00-04:00,1.01,1.16,1.01,1.04,29158
2015-10-26 16:00:00-04:00,1.09,1.0972,1.01,1.05,13003
2015-10-27 16:00:00-04:00,1.0405,1.135,1.0405,1.1,32783
2015-10-28 16:00:00-04:00,1.1184,1.1551,1.05,1.0501,13269
2015-10-29 16:00:00-04:00,1.05,1.37,1.0,1.15,129774
2015-10-30 16:00:00-04:00,1.08,1.12,1.07,1.07,9700
2015-11-02 16:00:00-05:00,1.12,1.15,1.02,1.06,10933
2015-11-03 16:00:00-05:00,1.0535,1.14,1.0535,1.14,51489
2015-11-04 16:00:00-05:00,1.2,1.25,1.0,1.2,54204
2015-11-05 16:00:00-05:00,1.174,1.174,1.09,1.11,2338
2015-11-06 16:00:00-05:00,1.03,1.31,0.99,1.14,133053
2015-11-09 16:00:00-05:00,1.15,1.17,1.14,1.16,17688
2015-11-10 16:00:00-05:00,1.19,1.2,1.1,1.19,11302
2015-11-11 16:00:00-05:00,1.12,1.13,1.07,1.12,23707
2015-11-12 16:00:00-05:00,1.19,1.2,1.14,1.19,24136
2015-11-13 16:00:00-05:00,1.1205,1.14,1.12,1.14,6109
2015-11-16 16:00:00-05:00,1.1,1.18,1.06,1.18,5130
2015-11-17 16:00:00-05:00,1.14,1.18,1.1,1.18,5446
2015-11-18 16:00:00-05:00,1.12,1.12,1.08,1.08,61226
2015-11-19 16:00:00-05:00,1.15,1.15,1.12,1.13,810
2015-11-20 16:00:00-05:00,1.134,1.16,1.12,1.12,36298
2015-11-23 16:00:00-05:00,1.1599,1.16,1.13,1.1301,5403
2015-11-24 16:00:00-05:00,1.17,1.17,1.13,1.13,2459
2015-11-25 16:00:00-05:00,1.19,1.24,1.1,1.1,18447
2015-11-27 16:00:00-05:00,1.1,1.19,1.086,1.19,6321
2015-11-30 16:00:00-05:00,1.21,1.3,1.15,1.29,24193
2015-12-01 16:00:00-05:00,1.29,1.29,1.17,1.2899,27213
2015-12-02 16:00:00-05:00,1.24,1.46,1.24,1.35,21846
2015-12-03 16:00:00-05:00,1.3,1.35,1.14,1.23,60073
2015-12-04 16:00:00-05:00,1.29,1.2999,1.18,1.18,2852
2015-12-07 16:00:00-05:00,1.16,1.2,1.16,1.2,645
2015-12-08 16:00:00-05:00,1.1501,1.162,1.15,1.16,6904
2015-12-09 16:00:00-05:00,1.18,1.24,1.12,1.15,20456
2015-12-10 16:00:00-05:00,1.1401,1.15,1.11,1.15,2574
2015-12-11 16:00:00-05:00,1.31,2.75,1.24,1.76,8527153
2015-12-14 16:00:00-05:00,1.86,2.4,1.84,2.23,3863748
2015-12-15 16:00:00-05:00,2.05,2.07,1.61,1.81,844362
2015-12-16 16:00:00-05:00,1.65,1.7889,1.512,1.58,206782
2015-12-17 16:00:00-05:00,1.77,1.77,1.57,1.61,102535
2015-12-18 16:00:00-05:00,1.6,1.68,1.51,1.56,83345
2015-12-21 16:00:00-05:00,1.5508,1.56,1.33,1.39,280542
2015-12-22 16:00:00-05:00,1.39,1.48,1.305,1.48,229266
2015-12-23 16:00:00-05:00,1.48,1.83,1.41,1.75,681373
2015-12-24 16:00:00-05:00,1.89,1.89,1.52,1.57,139399
2015-12-28 16:00:00-05:00,1.65,1.67,1.45,1.47,83753
2015-12-29 16:00:00-05:00,1.6,1.6,1.44,1.5,85588
2015-12-30 16:00:00-05:00,1.59,1.59,1.46,1.5,69784
2015-12-31 16:00:00-05:00,1.46,1.52,1.4589,1.52,59092
2016-01-04 16:00:00-05:00,1.57,1.57,1.42,1.55,92456
2016-01-05 16:00:00-05:00,1.58,1.58,1.42,1.42,24324
2016-01-06 16:00:00-05:00,1.42,1.58,1.42,1.48,124185
2016-01-07 16:00:00-05:00,1.44,1.5489,1.43,1.5,58670
2016-01-08 16:00:00-05:00,1.549,1.58,1.43,1.49,56647
2016-01-11 16:00:00-05:00,1.44,1.95,1.43,1.95,154740
2016-01-12 16:00:00-05:00,1.73,1.79,1.59,1.59,86285
2016-01-13 16:00:00-05:00,1.56,1.57,1.46,1.47,47497
2016-01-14 16:00:00-05:00,1.48,1.67,1.46,1.56,96574
2016-01-15 16:00:00-05:00,1.52,1.64,1.5,1.5,39441
2016-01-19 16:00:00-05:00,1.47,1.73,1.46,1.4705,42065
2016-01-20 16:00:00-05:00,1.47,1.49,1.44,1.45,49530
2016-01-21 16:00:00-05:00,1.43,1.7399,1.43,1.62,149311
2016-01-22 16:00:00-05:00,1.62,1.71,1.6,1.63,205144
2016-01-25 16:00:00-05:00,1.6,1.71,1.47,1.54,127277
2016-01-26 16:00:00-05:00,1.53,1.58,1.5001,1.55,5075
2016-01-27 16:00:00-05:00,1.54,1.69,1.4,1.46,54334
2016-01-28 16:00:00-05:00,1.59,1.6,1.45,1.56,26862
2016-01-29 16:00:00-05:00,1.75,1.84,1.56,1.78,126109
2016-02-01 16:00:00-05:00,1.75,1.75,1.61,1.68,12263
2016-02-02 16:00:00-05:00,1.7,1.78,1.555,1.65,27409
2016-02-03 16:00:00-05:00,1.671,1.68,1.58,1.5802,37119
2016-02-04 16:00:00-05:00,1.58,1.6567,1.57,1.65,8180
2016-02-05 16:00:00-05:00,1.65,1.65,1.59,1.59,6108
2016-02-08 16:00:00-05:00,1.59,1.64,1.58,1.64,3713
2016-02-09 16:00:00-05:00,1.6,1.61,1.5,1.55,22882
2016-02-10 16:00:00-05:00,1.564,1.65,1.519,1.64,3463
2016-02-11 16:00:00-05:00,1.61,1.62,1.52,1.55,51931
2016-02-12 16:00:00-05:00,1.5569,1.58,1.51,1.58,3637
2016-02-16 16:00:00-05:00,1.58,1.6,1.49,1.6,19196
2016-02-17 16:00:00-05:00,1.6,1.6,1.55,1.57,8752
2016-02-18 16:00:00-05:00,1.55,1.55,1.51,1.53,10316
2016-02-19 16:00:00-05:00,1.559,1.57,1.5,1.5,12292
2016-02-22 16:00:00-05:00,1.5499,1.572,1.49,1.49,43398
2016-02-23 16:00:00-05:00,1.53,1.56,1.5,1.51,16430
2016-02-24 16:00:00-05:00,1.5164,1.55,1.5,1.5,90511
2016-02-25 16:00:00-05:00,1.55,1.56,1.5,1.51,11525
2016-02-26 16:00:00-05:00,1.5288,1.56,1.52,1.53,21560
2016-02-29 16:00:00-05:00,1.58,1.58,1.55,1.55,2152
2016-03-01 16:00:00-05:00,1.5504,1.58,1.55,1.55,8786
2016-03-02 16:00:00-05:00,1.5649,1.57,1.55,1.56,15389
2016-03-03 16:00:00-05:00,1.572,1.59,1.5,1.55,27558
2016-03-04 16:00:00-05:00,1.54,1.56,1.49,1.51,28600
2016-03-07 16:00:00-05:00,1.53,1.56,1.53,1.54,14035
2016-03-08 16:00:00-05:00,1.54,1.54,1.5,1.5,10083
2016-03-09 16:00:00-05:00,1.53,1.53,1.49,1.51,23974
2016-03-10 16:00:00-05:00,1.521,1.53,1.49,1.49,33671
2016-03-11 16:00:00-05:00,1.53,1.53,1.46,1.47,1505
2016-03-14 16:00:00-04:00,1.48,1.5,1.429,1.43,49110
2016-03-15 16:00:00-04:00,1.44,1.48,1.31,1.35,23336
2016-03-16 16:00:00-04:00,1.35,1.48,1.35,1.37,10285
2016-03-17 16:00:00-04:00,1.404,1.404,1.33,1.33,8520
2016-03-18 16:00:00-04:00,1.34,1.455,1.34,1.35,27108
2016-03-21 16:00:00-04:00,1.46,1.5,1.46,1.5,23861
2016-03-22 16:00:00-04:00,1.5,1.5,1.47,1.47,7573
2016-03-23 16:00:00-04:00,1.5,1.5,1.47,1.49,2129
2016-03-24 16:00:00-04:00,1.46,1.48,1.46,1.47,15104
2016-03-28 16:00:00-04:00,1.5,1.5,1.47,1.47,12910
2016-03-29 16:00:00-04:00,1.2,1.28,1.0,1.06,542863
2016-03-30 16:00:00-04:00,1.08,1.08,1.01,1.07,134911
2016-03-31 16:00:00-04:00,1.09,1.09,1.04,1.09,65013
2016-04-01 16:00:00-04:00,1.09,1.09,1.06,1.06,106998
2016-04-04 16:00:00-04:00,1.06,1.08,1.0,1.03,192362
2016-04-05 16:00:00-04:00,1.0127,1.03,1.0,1.0,119550
2016-04-06 16:00:00-04:00,1.02,1.02,0.95,0.985,69051
2016-04-07 16:00:00-04:00,1.03,1.03,0.9501,0.9501,69864
2016-04-08 16:00:00-04:00,0.96,1.02,0.928,0.928,44272
2016-04-11 16:00:00-04:00,0.9301,1.05,0.86,0.89,213005
2016-04-12 16:00:00-04:00,0.917,0.975,0.85,0.87,83128
2016-04-13 16:00:00-04:00,0.8999,0.93,0.86,0.87,48143
2016-04-14 16:00:00-04:00,0.85,0.89,0.85,0.8501,38941
2016-04-15 16:00:00-04:00,0.89,0.9499,0.85,0.85,53428
2016-04-18 16:00:00-04:00,0.876,0.92,0.83,0.85,198858
2016-04-19 16:00:00-04:00,0.876,0.876,0.8011,0.81,120874
2016-04-20 16:00:00-04:00,0.8269,0.8499,0.75,0.78,154791
2016-04-21 16:00:00-04:00,0.818,0.86,0.78,0.8,227075
2016-04-22 16:00:00-04:00,0.8239,0.91,0.82,0.88,248256
2016-04-25 16:00:00-04:00,0.906,0.93,0.906,0.9275,168942
2016-04-26 16:00:00-04:00,0.9499,0.95,0.88,0.9,121519
2016-04-27 16:00:00-04:00,0.8501,0.8509,0.78,0.84,161720
2016-04-28 16:00:00-04:00,0.81,0.841,0.8,0.841,51709
2016-04-29 16:00:00-04:00,0.84,0.84,0.79,0.796,85673
2016-05-02 16:00:00-04:00,0.77,0.8099,0.74,0.74,146906
2016-05-03 16:00:00-04:00,0.7563,0.76,0.73,0.735,29593
2016-05-04 16:00:00-04:00,0.7301,0.78,0.73,0.7748,41194
2016-05-05 16:00:00-04:00,0.78,0.7801,0.77,0.7762,12340
2016-05-06 16:00:00-04:00,0.8,0.8,0.7508,0.8,59618
2016-05-09 16:00:00-04:00,0.824,0.83,0.79,0.8192,45571
2016-05-10 16:00:00-04:00,0.78,0.83,0.7,0.79,21831
2016-05-11 16:00:00-04:00,0.7661,0.7699,0.74,0.757,19500
2016-05-12 16:00:00-04:00,0.783,0.783,0.6801,0.6801,41993
2016-05-13 16:00:00-04:00,0.6258,0.6258,0.6,0.6,79146
2016-05-16 16:00:00-04:00,0.6001,0.65,0.58,0.6,44277
2016-05-17 16:00:00-04:00,0.618,0.62,0.58,0.595,31968
2016-05-18 16:00:00-04:00,0.6,0.6079,0.5321,0.55,46265
2016-05-19 16:00:00-04:00,0.534,0.55,0.5102,0.52,27842
2016-05-20 16:00:00-04:00,0.536,0.6079,0.536,0.57,46127
2016-05-23 16:00:00-04:00,0.6,0.66,0.571,0.59,19948
2016-05-24 16:00:00-04:00,0.59,0.5999,0.5846,0.599,33977
2016-05-25 16:00:00-04:00,0.599,0.66,0.57,0.63,16297
2016-05-26 16:00:00-04:00,0.66,0.66,0.61,0.63,8480
2016-05-27 16:00:00-04:00,0.63,0.6447,0.62,0.63,35005
2016-05-31 16:00:00-04:00,0.649,0.6498,0.63,0.63,3884
2016-06-01 16:00:00-04:00,0.63,0.632,0.63,0.63,21829
2016-06-02 16:00:00-04:00,0.65,0.77,0.635,0.71,46951
2016-06-03 16:00:00-04:00,0.74,0.77,0.7,0.75,31580
2016-06-06 16:00:00-04:00,0.77,0.77,0.72,0.72,33383
2016-06-07 16:00:00-04:00,0.72,0.77,0.7016,0.77,22769
2016-06-08 16:00:00-04:00,0.7084,0.81,0.6901,0.78,57757
2016-06-09 16:00:00-04:00,0.7999,0.8,0.76,0.7721,40924
2016-06-10 16:00:00-04:00,0.7899,0.7899,0.73,0.76,12535
2016-06-13 16:00:00-04:00,0.75,0.779,0.74,0.76,35439
2016-06-14 16:00:00-04:00,0.7699,0.7815,0.7495,0.7699,38272
2016-06-15 16:00:00-04:00,0.74,0.76,0.74,0.74,40977
2016-06-16 16:00:00-04:00,0.74,0.74,0.652,0.69,62686
2016-06-17 16:00:00-04:00,0.6899,0.7,0.68,0.68,5470
2016-06-20 16:00:00-04:00,0.68,0.68,0.63,0.6401,10736
2016-06-21 16:00:00-04:00,0.6401,0.6401,0.63,0.63,3341
2016-06-22 16:00:00-04:00,0.65,0.65,0.63,0.632,6590
2016-06-23 16:00:00-04:00,0.63,0.648,0.6,0.6,30192
2016-06-24 16:00:00-04:00,0.6,0.6499,0.6,0.6001,6408
2016-06-27 16:00:00-04:00,0.6,0.615,0.6,0.61,8036
2016-06-28 16:00:00-04:00,0.61,0.61,0.5094,0.59,21397
2016-06-29 16:00:00-04:00,0.7994,0.8,0.6221,0.6606,401249
2016-06-30 16:00:00-04:00,0.679,0.685,0.57,0.65,74307
2016-07-01 16:00:00-04:00,0.6551,0.67,0.64,0.65,37288
2016-07-05 16:00:00-04:00,0.6555,0.6555,0.62,0.63,14580
2016-07-06 16:00:00-04:00,0.6201,0.6399,0.62,0.6208,6117
2016-07-07 16:00:00-04:00,0.621,0.6298,0.62,0.6216,11535
2016-07-08 16:00:00-04:00,0.62,0.65,0.62,0.645,12210
2016-07-11 16:00:00-04:00,0.65,0.65,0.62,0.6301,8259
2016-07-12 16:00:00-04:00,0.65,0.65,0.586,0.607,43306
2016-07-13 16:00:00-04:00,0.628,0.628,0.56,0.597,13964
2016-07-14 16:00:00-04:00,0.5885,0.609,0.58,0.58,24296
2016-07-15 16:00:00-04:00,0.58,0.58,0.5,0.55,45509
2016-07-18 16:00:00-04:00,0.506,0.5966,0.506,0.59,6532
2016-07-19 16:00:00-04:00,0.6,0.65,0.58,0.6,8567
2016-07-20 16:00:00-04:00,0.63,0.6398,0.5015,0.58,145020
2016-07-21 16:00:00-04:00,0.62,0.6219,0.5201,0.6219,217615
2016-07-22 16:00:00-04:00,0.64,0.8,0.635,0.78,291321
2016-07-25 16:00:00-04:00,0.819,0.97,0.79,0.899,295134
2016-07-26 16:00:00-04:00,0.9,0.95,0.88,0.94,535757
2016-07-27 16:00:00-04:00,0.94,0.94,0.8037,0.88,229378
2016-07-28 16:00:00-04:00,0.88,0.9,0.83,0.86,164828
2016-07-29 16:00:00-04:00,0.88,0.88,0.72,0.7201,259511
2016-08-01 16:00:00-04:00,0.69,0.76,0.69,0.72,32348
2016-08-02 16:00:00-04:00,0.73,0.7906,0.6688,0.669,39401
2016-08-03 16:00:00-04:00,0.66,0.68,0.6534,0.6716,23451
2016-08-04 16:00:00-04:00,0.651,0.72,0.651,0.7101,30652
2016-08-05 16:00:00-04:00,0.689,0.7008,0.6802,0.6803,13478
2016-08-08 16:00:00-04:00,0.71,0.71,0.66,0.67,42598
2016-08-09 16:00:00-04:00,0.66,0.665,0.65,0.651,10778
2016-08-10 16:00:00-04:00,0.631,0.68,0.631,0.68,25224
2016-08-11 16:00:00-04:00,0.6842,0.698,0.66,0.66,43705
2016-08-12 16:00:00-04:00,0.6703,0.6703,0.55,0.6519,142660
2016-08-15 16:00:00-04:00,0.632,0.75,0.602,0.68,223035
2016-08-16 16:00:00-04:00,0.6798,0.7255,0.6798,0.72,28053
2016-08-17 16:00:00-04:00,0.74,0.86,0.7301,0.85,244003
2016-08-18 16:00:00-04:00,0.8101,0.84,0.712,0.816,157403
2016-08-19 16:00:00-04:00,0.825,0.83,0.7697,0.78,258053
2016-08-22 16:00:00-04:00,1.11,1.22,0.862,0.9,2366299
2016-08-23 16:00:00-04:00,0.8621,0.8945,0.801,0.83,299236
2016-08-24 16:00:00-04:00,0.86,0.8795,0.8041,0.84,282251
2016-08-25 16:00:00-04:00,0.84,0.84,0.7703,0.7991,84867
2016-08-26 16:00:00-04:00,0.8,0.805,0.73,0.765,44687
2016-08-29 16:00:00-04:00,0.75,0.7832,0.73,0.74,54506
2016-08-30 16:00:00-04:00,0.76,0.76,0.7,0.7106,88855
2016-08-31 16:00:00-04:00,0.71,0.7549,0.7001,0.75,50416
2016-09-01 16:00:00-04:00,0.788,0.788,0.7098,0.72,31399
2016-09-02 16:00:00-04:00,0.7252,0.75,0.724,0.74,20393
2016-09-06 16:00:00-04:00,0.75,0.839,0.7086,0.7771,261900
2016-09-07 16:00:00-04:00,0.77,0.7999,0.7035,0.74,79581
2016-09-08 16:00:00-04:00,0.71,0.76,0.705,0.74,62360
2016-09-09 16:00:00-04:00,0.7399,0.7402,0.71,0.72,43321
2016-09-12 16:00:00-04:00,0.8,0.811,0.7,0.725,147465
2016-09-13 16:00:00-04:00,0.75,0.75,0.6325,0.67,391409
2016-09-14 16:00:00-04:00,0.77,0.7994,0.71,0.75,128239
2016-09-15 16:00:00-04:00,0.76,0.76,0.69,0.6903,34009
2016-09-16 16:00:00-04:00,0.69,0.71,0.6501,0.6507,67562
2016-09-19 16:00:00-04:00,0.7027,0.76,0.6801,0.7,11528
2016-09-20 16:00:00-04:00,0.7,0.7,0.66,0.69,32966
2016-09-21 16:00:00-04:00,0.73,0.73,0.6885,0.7,20771
2016-09-22 16:00:00-04:00,0.7,0.7,0.6722,0.68,33131
2016-09-23 16:00:00-04:00,0.6998,0.72,0.6498,0.71,25567
2016-09-26 16:00:00-04:00,0.68,0.68,0.602,0.63,194749
2016-09-27 16:00:00-04:00,0.6025,0.66,0.602,0.62,78076
2016-09-28 16:00:00-04:00,0.6199,0.6575,0.59,0.6,184693
2016-09-29 16:00:00-04:00,0.6,0.64,0.593,0.63,87302
2016-09-30 16:00:00-04:00,0.6,0.6,0.551,0.555,148528
2016-10-03 16:00:00-04:00,0.5985,0.6,0.55,0.557,120121
2016-10-04 16:00:00-04:00,0.58,0.58,0.4333,0.45,297550
2016-10-05 16:00:00-04:00,0.445,0.47,0.4101,0.43,324444
2016-10-06 16:00:00-04:00,0.48,0.49,0.4145,0.4196,169547
2016-10-07 16:00:00-04:00,0.41,0.43,0.3863,0.4078,139283
2016-10-10 16:00:00-04:00,0.4,0.4,0.3725,0.38,207663
2016-10-11 16:00:00-04:00,0.38,0.3998,0.3605,0.3798,112685
2016-10-12 16:00:00-04:00,0.37,0.385,0.3557,0.3563,100324
2016-10-13 16:00:00-04:00,0.3563,0.3849,0.32,0.3489,184155
2016-10-14 16:00:00-04:00,0.36,0.385,0.34,0.34,194626
2016-10-17 16:00:00-04:00,0.37,0.37,0.3301,0.34,54728
2016-10-18 16:00:00-04:00,0.357,0.357,0.3301,0.3326,35759
2016-10-19 16:00:00-04:00,0.3327,0.34,0.32,0.3277,88071
2016-10-20 16:00:00-04:00,0.32,0.32,0.29,0.2935,220022
2016-10-21 16:00:00-04:00,0.29,0.31,0.271,0.2794,129169
2016-10-24 16:00:00-04:00,0.276,0.285,0.271,0.28,133452
2016-10-25 16:00:00-04:00,0.28,0.29,0.2651,0.28,136739
2016-10-26 16:00:00-04:00,0.39,0.39,0.2699,0.275,523047
2016-10-27 16:00:00-04:00,0.2708,0.2785,0.27,0.2749,161021
2016-10-28 16:00:00-04:00,0.2788,0.315,0.27,0.2727,156840
2016-10-31 16:00:00-04:00,0.275,0.3349,0.27,0.3131,468206
2016-11-01 16:00:00-04:00,0.31,0.3145,0.29,0.29,94164
2016-11-02 16:00:00-04:00,0.31,0.31,0.29,0.29,51053
2016-11-03 16:00:00-04:00,0.3,0.31,0.29,0.31,98077
2016-11-04 16:00:00-04:00,0.3,0.31,0.2813,0.2813,38365
2016-11-07 16:00:00-05:00,0.29,0.29,0.2775,0.2775,134361
2016-11-08 16:00:00-05:00,0.278,0.285,0.27,0.27,40908
2016-11-09 16:00:00-05:00,0.27,0.28,0.1883,0.2005,422170
2016-11-10 16:00:00-05:00,0.21,0.22,0.2,0.2107,169032
2016-11-11 16:00:00-05:00,0.2107,0.2468,0.2107,0.2207,111185
2016-11-14 16:00:00-05:00,0.2215,0.2599,0.1883,0.2,227103
2016-11-15 16:00:00-05:00,0.21,0.2399,0.1905,0.2399,431467
2016-11-16 16:00:00-05:00,0.2499,0.2597,0.215,0.2405,576253
2016-11-17 16:00:00-05:00,0.25,0.29,0.25,0.28,320086
2016-11-18 16:00:00-05:00,0.29,0.29,0.25,0.2709,187795
2016-11-21 16:00:00-05:00,0.29,0.37,0.27,0.353,471709
2016-11-22 16:00:00-05:00,0.2839,0.34,0.25,0.2996,3368206
2016-11-23 16:00:00-05:00,0.31,0.31,0.2601,0.2619,1722336
2016-11-25 13:00:00-05:00,0.2701,0.2748,0.26,0.274,808549
2016-11-28 16:00:00-05:00,0.27,0.275,0.26,0.2701,276439
2016-11-29 16:00:00-05:00,0.28,0.28,0.26,0.275,205621
2016-11-30 16:00:00-05:00,0.29,0.35,0.2601,0.31,1356384
2016-12-01 16:00:00-05:00,0.33,0.33,0.3012,0.31,288146
2016-12-02 16:00:00-05:00,0.34,0.4399,0.32,0.41,3644429
2016-12-05 16:00:00-05:00,0.43,0.479,0.3705,0.43,2655411
2016-12-06 16:00:00-05:00,0.45,0.45,0.4,0.4329,1199652
2016-12-07 16:00:00-05:00,0.4497,0.5785,0.4242,0.56,5029144
2016-12-08 16:00:00-05:00,0.51,0.56,0.35,0.42,4515788
2016-12-09 16:00:00-05:00,0.42,0.42,0.37,0.38,809708
2016-12-12 16:00:00-05:00,0.3982,0.4,0.35,0.3851,598086
2016-12-13 16:00:00-05:00,0.385,0.448,0.38,0.4029,2364152
2016-12-14 16:00:00-05:00,0.48,0.57,0.423,0.518,8778180
2016-12-15 16:00:00-05:00,0.5295,0.53,0.4008,0.4251,5329988
2016-12-16 16:00:00-05:00,0.43,0.45,0.38,0.3975,1568370
2016-12-19 16:00:00-05:00,0.4,0.405,0.3599,0.4004,946143
2016-12-20 16:00:00-05:00,0.39,0.401,0.3601,0.365,924022
2016-12-21 16:00:00-05:00,0.3754,0.39,0.3646,0.38,544679
2016-12-22 16:00:00-05:00,0.369,0.3999,0.368,0.3975,490773
2016-12-23 16:00:00-05:00,0.408,0.439,0.3903,0.3904,1460571
2016-12-27 16:00:00-05:00,0.4295,0.4295,0.375,0.3801,601626
2016-12-28 16:00:00-05:00,0.38,0.39,0.3626,0.3693,638015
2016-12-29 16:00:00-05:00,0.365,0.3863,0.35,0.3846,710505
2016-12-30 16:00:00-05:00,0.39,0.39,0.361,0.374,269069
2017-01-03 16:00:00-05:00,0.37,0.385,0.3696,0.3812,261063
2017-01-04 16:00:00-05:00,0.4,0.41,0.39,0.4001,469413
2017-01-05 16:00:00-05:00,0.405,0.4253,0.3998,0.4106,541571
2017-01-06 16:00:00-05:00,0.4253,0.4505,0.4014,0.405,1126697
2017-01-09 16:00:00-05:00,0.42,0.42,0.37,0.3987,686381
2017-01-10 16:00:00-05:00,0.42,0.42,0.3703,0.4059,667663
2017-01-11 16:00:00-05:00,0.405,0.44,0.4,0.4119,837281
2017-01-12 16:00:00-05:00,0.47,0.47,0.395,0.4,3065269
2017-01-13 16:00:00-05:00,0.429,0.4395,0.3935,0.422,1008232
2017-01-17 16:00:00-05:00,0.41,0.449,0.41,0.435,2124651
2017-01-18 16:00:00-05:00,0.44,0.45,0.4316,0.45,1278790
2017-01-19 16:00:00-05:00,0.451,0.451,0.411,0.4288,732546
2017-01-20 16:00:00-05:00,0.41,0.4389,0.41,0.4317,279034
2017-01-23 16:00:00-05:00,0.439,0.439,0.42,0.4299,362903
2017-01-24 16:00:00-05:00,0.435,0.445,0.421,0.429,647585
2017-01-25 16:00:00-05:00,0.42,0.4497,0.42,0.429,662339
2017-01-26 16:00:00-05:00,0.4205,0.4494,0.4205,0.435,406080
2017-01-27 16:00:00-05:00,0.44,0.49,0.44,0.45,1816928
2017-01-30 16:00:00-05:00,0.4601,0.5096,0.45,0.48,2471577
2017-01-31 16:00:00-05:00,0.48,0.51,0.465,0.486,1790796
2017-02-01 16:00:00-05:00,0.501,0.51,0.475,0.4996,772545
2017-02-02 16:00:00-05:00,0.4988,0.4988,0.429,0.487,1562158
2017-02-03 16:00:00-05:00,0.487,0.4895,0.4551,0.4854,577707
2017-02-06 16:00:00-05:00,0.49,0.5,0.4701,0.485,425302
2017-02-07 16:00:00-05:00,0.4865,0.4865,0.4608,0.47,588414
2017-02-08 16:00:00-05:00,0.4675,0.4675,0.4508,0.455,690181
2017-02-09 16:00:00-05:00,0.46,0.4783,0.4432,0.4645,758641
2017-02-10 16:00:00-05:00,0.4664,0.48,0.4438,0.4625,649030
2017-02-13 16:00:00-05:00,0.48,0.48,0.385,0.4313,1802739
2017-02-14 16:00:00-05:00,0.44,0.44,0.41,0.4211,422574
2017-02-15 16:00:00-05:00,0.4137,0.4566,0.4137,0.445,609292
2017-02-16 16:00:00-05:00,0.445,0.478,0.415,0.44,885515
2017-02-17 16:00:00-05:00,0.4479,0.455,0.43,0.45,414647
2017-02-21 16:00:00-05:00,0.47,0.47,0.445,0.4623,534574
2017-02-22 16:00:00-05:00,0.47,0.47,0.44,0.45,651706
2017-02-23 16:00:00-05:00,0.45,0.45,0.43,0.4356,501187
2017-02-24 16:00:00-05:00,0.4302,0.4449,0.42,0.443,405284
2017-02-27 16:00:00-05:00,0.46,0.47,0.432,0.4635,317134
2017-02-28 16:00:00-05:00,0.442,0.479,0.442,0.4601,359886
2017-03-01 16:00:00-05:00,0.465,0.475,0.46,0.4617,237163
2017-03-02 16:00:00-05:00,0.47,0.479,0.4601,0.478,436262
2017-03-03 16:00:00-05:00,0.479,0.5,0.458,0.47,1120875
2017-03-06 16:00:00-05:00,0.48,0.485,0.46,0.47,519892
2017-03-07 16:00:00-05:00,0.46,0.4699,0.45,0.45,688572
2017-03-08 16:00:00-05:00,0.4502,0.478,0.45,0.46,374978
2017-03-09 16:00:00-05:00,0.4683,0.47,0.44,0.45,641464
2017-03-10 16:00:00-05:00,0.46,0.46,0.44,0.44,381754
2017-03-13 16:00:00-04:00,0.46,0.51,0.435,0.4751,1949469
2017-03-14 16:00:00-04:00,0.47,0.48,0.46,0.475,391387
2017-03-15 16:00:00-04:00,0.48,0.57,0.4651,0.54,4716620
2017-03-16 16:00:00-04:00,0.56,0.61,0.524,0.5529,6549475
2017-03-17 16:00:00-04:00,0.57,0.58,0.5121,0.525,1431019
2017-03-20 16:00:00-04:00,0.5488,0.5488,0.4652,0.5099,1329373
2017-03-21 16:00:00-04:00,0.49,0.5183,0.4751,0.4936,662275
2017-03-22 16:00:00-04:00,0.4896,0.52,0.4611,0.4974,743215
2017-03-23 16:00:00-04:00,0.529,0.56,0.5009,0.55,1517147
2017-03-24 16:00:00-04:00,0.54,0.55,0.472,0.4899,889502
2017-03-27 16:00:00-04:00,0.5,0.54,0.49,0.519,1106694
2017-03-28 16:00:00-04:00,0.538,0.5692,0.5026,0.54,1860985
2017-03-29 16:00:00-04:00,0.52,0.5495,0.51,0.52,582585
2017-03-30 16:00:00-04:00,0.53,0.5305,0.5,0.51,916883
2017-03-31 16:00:00-04:00,0.52,0.5395,0.501,0.505,539301
2017-04-03 16:00:00-04:00,0.55,0.55,0.5021,0.5037,921437
2017-04-04 16:00:00-04:00,0.528,0.528,0.5001,0.5058,565310
2017-04-05 16:00:00-04:00,0.518,0.5299,0.503,0.5199,647739
2017-04-06 16:00:00-04:00,0.54,0.6,0.5206,0.6,4458431
2017-04-07 16:00:00-04:00,0.6,0.65,0.5812,0.65,5354988
2017-04-10 16:00:00-04:00,0.65,0.76,0.65,0.72,4604933
2017-04-11 16:00:00-04:00,0.7147,0.73,0.633,0.693,2377846
2017-04-12 16:00:00-04:00,0.7,0.71,0.6529,0.675,722253
2017-04-13 16:00:00-04:00,0.654,0.7179,0.63,0.6999,927375
2017-04-17 16:00:00-04:00,0.7195,0.75,0.71,0.75,1309470
2017-04-18 16:00:00-04:00,0.75,0.7798,0.73,0.736,1107495
2017-04-19 16:00:00-04:00,0.73,0.7349,0.67,0.6902,1012560
2017-04-20 16:00:00-04:00,0.71,0.738,0.6994,0.73,1281203
2017-04-21 16:00:00-04:00,0.74,0.815,0.712,0.8,2632807
2017-04-24 16:00:00-04:00,0.7973,0.8792,0.771,0.84,3353323
2017-04-25 16:00:00-04:00,0.85,0.87,0.7115,0.755,2258325
2017-04-26 16:00:00-04:00,0.7298,0.7328,0.685,0.6989,3385629
2017-04-27 16:00:00-04:00,0.7149,0.84,0.69,0.84,3306605
2017-04-28 16:00:00-04:00,0.794,0.897,0.77,0.8264,3661850
2017-05-01 16:00:00-04:00,0.8264,0.85,0.733,0.8301,3037037
2017-05-02 16:00:00-04:00,0.83,0.8951,0.8,0.84,3336955
2017-05-03 16:00:00-04:00,0.863,0.8779,0.8099,0.85,4887600
2017-05-04 16:00:00-04:00,0.57,0.62,0.4169,0.458,11402736
2017-05-05 16:00:00-04:00,0.538,0.538,0.45,0.455,4893466
2017-05-08 16:00:00-04:00,0.4831,0.51,0.44,0.51,2379652
2017-05-09 16:00:00-04:00,0.47,0.5,0.4525,0.5,1500176
2017-05-10 16:00:00-04:00,0.4625,0.5,0.461,0.495,1316965
2017-05-11 16:00:00-04:00,0.482,0.482,0.4538,0.46,1430128
2017-05-12 16:00:00-04:00,0.465,0.4655,0.445,0.464,992101
2017-05-15 16:00:00-04:00,0.464,0.495,0.463,0.47,927825
2017-05-16 16:00:00-04:00,0.48,0.481,0.4501,0.4505,1135993
2017-05-17 16:00:00-04:00,0.455,0.455,0.4052,0.4352,1157800
2017-05-18 16:00:00-04:00,0.44,0.46,0.425,0.45,725484
2017-05-19 16:00:00-04:00,0.45,0.497,0.44,0.4901,1462431
2017-05-22 16:00:00-04:00,0.5,0.6499,0.5,0.6165,7420854
2017-05-23 16:00:00-04:00,0.66,0.75,0.6144,0.6608,8622575
2017-05-24 16:00:00-04:00,0.66,0.66,0.5713,0.6255,2129655
2017-05-25 16:00:00-04:00,0.63,0.6499,0.6029,0.6313,1341245
2017-05-26 16:00:00-04:00,0.63,0.6402,0.6101,0.6402,1403559
2017-05-30 16:00:00-04:00,0.6499,0.6581,0.621,0.6397,993010
2017-05-31 16:00:00-04:00,0.6397,0.69,0.6208,0.634,2510423
2017-06-01 16:00:00-04:00,0.69,0.69,0.401,0.5867,4595161
2017-06-02 16:00:00-04:00,0.54,0.56,0.5199,0.5549,1979696
2017-06-05 16:00:00-04:00,0.5683,0.5683,0.475,0.5256,2057770
2017-06-06 16:00:00-04:00,0.5147,0.5166,0.49,0.4921,806874
2017-06-07 16:00:00-04:00,0.5,0.53,0.481,0.5233,871887
2017-06-08 16:00:00-04:00,0.5233,0.5479,0.485,0.5078,1052392
2017-06-09 16:00:00-04:00,0.5183,0.52,0.5,0.51,835140
2017-06-12 16:00:00-04:00,0.51,0.53,0.5,0.5165,644904
2017-06-13 16:00:00-04:00,0.53,0.54,0.508,0.52,1128049
2017-06-14 16:00:00-04:00,0.5,0.5,0.4702,0.4949,1031117
2017-06-15 16:00:00-04:00,0.48,0.4939,0.4701,0.4801,685967
2017-06-16 16:00:00-04:00,0.4901,0.4934,0.4528,0.4708,1112150
2017-06-19 16:00:00-04:00,0.47,0.4796,0.45,0.47,925125
2017-06-20 16:00:00-04:00,0.465,0.465,0.4,0.444,1687890
2017-06-21 16:00:00-04:00,0.42,0.45,0.416,0.4262,676862
2017-06-22 16:00:00-04:00,0.42,0.465,0.418,0.459,1149685
2017-06-23 16:00:00-04:00,0.47,0.47,0.4321,0.45,537071
2017-06-26 16:00:00-04:00,0.455,0.455,0.435,0.4438,356229
2017-06-27 16:00:00-04:00,0.4408,0.45,0.43,0.45,692996
2017-06-28 16:00:00-04:00,0.45,0.455,0.4402,0.45,385231
2017-06-29 16:00:00-04:00,0.46,0.47,0.45,0.47,522968
2017-06-30 16:00:00-04:00,0.47,0.488,0.4602,0.479,490408
2017-07-03 13:00:00-04:00,0.49,0.5,0.48,0.49,177510
2017-07-05 16:00:00-04:00,0.4826,0.499,0.48,0.48,429976
2017-07-06 16:00:00-04:00,0.475,0.488,0.45,0.475,392466
2017-07-07 16:00:00-04:00,0.47,0.475,0.441,0.4463,563030
2017-07-10 16:00:00-04:00,0.45,0.46,0.45,0.46,164403
2017-07-11 16:00:00-04:00,0.46,0.4701,0.45,0.45,229398
2017-07-12 16:00:00-04:00,0.4512,0.459,0.45,0.459,196766
2017-07-13 16:00:00-04:00,0.4501,0.4579,0.4501,0.4508,166490
2017-07-14 16:00:00-04:00,0.455,0.459,0.4501,0.459,320493
2017-07-17 16:00:00-04:00,0.452,0.475,0.452,0.47,300709
2017-07-18 16:00:00-04:00,0.471,0.471,0.4602,0.47,258306
2017-07-19 16:00:00-04:00,0.47,0.4835,0.47,0.4765,404045
2017-07-20 16:00:00-04:00,0.4765,0.48,0.46,0.4699,473905
2017-07-21 16:00:00-04:00,0.47,0.4789,0.43,0.46,345465
2017-07-24 16:00:00-04:00,0.42,0.42,0.375,0.3795,1896474
2017-07-25 16:00:00-04:00,0.37,0.385,0.361,0.37,918646
2017-07-26 16:00:00-04:00,0.373,0.373,0.32,0.34001,1172621
2017-07-27 16:00:00-04:00,0.36,0.3607,0.336,0.3509,714912
2017-07-28 16:00:00-04:00,0.3451,0.355,0.3451,0.3545,472608
2017-07-31 16:00:00-04:00,0.0,0.0,0.3214,0.3433,718760
2017-08-01 16:00:00-04:00,0.3399,0.349,0.3221,0.3295,584284
2017-08-02 16:00:00-04:00,0.33,0.33,0.285,0.3,1268744
2017-08-03 16:00:00-04:00,0.3,0.31,0.28589,0.2995,529893
2017-08-04 16:00:00-04:00,0.3144,0.3144,0.295,0.3,427034
2017-08-07 16:00:00-04:00,0.31,0.31,0.28,0.2917,888374
2017-08-08 16:00:00-04:00,0.2918,0.2918,0.2612,0.2685,2008279
2017-08-09 16:00:00-04:00,0.27,0.3,0.265,0.298,721696
2017-08-10 16:00:00-04:00,0.3,0.3048,0.28,0.283,781560
2017-08-11 16:00:00-04:00,0.294,0.294,0.27,0.27,427733
2017-08-14 16:00:00-04:00,0.2888,0.293,0.28,0.292,398949
2017-08-15 16:00:00-04:00,0.2852,0.3299,0.285,0.311,1095559
2017-08-16 16:00:00-04:00,0.324,0.335,0.29,0.31,1069447
2017-08-17 16:00:00-04:00,0.31,0.319,0.28,0.2896,1208078
2017-08-18 16:00:00-04:00,0.29,0.2945,0.2801,0.2944,366719
2017-08-21 16:00:00-04:00,0.2864,0.29,0.275,0.275,630119
2017-08-22 16:00:00-04:00,0.27,0.29,0.27,0.2833,352066
2017-08-23 16:00:00-04:00,0.2735,0.288,0.2735,0.285,355443
2017-08-24 16:00:00-04:00,0.29,0.3,0.285,0.2875,332813
2017-08-25 16:00:00-04:00,0.2925,0.295,0.28,0.2899,328863
2017-08-28 16:00:00-04:00,0.285,0.297079,0.28,0.28,338225
2017-08-29 16:00:00-04:00,0.28,0.2898,0.28,0.2871,336181
2017-08-30 16:00:00-04:00,0.2898,0.291,0.2823,0.291,243465
2017-08-31 16:00:00-04:00,0.29,0.32,0.29,0.306,833404
2017-09-01 16:00:00-04:00,0.309,0.312,0.2951,0.311,545456
2017-09-05 16:00:00-04:00,0.3,0.34,0.2999,0.33,1050958
2017-09-06 16:00:00-04:00,0.35,0.3699,0.3218,0.36,1333824
2017-09-07 16:00:00-04:00,0.36,0.3794,0.34,0.349,653534
2017-09-08 16:00:00-04:00,0.3532,0.35715,0.317,0.34,405423
2017-09-11 16:00:00-04:00,0.3481,0.3499,0.32,0.346,353025
2017-09-12 16:00:00-04:00,0.36,0.393,0.34,0.34,2464414
2017-09-13 16:00:00-04:00,0.33,0.34,0.3,0.3,1404064
2017-09-14 16:00:00-04:00,0.3199,0.3199,0.285,0.2875,887727
2017-09-15 16:00:00-04:00,0.275,0.305,0.275,0.305,542089
2017-09-18 16:00:00-04:00,0.33,0.33,0.285,0.285,665978
2017-09-19 16:00:00-04:00,0.28,0.2938,0.2659,0.271,964332
2017-09-20 16:00:00-04:00,0.2814,0.31,0.27,0.3,1291215
2017-09-21 16:00:00-04:00,0.315,0.315,0.285,0.286,567557
2017-09-22 16:00:00-04:00,0.3045,0.3045,0.285,0.3,340967
2017-09-25 16:00:00-04:00,0.29,0.31,0.28,0.285,500337
2017-09-26 16:00:00-04:00,0.28,0.349,0.28,0.3311,5778625
2017-09-27 16:00:00-04:00,0.34,0.34,0.28,0.303,1837652
2017-09-28 16:00:00-04:00,0.297,0.30115,0.282,0.2855,1018963
2017-09-29 16:00:00-04:00,0.287,0.3,0.286,0.286,657646
2017-10-02 16:00:00-04:00,0.3,0.305,0.29,0.3,593277
2017-10-03 16:00:00-04:00,0.3,0.3,0.285,0.29,778512
2017-10-04 16:00:00-04:00,0.29,0.2959,0.28,0.2815,655251
2017-10-05 16:00:00-04:00,0.285,0.2947,0.28,0.2921,774069
2017-10-06 16:00:00-04:00,0.2975,0.3149,0.286,0.2949,1235160
2017-10-09 16:00:00-04:00,0.285,0.2949,0.282,0.285,921616
2017-10-10 16:00:00-04:00,0.29,0.329,0.282,0.292,3919080
2017-10-11 16:00:00-04:00,0.2989,0.31,0.292,0.3083,376505
2017-10-12 16:00:00-04:00,0.309,0.309,0.2851,0.286,866530
2017-10-13 16:00:00-04:00,0.285,0.296,0.285,0.2885,614207
2017-10-16 16:00:00-04:00,0.29,0.29,0.273,0.2815,1268633
2017-10-17 16:00:00-04:00,0.28,0.3051,0.275,0.2815,1826824
2017-10-18 16:00:00-04:00,0.281,0.315,0.281,0.29,1931887
2017-10-19 16:00:00-04:00,0.31,0.31,0.2849,0.29,903413
2017-10-20 16:00:00-04:00,0.2399,0.27,0.22,0.2449,3280777
2017-10-23 16:00:00-04:00,0.25,0.2501,0.2015,0.216,2167704
2017-10-24 16:00:00-04:00,0.2268,0.229856,0.195,0.2045,1763195
2017-10-25 16:00:00-04:00,0.23,0.23,0.195,0.195,1089364
2017-10-26 16:00:00-04:00,0.195,0.21,0.1806,0.1961,1093270
2017-10-27 16:00:00-04:00,0.21,0.21,0.1956,0.2051,1108406
2017-10-30 16:00:00-04:00,0.2,0.206,0.1905,0.1906,884079
2017-10-31 16:00:00-04:00,0.19,0.195,0.181,0.1828,1181295
2017-11-01 16:00:00-04:00,0.19,0.1901,0.1626,0.1761,1108723
2017-11-02 16:00:00-04:00,0.1761,0.18,0.1607,0.169895,1058307
2017-11-03 16:00:00-04:00,0.1783,0.1783,0.16,0.1746,525107
2017-11-06 16:00:00-05:00,0.1726,0.1775,0.1655,0.1709,550857
2017-11-07 16:00:00-05:00,0.174,0.21,0.1702,0.2089,3023314
2017-11-08 16:00:00-05:00,0.2611,0.295,0.2311,0.242,7824326
2017-11-09 16:00:00-05:00,0.21,0.215,0.195,0.1977,2639786
2017-11-10 16:00:00-05:00,0.1984,0.2,0.17,0.1805,1819477
2017-11-13 16:00:00-05:00,0.1916,0.195,0.1826,0.1904,1071985
2017-11-14 16:00:00-05:00,0.195,0.1999,0.1815,0.1876,812694
2017-11-15 16:00:00-05:00,0.1969,0.1969,0.1835,0.1891,679111
2017-11-16 16:00:00-05:00,0.1912,0.1946,0.1834,0.19,470084
2017-11-17 16:00:00-05:00,0.196,0.196,0.1845,0.19,990325
2017-11-20 16:00:00-05:00,0.186,0.192,0.1846,0.1859,462144
2017-11-21 16:00:00-05:00,0.1299,0.13,0.1106,0.125,17291428
2017-11-22 16:00:00-05:00,0.123,0.125,0.115,0.121,3038553
2017-11-24 13:00:00-05:00,0.121,0.1297,0.119,0.125,2223269
2017-11-27 16:00:00-05:00,0.1205,0.124,0.1058,0.116,3882071
2017-11-28 16:00:00-05:00,0.125,0.127,0.117,0.1221,4589555
2017-11-29 16:00:00-05:00,0.125,0.1299,0.12,0.1257,3753784
2017-11-30 16:00:00-05:00,0.1285,0.135,0.1168,0.125,7122117
2017-12-01 16:00:00-05:00,0.125,0.125,0.1163,0.1163,3014215
2017-12-04 16:00:00-05:00,0.125,0.126,0.118,0.1199,3440518
2017-12-05 16:00:00-05:00,0.12,0.1228,0.1126,0.1169,2779118
2017-12-06 16:00:00-05:00,0.1189,0.1189,0.108,0.1105,3237045
2017-12-07 16:00:00-05:00,0.108,0.116,0.107,0.1118,2304742
2017-12-08 16:00:00-05:00,0.1175,0.12,0.107,0.1169,3312713
2017-12-11 16:00:00-05:00,0.12,0.12,0.1112,0.1112,2700455
