Date,Open,High,Low,Close,Volume
2002-09-25 16:00:00-04:00,15.0,15.01,15.0,15.01,198500
2002-09-26 16:00:00-04:00,15.0,15.02,15.0,15.02,47200
2002-09-27 16:00:00-04:00,15.01,15.01,15.0,15.0,37200
2002-09-30 16:00:00-04:00,15.0,15.01,15.0,15.0,91300
2002-10-01 16:00:00-04:00,15.02,15.02,15.0,15.01,32100
2002-10-02 16:00:00-04:00,15.02,15.02,15.0,15.02,26600
2002-10-03 16:00:00-04:00,15.02,15.02,15.0,15.01,19900
2002-10-04 16:00:00-04:00,15.01,15.02,14.8,15.01,78800
2002-10-07 16:00:00-04:00,15.01,15.01,15.0,15.0,35800
2002-10-08 16:00:00-04:00,15.0,15.01,15.0,15.01,33300
2002-10-09 16:00:00-04:00,15.0,15.01,15.0,15.01,18500
2002-10-10 16:00:00-04:00,15.0,15.01,15.0,15.01,48800
2002-10-11 16:00:00-04:00,15.01,15.01,15.0,15.01,11300
2002-10-14 16:00:00-04:00,15.01,15.01,15.0,15.01,42500
2002-10-15 16:00:00-04:00,15.0,15.01,15.0,15.0,48900
2002-10-16 16:00:00-04:00,15.0,15.01,15.0,15.0,17300
2002-10-17 16:00:00-04:00,15.0,15.01,15.0,15.0,154700
2002-10-18 16:00:00-04:00,15.0,15.01,15.0,15.0,56600
2002-10-21 16:00:00-04:00,15.0,15.01,15.0,15.0,26300
2002-10-22 16:00:00-04:00,15.0,15.01,15.0,15.0,68900
2002-10-23 16:00:00-04:00,15.01,15.01,15.0,15.0,36500
2002-10-24 16:00:00-04:00,15.0,15.01,15.0,15.0,96400
2002-10-25 16:00:00-04:00,15.0,15.0,15.0,15.0,56200
2002-10-28 16:00:00-05:00,15.0,15.01,14.95,15.0,505400
2002-10-29 16:00:00-05:00,15.0,15.01,15.0,15.0,54700
2002-10-30 16:00:00-05:00,15.0,15.02,15.0,15.0,25000
2002-10-31 16:00:00-05:00,15.0,15.01,15.0,15.0,46100
2002-11-01 16:00:00-05:00,15.01,15.03,15.0,15.03,16400
2002-11-04 16:00:00-05:00,15.03,15.03,15.0,15.0,50300
2002-11-05 16:00:00-05:00,14.95,15.0,14.9,15.0,15500
2002-11-06 16:00:00-05:00,14.9,15.0,14.9,14.9,17700
2002-11-07 16:00:00-05:00,14.85,14.9,14.85,14.9,5600
2002-11-08 16:00:00-05:00,14.9,14.9,14.76,14.76,28000
2002-11-11 16:00:00-05:00,14.9,14.9,14.8,14.9,17500
2002-11-12 16:00:00-05:00,14.8,15.0,14.8,14.8,27500
2002-11-13 16:00:00-05:00,14.8,14.9,14.8,14.8,15700
2002-11-14 16:00:00-05:00,14.9,14.9,14.75,14.8,11000
2002-11-15 16:00:00-05:00,14.75,14.8,14.75,14.8,3000
2002-11-18 16:00:00-05:00,14.75,14.75,14.65,14.65,22200
2002-11-19 16:00:00-05:00,14.61,14.61,14.42,14.42,45600
2002-11-20 16:00:00-05:00,14.42,14.42,14.25,14.3,51200
2002-11-21 16:00:00-05:00,14.25,14.25,14.0,14.05,58800
2002-11-22 16:00:00-05:00,14.0,14.0,13.75,13.9,37600
2002-11-25 16:00:00-05:00,13.75,13.75,13.35,13.42,70900
2002-11-26 16:00:00-05:00,13.45,13.7,13.4,13.7,15700
2002-11-27 16:00:00-05:00,13.55,13.6,13.37,13.55,31000
2002-11-29 16:00:00-05:00,13.5,13.59,13.49,13.59,2900
2002-12-02 16:00:00-05:00,13.59,13.6,13.46,13.5,17200
2002-12-03 16:00:00-05:00,13.45,13.5,13.4,13.42,28000
2002-12-04 16:00:00-05:00,13.52,13.52,13.32,13.38,48100
2002-12-05 16:00:00-05:00,13.44,13.7,13.44,13.7,31300
2002-12-06 16:00:00-05:00,13.7,13.7,13.5,13.66,49100
2002-12-09 16:00:00-05:00,13.6,13.6,13.43,13.58,34300
2002-12-10 16:00:00-05:00,13.6,13.6,13.4,13.42,48700
2002-12-11 16:00:00-05:00,13.41,13.52,13.41,13.41,35100
2002-12-12 16:00:00-05:00,13.42,13.44,13.29,13.3,73200
2002-12-13 16:00:00-05:00,13.29,13.31,13.17,13.25,67700
2002-12-16 16:00:00-05:00,13.25,13.25,12.91,13.06,96300
2002-12-17 16:00:00-05:00,13.06,13.1,12.9,12.9,120500
2002-12-18 16:00:00-05:00,12.9,13.07,12.79,12.93,86000
2002-12-19 16:00:00-05:00,12.95,13.1,12.85,13.1,72600
2002-12-20 16:00:00-05:00,13.01,13.25,12.91,13.17,70400
2002-12-23 16:00:00-05:00,13.08,13.34,13.0,13.0,74400
2002-12-24 16:00:00-05:00,13.15,13.35,13.05,13.2,27100
2002-12-26 16:00:00-05:00,13.02,13.2,12.99,13.12,97700
2002-12-27 16:00:00-05:00,13.18,13.29,13.0,13.11,107300
2002-12-30 16:00:00-05:00,13.25,13.65,13.12,13.6,124400
2002-12-31 16:00:00-05:00,13.7,13.7,13.35,13.5,75300
2003-01-02 16:00:00-05:00,13.51,13.6,13.39,13.58,26200
2003-01-03 16:00:00-05:00,13.5,13.6,13.48,13.6,49800
2003-01-06 16:00:00-05:00,13.65,13.67,13.5,13.67,39700
2003-01-07 16:00:00-05:00,13.6,13.65,13.36,13.5,49000
2003-01-08 16:00:00-05:00,13.35,13.56,13.25,13.39,39800
2003-01-09 16:00:00-05:00,13.35,13.38,13.2,13.28,39300
2003-01-10 16:00:00-05:00,13.3,13.5,13.16,13.2,30800
2003-01-13 16:00:00-05:00,13.15,13.39,13.12,13.32,31000
2003-01-14 16:00:00-05:00,13.37,13.43,13.21,13.43,47700
2003-01-15 16:00:00-05:00,13.45,13.55,13.28,13.35,36500
2003-01-16 16:00:00-05:00,13.28,13.4,13.14,13.35,76200
2003-01-17 16:00:00-05:00,13.35,13.36,13.19,13.35,28000
2003-01-21 16:00:00-05:00,13.39,13.44,13.27,13.27,44100
2003-01-22 16:00:00-05:00,13.34,13.43,13.27,13.38,42100
2003-01-23 16:00:00-05:00,13.24,13.4,13.16,13.26,46100
2003-01-24 16:00:00-05:00,13.27,13.3,13.21,13.25,15100
2003-01-27 16:00:00-05:00,13.21,13.4,13.21,13.21,33400
2003-01-28 16:00:00-05:00,13.31,13.33,13.12,13.2,37800
2003-01-29 16:00:00-05:00,13.32,13.54,13.21,13.54,42800
2003-01-30 16:00:00-05:00,13.6,13.67,13.43,13.6,42600
2003-01-31 16:00:00-05:00,13.65,13.65,13.54,13.65,19600
2003-02-03 16:00:00-05:00,13.65,13.65,13.55,13.65,12100
2003-02-04 16:00:00-05:00,13.55,13.64,13.51,13.64,18000
2003-02-05 16:00:00-05:00,13.64,13.66,13.51,13.6,35300
2003-02-06 16:00:00-05:00,13.64,13.66,13.46,13.54,25900
2003-02-07 16:00:00-05:00,13.54,13.66,13.45,13.64,35900
2003-02-10 16:00:00-05:00,13.66,13.67,13.47,13.48,27200
2003-02-11 16:00:00-05:00,13.58,13.67,13.49,13.67,19000
2003-02-12 16:00:00-05:00,13.67,13.67,13.45,13.67,40700
2003-02-13 16:00:00-05:00,13.72,13.82,13.42,13.67,23500
2003-02-14 16:00:00-05:00,13.67,13.99,13.67,13.8,25300
2003-02-18 16:00:00-05:00,13.55,13.95,13.55,13.85,36300
2003-02-19 16:00:00-05:00,13.8,14.02,13.76,13.88,36800
2003-02-20 16:00:00-05:00,13.94,14.09,13.76,14.09,19400
2003-02-21 16:00:00-05:00,13.96,14.04,13.84,13.99,31100
2003-02-24 16:00:00-05:00,14.02,14.14,13.79,14.14,45800
2003-02-25 16:00:00-05:00,14.15,14.15,13.8,13.89,55200
2003-02-26 16:00:00-05:00,13.9,13.9,13.6,13.6,20700
2003-02-27 16:00:00-05:00,13.57,14.0,13.57,13.62,55100
2003-02-28 16:00:00-05:00,13.63,13.89,13.6,13.86,28600
2003-03-03 16:00:00-05:00,13.71,13.85,13.67,13.84,19800
2003-03-04 16:00:00-05:00,13.84,13.89,13.1,13.49,235100
2003-03-05 16:00:00-05:00,13.49,13.49,13.33,13.49,61900
2003-03-06 16:00:00-05:00,13.28,13.45,13.28,13.45,78600
2003-03-07 16:00:00-05:00,13.45,13.64,13.32,13.64,55900
2003-03-10 16:00:00-05:00,13.65,13.7,13.52,13.7,32200
2003-03-11 16:00:00-05:00,13.72,13.81,13.67,13.81,29400
2003-03-12 16:00:00-05:00,13.82,13.84,13.67,13.76,42500
2003-03-13 16:00:00-05:00,13.81,13.91,13.66,13.8,96900
2003-03-14 16:00:00-05:00,13.82,14.05,13.76,14.01,71900
2003-03-17 16:00:00-05:00,14.01,14.35,13.9,13.92,82100
2003-03-18 16:00:00-05:00,14.0,14.18,13.9,14.16,64000
2003-03-19 16:00:00-05:00,14.1,14.15,13.9,14.08,45200
2003-03-20 16:00:00-05:00,13.86,14.08,13.86,14.0,49400
2003-03-21 16:00:00-05:00,14.07,14.1,13.87,14.1,37300
2003-03-24 16:00:00-05:00,13.87,14.09,13.85,14.09,58500
2003-03-25 16:00:00-05:00,13.8,14.0,13.74,13.9,55900
2003-03-26 16:00:00-05:00,14.1,14.14,13.89,14.1,29600
2003-03-27 16:00:00-05:00,13.8,14.09,13.8,14.09,36700
2003-03-28 16:00:00-05:00,14.09,14.09,13.9,13.95,20200
2003-03-31 16:00:00-05:00,14.0,14.14,13.83,14.11,22100
2003-04-01 16:00:00-05:00,14.13,14.15,13.91,14.15,27300
2003-04-02 16:00:00-05:00,14.15,14.23,14.0,14.18,33100
2003-04-03 16:00:00-05:00,14.2,14.2,13.87,14.13,38100
2003-04-04 16:00:00-05:00,14.14,14.15,14.05,14.15,46200
2003-04-07 16:00:00-04:00,14.1,14.13,14.01,14.1,16400
2003-04-08 16:00:00-04:00,14.17,14.17,13.95,14.12,37900
2003-04-09 16:00:00-04:00,14.07,14.22,14.07,14.2,48100
2003-04-10 16:00:00-04:00,14.13,14.24,14.09,14.15,41800
2003-04-11 16:00:00-04:00,14.24,14.5,14.16,14.21,94800
2003-04-14 16:00:00-04:00,14.16,14.34,14.08,14.21,45200
2003-04-15 16:00:00-04:00,14.13,14.42,14.13,14.38,48700
2003-04-16 16:00:00-04:00,14.35,14.4,14.23,14.35,33500
2003-04-17 16:00:00-04:00,14.26,14.46,14.26,14.4,40300
2003-04-21 16:00:00-04:00,14.47,14.47,14.26,14.36,42100
2003-04-22 16:00:00-04:00,14.25,14.45,14.25,14.3,80500
2003-04-23 16:00:00-04:00,14.25,14.34,14.17,14.33,49000
2003-04-24 16:00:00-04:00,14.33,14.33,14.21,14.3,42300
2003-04-25 16:00:00-04:00,14.3,14.39,14.21,14.38,26000
2003-04-28 16:00:00-04:00,14.39,14.39,14.21,14.28,62500
2003-04-29 16:00:00-04:00,14.29,14.31,14.17,14.31,46400
2003-04-30 16:00:00-04:00,14.3,14.3,14.12,14.12,49500
2003-05-01 16:00:00-04:00,14.2,14.32,14.12,14.25,41700
2003-05-02 16:00:00-04:00,14.31,14.4,14.25,14.4,31000
2003-05-05 16:00:00-04:00,14.43,14.47,14.37,14.4,36500
2003-05-06 16:00:00-04:00,14.4,14.5,14.33,14.42,43800
2003-05-07 16:00:00-04:00,14.43,14.75,14.4,14.55,42000
2003-05-08 16:00:00-04:00,14.51,14.71,14.46,14.69,47000
2003-05-09 16:00:00-04:00,14.69,14.8,14.55,14.7,62400
2003-05-12 16:00:00-04:00,14.9,14.9,14.5,14.7,62600
2003-05-13 16:00:00-04:00,14.6,14.75,14.57,14.65,36300
2003-05-14 16:00:00-04:00,14.69,14.69,14.51,14.68,84100
2003-05-15 16:00:00-04:00,14.78,14.78,14.55,14.65,35000
2003-05-16 16:00:00-04:00,14.56,14.89,14.56,14.75,66400
2003-05-19 16:00:00-04:00,14.89,14.89,14.56,14.69,45300
2003-05-20 16:00:00-04:00,14.72,14.74,14.57,14.7,57300
2003-05-21 16:00:00-04:00,14.6,14.74,14.57,14.61,48900
2003-05-22 16:00:00-04:00,14.54,14.69,14.51,14.57,54700
2003-05-23 16:00:00-04:00,14.55,14.65,14.52,14.64,38500
2003-05-27 16:00:00-04:00,14.7,14.75,14.5,14.5,53300
2003-05-28 16:00:00-04:00,14.5,14.64,14.41,14.55,61300
2003-05-29 16:00:00-04:00,14.39,14.73,14.39,14.56,47800
2003-05-30 16:00:00-04:00,14.57,14.74,14.57,14.73,37200
2003-06-02 16:00:00-04:00,14.76,14.85,14.65,14.85,48200
2003-06-03 16:00:00-04:00,14.85,14.89,14.71,14.8,63500
2003-06-04 16:00:00-04:00,14.71,14.8,14.7,14.77,34700
2003-06-05 16:00:00-04:00,14.83,14.89,14.77,14.8,47000
2003-06-06 16:00:00-04:00,14.89,14.89,14.69,14.79,38300
2003-06-09 16:00:00-04:00,14.72,14.81,14.66,14.81,48400
2003-06-10 16:00:00-04:00,14.86,14.88,14.69,14.71,53600
2003-06-11 16:00:00-04:00,14.76,14.87,14.68,14.79,49700
2003-06-12 16:00:00-04:00,14.71,14.8,14.67,14.72,41800
2003-06-13 16:00:00-04:00,14.79,14.85,14.71,14.73,38200
2003-06-16 16:00:00-04:00,14.86,14.86,14.73,14.84,77400
2003-06-17 16:00:00-04:00,14.84,14.98,14.84,14.92,53100
2003-06-18 16:00:00-04:00,14.93,14.95,14.78,14.9,60800
2003-06-19 16:00:00-04:00,14.83,14.96,14.77,14.92,65200
2003-06-20 16:00:00-04:00,14.92,14.92,14.76,14.8,32400
2003-06-23 16:00:00-04:00,14.9,14.95,14.75,14.9,33700
2003-06-24 16:00:00-04:00,14.7,14.9,14.7,14.9,41800
2003-06-25 16:00:00-04:00,14.9,14.9,14.76,14.81,52700
2003-06-26 16:00:00-04:00,14.8,14.87,14.76,14.83,29800
2003-06-27 16:00:00-04:00,14.76,14.88,14.76,14.88,26600
2003-06-30 16:00:00-04:00,14.88,14.94,14.6,14.78,76600
2003-07-01 16:00:00-04:00,14.73,14.89,14.7,14.88,45200
2003-07-02 16:00:00-04:00,14.81,14.95,14.8,14.95,34700
2003-07-03 16:00:00-04:00,14.96,14.99,14.9,14.99,18600
2003-07-07 16:00:00-04:00,14.99,14.99,14.7,14.74,58800
2003-07-08 16:00:00-04:00,14.78,14.88,14.71,14.85,53100
2003-07-09 16:00:00-04:00,14.85,14.93,14.8,14.81,46100
2003-07-10 16:00:00-04:00,14.8,14.84,14.77,14.84,28800
2003-07-11 16:00:00-04:00,14.76,14.8,14.73,14.74,13900
2003-07-14 16:00:00-04:00,14.75,14.79,14.56,14.63,29700
2003-07-15 16:00:00-04:00,14.65,14.69,14.45,14.6,27900
2003-07-16 16:00:00-04:00,14.6,14.6,14.12,14.15,54900
2003-07-17 16:00:00-04:00,13.91,14.0,13.61,13.87,94600
2003-07-18 16:00:00-04:00,13.8,13.95,13.73,13.95,40800
2003-07-21 16:00:00-04:00,13.88,13.95,13.75,13.75,33800
2003-07-22 16:00:00-04:00,13.8,14.08,13.66,14.08,27700
2003-07-23 16:00:00-04:00,14.12,14.12,13.93,13.97,32500
2003-07-24 16:00:00-04:00,14.02,14.03,13.88,13.88,33000
2003-07-25 16:00:00-04:00,13.87,13.93,13.75,13.9,27900
2003-07-28 16:00:00-04:00,13.91,13.91,13.5,13.73,48400
2003-07-29 16:00:00-04:00,13.73,13.76,13.58,13.76,21000
2003-07-30 16:00:00-04:00,13.55,13.61,13.34,13.61,61200
2003-07-31 16:00:00-04:00,13.61,13.7,13.56,13.62,27200
2003-08-01 16:00:00-04:00,13.73,13.73,13.33,13.4,29600
2003-08-04 16:00:00-04:00,13.4,13.75,13.4,13.75,38100
2003-08-05 16:00:00-04:00,13.75,13.76,13.57,13.57,22200
2003-08-06 16:00:00-04:00,13.6,13.68,13.52,13.61,33100
2003-08-07 16:00:00-04:00,13.61,13.89,13.61,13.84,23700
2003-08-08 16:00:00-04:00,13.74,14.0,13.74,14.0,18500
2003-08-11 16:00:00-04:00,13.86,13.97,13.85,13.85,12700
2003-08-12 16:00:00-04:00,13.75,13.85,13.57,13.8,40700
2003-08-13 16:00:00-04:00,13.75,13.75,13.5,13.5,18000
2003-08-14 16:00:00-04:00,13.51,13.51,13.38,13.44,27800
2003-08-15 16:00:00-04:00,13.54,13.54,13.54,13.54,10900
2003-08-18 16:00:00-04:00,13.4,13.55,13.3,13.55,33400
2003-08-19 16:00:00-04:00,13.4,13.55,13.35,13.55,18400
2003-08-20 16:00:00-04:00,13.6,13.79,13.55,13.6,31300
2003-08-21 16:00:00-04:00,13.65,13.65,13.41,13.49,36000
2003-08-22 16:00:00-04:00,13.41,13.45,13.29,13.32,15100
2003-08-25 16:00:00-04:00,13.29,13.31,13.17,13.18,46300
2003-08-26 16:00:00-04:00,13.16,13.2,12.97,12.97,87600
2003-08-27 16:00:00-04:00,13.03,13.18,13.0,13.15,53300
2003-08-28 16:00:00-04:00,13.18,13.4,13.04,13.3,38200
2003-08-29 16:00:00-04:00,13.39,13.43,13.36,13.4,15400
2003-09-02 16:00:00-04:00,13.3,13.46,13.28,13.34,27700
2003-09-03 16:00:00-04:00,13.26,13.49,13.25,13.49,27300
2003-09-04 16:00:00-04:00,13.5,13.5,13.33,13.39,16600
2003-09-05 16:00:00-04:00,13.36,13.5,13.36,13.5,22300
2003-09-08 16:00:00-04:00,13.5,13.52,13.37,13.49,36700
2003-09-09 16:00:00-04:00,13.36,13.42,13.32,13.32,28200
2003-09-10 16:00:00-04:00,13.36,13.49,13.27,13.3,31700
2003-09-11 16:00:00-04:00,13.45,13.45,13.26,13.35,29300
2003-09-12 16:00:00-04:00,13.33,13.54,13.33,13.53,24700
2003-09-15 16:00:00-04:00,13.55,13.55,13.36,13.5,54200
2003-09-16 16:00:00-04:00,13.5,13.5,13.35,13.42,53700
2003-09-17 16:00:00-04:00,13.39,13.5,13.39,13.48,28900
2003-09-18 16:00:00-04:00,13.48,13.48,13.38,13.42,49500
2003-09-19 16:00:00-04:00,13.42,13.46,13.36,13.4,26900
2003-09-22 16:00:00-04:00,13.37,13.39,13.1,13.21,118200
2003-09-23 16:00:00-04:00,13.13,13.27,13.06,13.12,57200
2003-09-24 16:00:00-04:00,13.15,13.29,13.15,13.25,24800
2003-09-25 16:00:00-04:00,13.26,13.37,13.2,13.29,49100
2003-09-26 16:00:00-04:00,13.23,13.33,13.23,13.27,32600
2003-09-29 16:00:00-04:00,13.27,13.39,13.26,13.35,15300
2003-09-30 16:00:00-04:00,13.35,13.54,13.35,13.54,44600
2003-10-01 16:00:00-04:00,13.55,13.61,13.52,13.6,46400
2003-10-02 16:00:00-04:00,13.6,13.64,13.35,13.47,109500
2003-10-03 16:00:00-04:00,13.42,13.54,13.42,13.54,20300
2003-10-06 16:00:00-04:00,13.5,13.6,13.46,13.53,21200
2003-10-07 16:00:00-04:00,13.6,13.65,13.5,13.65,37700
2003-10-08 16:00:00-04:00,13.65,13.69,13.51,13.67,50700
2003-10-09 16:00:00-04:00,13.6,13.69,13.44,13.57,57300
2003-10-10 16:00:00-04:00,13.57,13.63,13.52,13.63,22300
2003-10-13 16:00:00-04:00,13.61,13.62,13.44,13.52,35600
2003-10-14 16:00:00-04:00,13.46,13.57,13.43,13.5,35400
2003-10-15 16:00:00-04:00,13.41,13.5,13.37,13.49,34100
2003-10-16 16:00:00-04:00,13.5,13.5,13.4,13.5,38600
2003-10-17 16:00:00-04:00,13.5,13.51,13.41,13.51,35700
2003-10-20 16:00:00-04:00,13.44,13.55,13.4,13.45,46200
2003-10-21 16:00:00-04:00,13.46,13.51,13.41,13.43,30600
2003-10-22 16:00:00-04:00,13.47,13.57,13.47,13.57,28600
2003-10-23 16:00:00-04:00,13.4,13.46,13.37,13.37,44400
2003-10-24 16:00:00-04:00,13.43,13.48,13.34,13.46,34300
2003-10-27 16:00:00-05:00,13.47,13.47,13.3,13.35,43800
2003-10-28 16:00:00-05:00,13.33,13.42,13.3,13.36,47300
2003-10-29 16:00:00-05:00,13.36,13.47,13.36,13.37,46200
2003-10-30 16:00:00-05:00,13.38,13.42,13.32,13.36,30800
2003-10-31 16:00:00-05:00,13.33,13.36,13.3,13.33,24900
2003-11-03 16:00:00-05:00,13.3,13.36,13.28,13.3,22500
2003-11-04 16:00:00-05:00,13.34,13.36,13.28,13.35,30700
2003-11-05 16:00:00-05:00,13.35,13.4,13.29,13.4,46100
2003-11-06 16:00:00-05:00,13.4,13.4,13.3,13.31,36800
2003-11-07 16:00:00-05:00,13.38,13.38,13.27,13.35,31900
2003-11-10 16:00:00-05:00,13.3,13.4,13.29,13.29,37100
2003-11-11 16:00:00-05:00,13.26,13.38,13.25,13.33,30700
2003-11-12 16:00:00-05:00,13.28,13.36,13.22,13.36,64800
2003-11-13 16:00:00-05:00,13.38,13.4,13.27,13.34,38400
2003-11-14 16:00:00-05:00,13.39,13.44,13.3,13.38,28900
2003-11-17 16:00:00-05:00,13.4,13.4,13.3,13.34,38700
2003-11-18 16:00:00-05:00,13.38,13.47,13.31,13.47,42800
2003-11-19 16:00:00-05:00,13.42,13.55,13.4,13.52,37600
2003-11-20 16:00:00-05:00,13.49,13.54,13.45,13.45,52400
2003-11-21 16:00:00-05:00,13.46,13.54,13.45,13.45,44100
2003-11-24 16:00:00-05:00,13.46,13.55,13.41,13.41,44300
2003-11-25 16:00:00-05:00,13.34,13.44,13.31,13.4,53700
2003-11-26 16:00:00-05:00,13.33,13.42,13.33,13.36,24800
2003-11-28 16:00:00-05:00,13.39,13.43,13.35,13.43,17700
2003-12-01 16:00:00-05:00,13.38,13.46,13.37,13.42,48100
2003-12-02 16:00:00-05:00,13.41,13.42,13.3,13.35,62600
2003-12-03 16:00:00-05:00,13.32,13.35,13.27,13.27,68800
2003-12-04 16:00:00-05:00,13.28,13.34,13.28,13.34,48300
2003-12-05 16:00:00-05:00,13.35,13.4,13.31,13.36,49900
2003-12-08 16:00:00-05:00,13.35,13.47,13.35,13.41,60100
2003-12-09 16:00:00-05:00,13.4,13.5,13.4,13.46,66100
2003-12-10 16:00:00-05:00,13.49,13.53,13.45,13.51,36100
2003-12-11 16:00:00-05:00,13.46,13.53,13.45,13.46,42200
2003-12-12 16:00:00-05:00,13.46,13.53,13.44,13.45,51700
2003-12-15 16:00:00-05:00,13.42,13.48,13.37,13.4,52700
2003-12-16 16:00:00-05:00,13.4,13.54,13.36,13.46,81700
2003-12-17 16:00:00-05:00,13.45,13.65,13.45,13.64,63500
2003-12-18 16:00:00-05:00,13.62,13.67,13.49,13.55,82800
2003-12-19 16:00:00-05:00,13.55,13.64,13.5,13.53,58000
2003-12-22 16:00:00-05:00,13.55,13.64,13.47,13.56,119100
2003-12-23 16:00:00-05:00,13.47,13.56,13.47,13.56,72200
2003-12-24 16:00:00-05:00,13.57,13.61,13.48,13.51,35000
2003-12-26 16:00:00-05:00,13.5,13.56,13.48,13.56,16200
2003-12-29 16:00:00-05:00,13.51,13.57,13.48,13.57,60100
2003-12-30 16:00:00-05:00,13.52,13.57,13.47,13.51,97200
2003-12-31 16:00:00-05:00,13.5,13.56,13.49,13.51,145600
2004-01-02 16:00:00-05:00,13.55,13.61,13.51,13.61,18900
2004-01-05 16:00:00-05:00,13.6,13.6,13.54,13.59,48700
2004-01-06 16:00:00-05:00,13.6,13.67,13.55,13.63,62100
2004-01-07 16:00:00-05:00,13.64,13.65,13.53,13.57,56700
2004-01-08 16:00:00-05:00,13.58,13.71,13.58,13.71,59000
2004-01-09 16:00:00-05:00,13.68,13.82,13.68,13.78,45700
2004-01-12 16:00:00-05:00,13.8,13.94,13.73,13.87,75900
2004-01-13 16:00:00-05:00,13.84,13.99,13.84,13.95,71500
2004-01-14 16:00:00-05:00,13.92,14.08,13.91,14.0,77000
2004-01-15 16:00:00-05:00,14.05,14.08,13.95,14.08,55800
2004-01-16 16:00:00-05:00,14.13,14.33,14.09,14.27,115900
2004-01-20 16:00:00-05:00,14.29,14.5,14.24,14.39,61400
2004-01-21 16:00:00-05:00,14.41,14.42,14.29,14.4,40900
2004-01-22 16:00:00-05:00,14.3,14.3,14.19,14.21,56200
2004-01-23 16:00:00-05:00,14.23,14.3,14.16,14.16,53700
2004-01-26 16:00:00-05:00,14.15,14.15,14.09,14.09,22200
2004-01-27 16:00:00-05:00,14.08,14.2,13.89,14.17,87800
2004-01-28 16:00:00-05:00,14.09,14.22,14.01,14.01,23200
2004-01-29 16:00:00-05:00,14.0,14.2,13.96,14.2,33300
2004-01-30 16:00:00-05:00,14.15,14.45,14.01,14.4,39600
2004-02-02 16:00:00-05:00,14.33,14.33,13.8,13.96,76000
2004-02-03 16:00:00-05:00,13.95,14.14,13.95,14.14,42600
2004-02-04 16:00:00-05:00,14.15,14.27,14.12,14.27,31000
2004-02-05 16:00:00-05:00,14.21,14.3,14.21,14.24,46900
2004-02-06 16:00:00-05:00,14.23,14.27,14.22,14.27,27300
2004-02-09 16:00:00-05:00,14.27,14.27,14.2,14.26,37800
2004-02-10 16:00:00-05:00,14.21,14.27,14.2,14.26,54400
2004-02-11 16:00:00-05:00,14.26,14.28,14.2,14.25,34500
2004-02-12 16:00:00-05:00,14.25,14.26,14.15,14.21,48700
2004-02-13 16:00:00-05:00,14.24,14.27,14.24,14.26,42900
2004-02-17 16:00:00-05:00,14.23,14.27,14.15,14.15,71100
2004-02-18 16:00:00-05:00,14.17,14.27,14.15,14.2,81300
2004-02-19 16:00:00-05:00,14.1,14.27,14.1,14.16,69000
2004-02-20 16:00:00-05:00,14.19,14.24,14.13,14.17,25600
2004-02-23 16:00:00-05:00,14.17,14.3,14.17,14.24,69500
2004-02-24 16:00:00-05:00,14.28,14.3,14.22,14.29,40600
2004-02-25 16:00:00-05:00,14.17,14.26,14.16,14.18,44500
2004-02-26 16:00:00-05:00,14.21,14.31,14.17,14.31,34200
2004-02-27 16:00:00-05:00,14.35,14.57,14.33,14.54,90200
2004-03-01 16:00:00-05:00,14.5,14.53,14.42,14.52,29300
2004-03-02 16:00:00-05:00,14.5,14.66,14.47,14.51,77500
2004-03-03 16:00:00-05:00,14.5,14.54,14.37,14.5,58600
2004-03-04 16:00:00-05:00,14.49,14.5,14.32,14.48,44700
2004-03-05 16:00:00-05:00,14.5,14.66,14.5,14.62,68800
2004-03-08 16:00:00-05:00,14.61,14.7,14.47,14.55,55500
2004-03-09 16:00:00-05:00,14.48,14.59,14.4,14.5,90000
2004-03-10 16:00:00-05:00,14.52,14.55,14.43,14.5,55500
2004-03-11 16:00:00-05:00,14.45,14.55,14.43,14.48,31500
2004-03-12 16:00:00-05:00,14.56,14.68,14.54,14.62,55000
2004-03-15 16:00:00-05:00,14.66,14.69,14.57,14.57,28100
2004-03-16 16:00:00-05:00,14.58,14.71,14.56,14.64,44000
2004-03-17 16:00:00-05:00,14.63,14.7,14.59,14.7,50700
2004-03-18 16:00:00-05:00,14.64,14.68,14.55,14.6,37800
2004-03-19 16:00:00-05:00,14.55,14.59,14.49,14.52,49100
2004-03-22 16:00:00-05:00,14.55,14.61,14.51,14.59,49800
2004-03-23 16:00:00-05:00,14.47,14.56,14.43,14.43,43300
2004-03-24 16:00:00-05:00,14.44,14.48,14.38,14.46,91800
2004-03-25 16:00:00-05:00,14.41,14.45,14.35,14.38,29600
2004-03-26 16:00:00-05:00,14.35,14.53,14.35,14.53,46600
2004-03-29 16:00:00-05:00,14.54,14.55,14.44,14.55,35200
2004-03-30 16:00:00-05:00,14.45,14.54,14.45,14.45,40000
2004-03-31 16:00:00-05:00,14.51,14.56,14.45,14.46,51700
2004-04-01 16:00:00-05:00,14.5,14.5,14.41,14.45,25200
2004-04-02 16:00:00-05:00,14.43,14.43,14.15,14.27,50000
2004-04-05 16:00:00-04:00,14.15,14.15,13.86,13.9,63800
2004-04-06 16:00:00-04:00,13.81,13.9,13.74,13.75,62100
2004-04-07 16:00:00-04:00,13.81,13.88,13.71,13.71,54500
2004-04-08 16:00:00-04:00,13.76,13.88,13.72,13.85,30400
2004-04-12 16:00:00-04:00,13.83,13.88,13.63,13.63,40800
2004-04-13 16:00:00-04:00,13.53,13.6,13.39,13.46,62500
2004-04-14 16:00:00-04:00,13.4,13.44,13.18,13.29,75800
2004-04-15 16:00:00-04:00,13.26,13.55,13.25,13.3,75500
2004-04-16 16:00:00-04:00,13.4,13.51,13.36,13.36,62100
2004-04-19 16:00:00-04:00,13.35,13.47,13.35,13.36,25800
2004-04-20 16:00:00-04:00,13.31,13.36,13.24,13.34,30400
2004-04-21 16:00:00-04:00,13.15,13.34,13.07,13.34,79200
2004-04-22 16:00:00-04:00,13.05,13.3,13.05,13.14,67800
2004-04-23 16:00:00-04:00,13.14,13.15,12.82,12.95,89100
2004-04-26 16:00:00-04:00,12.94,13.0,12.81,12.81,31600
2004-04-27 16:00:00-04:00,12.9,12.92,12.7,12.71,71300
2004-04-28 16:00:00-04:00,12.69,12.77,12.66,12.67,54300
2004-04-29 16:00:00-04:00,12.67,12.99,12.61,12.71,94900
2004-04-30 16:00:00-04:00,12.71,12.8,12.71,12.79,42400
2004-05-03 16:00:00-04:00,12.71,12.79,12.66,12.75,56500
2004-05-04 16:00:00-04:00,12.8,12.8,12.68,12.7,44300
2004-05-05 16:00:00-04:00,12.75,12.75,12.69,12.75,60800
2004-05-06 16:00:00-04:00,12.75,12.79,12.69,12.69,91100
2004-05-07 16:00:00-04:00,12.62,12.62,12.31,12.6,104200
2004-05-10 16:00:00-04:00,12.58,12.58,12.2,12.3,40700
2004-05-11 16:00:00-04:00,12.33,12.8,12.3,12.67,125500
2004-05-12 16:00:00-04:00,12.51,12.65,12.35,12.44,41700
2004-05-13 16:00:00-04:00,12.4,12.4,12.15,12.23,27200
2004-05-14 16:00:00-04:00,12.25,12.5,12.25,12.39,36400
2004-05-17 16:00:00-04:00,12.39,12.52,12.39,12.39,35100
2004-05-18 16:00:00-04:00,12.49,12.52,12.4,12.42,65700
2004-05-19 16:00:00-04:00,12.42,12.49,12.32,12.39,43500
2004-05-20 16:00:00-04:00,12.34,12.51,12.34,12.42,44700
2004-05-21 16:00:00-04:00,12.46,12.57,12.44,12.56,19000
2004-05-24 16:00:00-04:00,12.51,12.65,12.5,12.61,51200
2004-05-25 16:00:00-04:00,12.47,12.63,12.47,12.63,58800
2004-05-26 16:00:00-04:00,12.6,12.71,12.57,12.7,38500
2004-05-27 16:00:00-04:00,12.73,12.73,12.61,12.68,35000
2004-05-28 16:00:00-04:00,12.7,12.74,12.6,12.72,35800
2004-06-01 16:00:00-04:00,12.8,12.8,12.67,12.72,27100
2004-06-02 16:00:00-04:00,12.75,12.81,12.68,12.81,33400
2004-06-03 16:00:00-04:00,12.77,12.8,12.68,12.8,39100
2004-06-04 16:00:00-04:00,12.7,12.79,12.62,12.77,31400
2004-06-07 16:00:00-04:00,12.77,12.78,12.64,12.66,45800
2004-06-08 16:00:00-04:00,12.65,12.67,12.55,12.64,50300
2004-06-09 16:00:00-04:00,12.64,12.67,12.56,12.65,46000
2004-06-10 16:00:00-04:00,12.7,12.7,12.57,12.61,30400
2004-06-14 16:00:00-04:00,12.59,12.6,12.39,12.4,63100
2004-06-15 16:00:00-04:00,12.45,12.6,12.4,12.53,50700
2004-06-16 16:00:00-04:00,12.53,12.61,12.46,12.6,37700
2004-06-17 16:00:00-04:00,12.53,12.63,12.42,12.59,78800
2004-06-18 16:00:00-04:00,12.58,12.61,12.46,12.51,42100
2004-06-21 16:00:00-04:00,12.56,12.57,12.47,12.56,29600
2004-06-22 16:00:00-04:00,12.55,12.64,12.53,12.63,43300
2004-06-23 16:00:00-04:00,12.52,12.57,12.41,12.5,35200
2004-06-24 16:00:00-04:00,12.55,12.63,12.48,12.54,50600
2004-06-25 16:00:00-04:00,12.51,12.6,12.5,12.6,33000
2004-06-28 16:00:00-04:00,12.62,12.62,12.53,12.58,13000
2004-06-29 16:00:00-04:00,12.53,12.57,12.5,12.53,22600
2004-06-30 16:00:00-04:00,12.53,12.58,12.49,12.53,31200
2004-07-01 16:00:00-04:00,12.53,12.65,12.53,12.55,48900
2004-07-02 16:00:00-04:00,12.57,12.79,12.57,12.65,57800
2004-07-06 16:00:00-04:00,12.75,12.75,12.56,12.66,23800
2004-07-07 16:00:00-04:00,12.69,12.79,12.66,12.75,32100
2004-07-08 16:00:00-04:00,12.76,12.85,12.75,12.84,26100
2004-07-09 16:00:00-04:00,12.86,12.98,12.8,12.96,47200
2004-07-12 16:00:00-04:00,12.97,12.98,12.87,12.89,47600
2004-07-13 16:00:00-04:00,12.93,12.93,12.77,12.82,42000
2004-07-14 16:00:00-04:00,12.87,12.92,12.8,12.83,45000
2004-07-15 16:00:00-04:00,12.85,12.91,12.8,12.83,45400
2004-07-16 16:00:00-04:00,12.84,12.96,12.84,12.96,20800
2004-07-19 16:00:00-04:00,12.95,13.0,12.9,13.0,49700
2004-07-20 16:00:00-04:00,13.0,13.09,13.0,13.09,65900
2004-07-21 16:00:00-04:00,13.02,13.09,12.97,13.08,38800
2004-07-22 16:00:00-04:00,12.93,13.1,12.9,13.09,51800
2004-07-23 16:00:00-04:00,13.04,13.07,12.99,12.99,32300
2004-07-26 16:00:00-04:00,12.98,13.2,12.98,13.11,30800
2004-07-27 16:00:00-04:00,13.07,13.07,12.96,12.96,27200
2004-07-28 16:00:00-04:00,12.96,13.1,12.87,13.04,34300
2004-07-29 16:00:00-04:00,13.09,13.15,12.98,13.15,23500
2004-07-30 16:00:00-04:00,13.24,13.26,13.05,13.26,15800
2004-08-02 16:00:00-04:00,13.35,13.45,13.22,13.33,58700
2004-08-03 16:00:00-04:00,13.36,13.43,13.28,13.34,50700
2004-08-04 16:00:00-04:00,13.35,13.37,13.31,13.37,17100
2004-08-05 16:00:00-04:00,13.37,13.4,13.27,13.36,21900
2004-08-06 16:00:00-04:00,13.38,13.4,12.43,13.34,165200
2004-08-09 16:00:00-04:00,13.4,13.42,13.27,13.4,69600
2004-08-10 16:00:00-04:00,13.45,13.49,13.33,13.39,33900
2004-08-11 16:00:00-04:00,13.38,13.42,13.31,13.4,46300
2004-08-12 16:00:00-04:00,13.35,13.44,13.35,13.44,14600
2004-08-13 16:00:00-04:00,13.39,13.48,13.38,13.4,22800
2004-08-16 16:00:00-04:00,13.48,13.62,13.41,13.62,33900
2004-08-17 16:00:00-04:00,13.68,13.69,13.36,13.55,76200
2004-08-18 16:00:00-04:00,13.55,13.56,13.4,13.56,40600
2004-08-19 16:00:00-04:00,13.59,13.68,13.53,13.55,44200
2004-08-20 16:00:00-04:00,13.55,13.65,13.5,13.5,36700
2004-08-23 16:00:00-04:00,13.58,13.61,13.46,13.51,29900
2004-08-24 16:00:00-04:00,13.5,13.5,13.38,13.5,40400
2004-08-25 16:00:00-04:00,13.45,13.65,13.4,13.58,48000
2004-08-26 16:00:00-04:00,13.64,13.7,13.55,13.65,47900
2004-08-27 16:00:00-04:00,13.61,13.77,13.57,13.74,21800
2004-08-30 16:00:00-04:00,13.7,13.74,13.51,13.61,40200
2004-08-31 16:00:00-04:00,13.53,13.76,13.53,13.76,35100
2004-09-01 16:00:00-04:00,13.65,13.73,13.59,13.64,45900
2004-09-02 16:00:00-04:00,13.6,13.75,13.6,13.75,37400
2004-09-03 16:00:00-04:00,13.65,13.74,13.57,13.67,20200
2004-09-07 16:00:00-04:00,13.64,13.74,13.61,13.67,34000
2004-09-08 16:00:00-04:00,13.61,13.72,13.6,13.72,29600
2004-09-09 16:00:00-04:00,13.74,13.74,13.6,13.68,42700
2004-09-10 16:00:00-04:00,13.72,13.79,13.66,13.74,28900
2004-09-13 16:00:00-04:00,13.74,13.87,13.74,13.77,46800
2004-09-14 16:00:00-04:00,13.72,13.83,13.7,13.83,28200
2004-09-15 16:00:00-04:00,13.72,13.85,13.67,13.83,27700
2004-09-16 16:00:00-04:00,13.65,13.95,13.45,13.45,143100
2004-09-17 16:00:00-04:00,13.55,13.73,13.55,13.73,57600
2004-09-20 16:00:00-04:00,13.74,13.78,13.66,13.76,35900
2004-09-21 16:00:00-04:00,13.72,13.79,13.66,13.78,52100
2004-09-22 16:00:00-04:00,13.76,13.84,13.75,13.81,45300
2004-09-23 16:00:00-04:00,13.7,13.79,13.67,13.68,46400
2004-09-24 16:00:00-04:00,13.73,13.85,13.69,13.85,45500
2004-09-27 16:00:00-04:00,13.8,13.88,13.8,13.84,25400
2004-09-28 16:00:00-04:00,13.86,13.91,13.79,13.81,47600
2004-09-29 16:00:00-04:00,13.79,13.87,13.72,13.75,44600
2004-09-30 16:00:00-04:00,13.76,13.85,13.75,13.83,22600
2004-10-01 16:00:00-04:00,13.83,13.85,13.74,13.85,20400
2004-10-04 16:00:00-04:00,13.87,13.87,13.73,13.84,57100
2004-10-05 16:00:00-04:00,13.82,13.82,13.6,13.69,40900
2004-10-06 16:00:00-04:00,13.73,13.79,13.71,13.78,36000
2004-10-07 16:00:00-04:00,13.71,13.82,13.69,13.69,29600
2004-10-08 16:00:00-04:00,13.69,13.75,13.69,13.75,20900
2004-10-11 16:00:00-04:00,13.73,13.8,13.7,13.8,33000
2004-10-12 16:00:00-04:00,13.74,13.88,13.73,13.88,25700
2004-10-13 16:00:00-04:00,13.72,13.88,13.72,13.88,30600
2004-10-14 16:00:00-04:00,13.82,13.9,13.79,13.79,32800
2004-10-15 16:00:00-04:00,13.85,13.9,13.76,13.82,27500
2004-10-18 16:00:00-04:00,13.84,13.84,13.77,13.84,26900
2004-10-19 16:00:00-04:00,13.81,13.84,13.77,13.77,31200
2004-10-20 16:00:00-04:00,13.77,13.86,13.76,13.82,33000
2004-10-21 16:00:00-04:00,13.73,13.8,13.67,13.72,45300
2004-10-22 16:00:00-04:00,13.7,13.72,13.63,13.65,30600
2004-10-25 16:00:00-04:00,13.66,13.72,13.62,13.64,42400
2004-10-26 16:00:00-04:00,13.59,13.69,13.56,13.63,62800
2004-10-27 16:00:00-04:00,13.62,13.64,13.53,13.61,57600
2004-10-28 16:00:00-04:00,13.55,13.65,13.52,13.65,38400
2004-10-29 16:00:00-04:00,13.66,13.7,13.59,13.7,27100
2004-11-01 16:00:00-05:00,13.6,13.78,13.6,13.68,47200
2004-11-02 16:00:00-05:00,13.63,13.8,13.63,13.8,43400
2004-11-03 16:00:00-05:00,13.77,13.79,13.66,13.73,31500
2004-11-04 16:00:00-05:00,13.8,13.84,13.71,13.72,34900
2004-11-05 16:00:00-05:00,13.65,13.69,13.46,13.47,45500
2004-11-08 16:00:00-05:00,13.45,13.47,13.2,13.21,58700
2004-11-09 16:00:00-05:00,13.25,13.39,13.18,13.25,48300
2004-11-10 16:00:00-05:00,13.28,13.33,13.23,13.26,20000
2004-11-11 16:00:00-05:00,13.24,13.29,13.23,13.25,50100
2004-11-12 16:00:00-05:00,13.25,13.34,13.25,13.32,47800
2004-11-15 16:00:00-05:00,13.3,13.39,13.3,13.39,34200
2004-11-16 16:00:00-05:00,13.27,13.37,13.27,13.37,72200
2004-11-17 16:00:00-05:00,13.4,13.45,13.35,13.43,62300
2004-11-18 16:00:00-05:00,13.35,13.46,13.35,13.43,61300
2004-11-19 16:00:00-05:00,13.4,13.43,13.28,13.41,51800
2004-11-22 16:00:00-05:00,13.67,13.67,13.34,13.47,59300
2004-11-23 16:00:00-05:00,13.24,13.47,13.2,13.26,59100
2004-11-24 16:00:00-05:00,13.34,13.34,13.2,13.21,48000
2004-11-26 16:00:00-05:00,13.2,13.28,13.2,13.22,20800
2004-11-29 16:00:00-05:00,13.26,13.28,13.09,13.13,62300
2004-11-30 16:00:00-05:00,13.13,13.25,13.08,13.2,81500
2004-12-01 16:00:00-05:00,13.16,13.27,13.15,13.24,40100
2004-12-02 16:00:00-05:00,13.16,13.23,12.98,13.01,112900
2004-12-03 16:00:00-05:00,13.01,13.2,13.0,13.15,60900
2004-12-06 16:00:00-05:00,13.15,13.2,13.05,13.19,45200
2004-12-07 16:00:00-05:00,13.1,13.24,13.07,13.22,90900
2004-12-08 16:00:00-05:00,13.17,13.25,13.11,13.12,103300
2004-12-09 16:00:00-05:00,13.09,13.13,13.05,13.08,100900
2004-12-10 16:00:00-05:00,13.14,13.18,13.07,13.16,60400
2004-12-13 16:00:00-05:00,13.13,13.2,13.09,13.16,68500
2004-12-14 16:00:00-05:00,13.15,13.17,13.09,13.12,61800
2004-12-15 16:00:00-05:00,13.23,13.23,13.12,13.17,56100
2004-12-16 16:00:00-05:00,13.13,13.18,13.12,13.18,76500
2004-12-17 16:00:00-05:00,13.14,13.27,13.13,13.25,81300
2004-12-20 16:00:00-05:00,13.23,13.24,13.15,13.2,59200
2004-12-21 16:00:00-05:00,13.22,13.24,13.15,13.15,86200
2004-12-22 16:00:00-05:00,13.08,13.19,13.06,13.12,81900
2004-12-23 16:00:00-05:00,13.06,13.15,13.02,13.02,100600
2004-12-27 16:00:00-05:00,13.04,13.05,12.97,13.01,75200
2004-12-28 16:00:00-05:00,13.01,13.08,12.98,13.08,75500
2004-12-29 16:00:00-05:00,13.04,13.13,13.01,13.08,99400
2004-12-30 16:00:00-05:00,13.07,13.2,13.05,13.15,70400
2004-12-31 16:00:00-05:00,13.16,13.2,13.08,13.1,69100
2005-01-03 16:00:00-05:00,13.15,13.22,13.13,13.16,35700
2005-01-04 16:00:00-05:00,13.18,13.2,13.09,13.15,54800
2005-01-05 16:00:00-05:00,13.16,13.22,13.12,13.22,44300
2005-01-06 16:00:00-05:00,13.17,13.25,13.11,13.25,66000
2005-01-07 16:00:00-05:00,13.26,13.32,13.25,13.3,35700
2005-01-10 16:00:00-05:00,13.33,13.37,13.31,13.31,32100
2005-01-11 16:00:00-05:00,13.3,13.44,13.3,13.44,27100
2005-01-12 16:00:00-05:00,13.47,13.49,13.32,13.32,55600
2005-01-13 16:00:00-05:00,13.33,13.44,13.32,13.42,29800
2005-01-14 16:00:00-05:00,13.44,13.45,13.35,13.35,40300
2005-01-18 16:00:00-05:00,13.4,13.45,13.35,13.42,22600
2005-01-19 16:00:00-05:00,13.45,13.51,13.43,13.51,141700
2005-01-20 16:00:00-05:00,13.47,13.58,13.46,13.58,25300
2005-01-21 16:00:00-05:00,13.55,13.62,13.54,13.61,41800
2005-01-24 16:00:00-05:00,13.52,13.61,13.49,13.6,41600
2005-01-25 16:00:00-05:00,13.51,13.61,13.51,13.6,30800
2005-01-26 16:00:00-05:00,13.56,13.56,13.42,13.5,37500
2005-01-27 16:00:00-05:00,13.49,13.52,13.4,13.42,41900
2005-01-28 16:00:00-05:00,13.45,13.52,13.41,13.5,31800
2005-01-31 16:00:00-05:00,13.5,13.57,13.44,13.57,31300
2005-02-01 16:00:00-05:00,13.6,13.64,13.5,13.58,40600
2005-02-02 16:00:00-05:00,13.5,13.65,13.5,13.63,37300
2005-02-03 16:00:00-05:00,13.64,13.67,13.58,13.67,16900
2005-02-04 16:00:00-05:00,13.7,13.8,13.7,13.8,37900
2005-02-07 16:00:00-05:00,13.73,13.83,13.61,13.75,42800
2005-02-08 16:00:00-05:00,13.72,13.77,13.68,13.68,35300
2005-02-09 16:00:00-05:00,13.74,13.8,13.68,13.76,30700
2005-02-10 16:00:00-05:00,13.81,13.83,13.695,13.7,24500
2005-02-11 16:00:00-05:00,13.77,13.88,13.7,13.82,51500
2005-02-14 16:00:00-05:00,13.77,13.85,13.75,13.75,27400
2005-02-15 16:00:00-05:00,13.72,13.8,13.7,13.8,18600
2005-02-16 16:00:00-05:00,13.8,13.8,13.68,13.7,46900
2005-02-17 16:00:00-05:00,13.7,13.7,13.6,13.64,21100
2005-02-18 16:00:00-05:00,13.64,13.65,13.53,13.63,28100
2005-02-22 16:00:00-05:00,13.7,13.8,13.47,13.48,43800
2005-02-23 16:00:00-05:00,13.49,13.54,13.43,13.43,50100
2005-02-24 16:00:00-05:00,13.32,13.57,13.32,13.51,31000
2005-02-25 16:00:00-05:00,13.46,13.64,13.46,13.64,39700
2005-02-28 16:00:00-05:00,13.68,13.68,13.55,13.63,36200
2005-03-01 16:00:00-05:00,13.6,13.68,13.59,13.68,31400
2005-03-02 16:00:00-05:00,13.64,13.67,13.62,13.62,40600
2005-03-03 16:00:00-05:00,13.59,13.74,13.59,13.65,28600
2005-03-04 16:00:00-05:00,13.55,13.69,13.55,13.67,26100
2005-03-07 16:00:00-05:00,13.69,13.78,13.66,13.68,35100
2005-03-08 16:00:00-05:00,13.7,13.73,13.62,13.73,36700
2005-03-09 16:00:00-05:00,13.64,13.7,13.52,13.53,66300
2005-03-10 16:00:00-05:00,13.47,13.58,13.46,13.58,45400
2005-03-11 16:00:00-05:00,13.5,13.6,13.5,13.54,13900
2005-03-14 16:00:00-05:00,13.53,13.54,13.35,13.36,21700
2005-03-15 16:00:00-05:00,13.32,13.43,13.27,13.38,54100
2005-03-16 16:00:00-05:00,13.26,13.37,13.24,13.36,39000
2005-03-17 16:00:00-05:00,13.36,13.44,13.32,13.43,33600
2005-03-18 16:00:00-05:00,13.4,13.4,13.28,13.354,23400
2005-03-21 16:00:00-05:00,13.37,13.39,13.26,13.31,57400
2005-03-22 16:00:00-05:00,13.36,13.36,13.21,13.29,47700
2005-03-23 16:00:00-05:00,13.21,13.21,12.96,13.0,63800
2005-03-24 16:00:00-05:00,12.97,13.14,12.95,13.06,47300
2005-03-28 16:00:00-05:00,12.95,13.1,12.95,12.95,40900
2005-03-29 16:00:00-05:00,12.95,13.14,12.95,13.14,48200
2005-03-30 16:00:00-05:00,13.06,13.18,13.03,13.18,27800
2005-03-31 16:00:00-05:00,13.14,13.22,13.1,13.11,43200
2005-04-01 16:00:00-05:00,13.12,13.25,13.12,13.18,36500
2005-04-04 16:00:00-04:00,13.22,13.29,13.14,13.17,37600
2005-04-05 16:00:00-04:00,13.15,13.23,13.15,13.23,26000
2005-04-06 16:00:00-04:00,13.21,13.36,13.2,13.26,18400
2005-04-07 16:00:00-04:00,13.29,13.33,13.22,13.32,27800
2005-04-08 16:00:00-04:00,13.26,13.27,13.15,13.27,21900
2005-04-11 16:00:00-04:00,13.27,13.27,13.13,13.21,18100
2005-04-12 16:00:00-04:00,13.25,13.28,13.15,13.28,32400
2005-04-13 16:00:00-04:00,13.28,13.43,13.22,13.31,24500
2005-04-14 16:00:00-04:00,13.28,13.34,13.23,13.23,36900
2005-04-15 16:00:00-04:00,13.31,13.37,13.31,13.32,25100
2005-04-18 16:00:00-04:00,13.38,13.39,13.28,13.39,22800
2005-04-19 16:00:00-04:00,13.39,13.4,13.36,13.36,43400
2005-04-20 16:00:00-04:00,13.31,13.39,13.26,13.26,23500
2005-04-21 16:00:00-04:00,13.18,13.28,13.18,13.2,28700
2005-04-22 16:00:00-04:00,13.2,13.32,13.2,13.26,28600
2005-04-25 16:00:00-04:00,13.33,13.36,13.24,13.27,27500
2005-04-26 16:00:00-04:00,13.27,13.39,13.23,13.38,31300
2005-04-27 16:00:00-04:00,13.31,13.39,13.31,13.36,18800
2005-04-28 16:00:00-04:00,13.36,13.45,13.35,13.45,22500
2005-04-29 16:00:00-04:00,13.45,13.52,13.43,13.46,14700
2005-05-02 16:00:00-04:00,13.52,13.52,13.41,13.45,28000
2005-05-03 16:00:00-04:00,13.45,13.49,13.4,13.47,14000
2005-05-04 16:00:00-04:00,13.5,13.52,13.45,13.46,17200
2005-05-05 16:00:00-04:00,13.49,13.51,13.44,13.48,15600
2005-05-06 16:00:00-04:00,13.45,13.59,13.38,13.4,79500
2005-05-09 16:00:00-04:00,13.36,13.47,13.36,13.4,26300
2005-05-10 16:00:00-04:00,13.41,13.46,13.38,13.38,44600
2005-05-11 16:00:00-04:00,13.37,13.5,13.37,13.47,19500
2005-05-12 16:00:00-04:00,13.55,13.55,13.45,13.45,54300
2005-05-13 16:00:00-04:00,13.47,13.53,13.47,13.53,26300
2005-05-16 16:00:00-04:00,13.53,13.55,13.48,13.54,45400
2005-05-17 16:00:00-04:00,13.5,13.58,13.49,13.58,51600
2005-05-18 16:00:00-04:00,13.58,13.62,13.55,13.59,52500
2005-05-19 16:00:00-04:00,13.55,13.63,13.55,13.63,55300
2005-05-20 16:00:00-04:00,13.6,13.62,13.5,13.55,43500
2005-05-23 16:00:00-04:00,13.53,13.59,13.53,13.56,51400
2005-05-24 16:00:00-04:00,13.47,13.55,13.35,13.38,67000
2005-05-25 16:00:00-04:00,13.42,13.45,13.4,13.4,64000
2005-05-26 16:00:00-04:00,13.4,13.44,13.34,13.38,54900
2005-05-27 16:00:00-04:00,13.4,13.44,13.39,13.44,32900
2005-05-31 16:00:00-04:00,13.45,13.48,13.4,13.48,76700
2005-06-01 16:00:00-04:00,13.52,13.57,13.45,13.54,71600
2005-06-02 16:00:00-04:00,13.5,13.58,13.5,13.52,32900
2005-06-03 16:00:00-04:00,13.6,13.6,13.52,13.58,37200
2005-06-06 16:00:00-04:00,13.57,13.57,13.46,13.5,72800
2005-06-07 16:00:00-04:00,13.5,13.57,13.47,13.49,62400
2005-06-08 16:00:00-04:00,13.48,13.6,13.47,13.6,28700
2005-06-09 16:00:00-04:00,13.56,13.61,13.46,13.61,46600
2005-06-10 16:00:00-04:00,13.53,13.62,13.5,13.6,42800
2005-06-13 16:00:00-04:00,13.53,13.63,13.47,13.63,60800
2005-06-14 16:00:00-04:00,13.5,13.61,13.49,13.59,39100
2005-06-15 16:00:00-04:00,13.59,13.65,13.51,13.6,62000
2005-06-16 16:00:00-04:00,13.59,13.89,13.5,13.89,68200
2005-06-17 16:00:00-04:00,13.85,13.86,13.74,13.84,55300
2005-06-20 16:00:00-04:00,13.85,13.89,13.7,13.88,40600
2005-06-21 16:00:00-04:00,13.86,13.95,13.8,13.94,50900
2005-06-22 16:00:00-04:00,13.95,13.99,13.91,13.99,44600
2005-06-23 16:00:00-04:00,13.98,14.0,13.84,14.0,56300
2005-06-24 16:00:00-04:00,14.0,14.08,13.92,14.03,37800
2005-06-27 16:00:00-04:00,14.03,14.04,13.82,14.02,47600
2005-06-28 16:00:00-04:00,13.94,13.98,13.85,13.98,64100
2005-06-29 16:00:00-04:00,13.9,13.99,13.85,13.99,51000
2005-06-30 16:00:00-04:00,13.95,14.0,13.92,13.98,28700
2005-07-01 16:00:00-04:00,14.0,14.04,13.86,13.93,28900
2005-07-05 16:00:00-04:00,13.94,13.95,13.81,13.9,59400
2005-07-06 16:00:00-04:00,13.85,14.0,13.84,13.99,35000
2005-07-07 16:00:00-04:00,13.92,14.0,13.92,14.0,29700
2005-07-08 16:00:00-04:00,13.88,14.04,13.88,14.04,49900
2005-07-11 16:00:00-04:00,13.95,14.04,13.94,14.0,78600
2005-07-12 16:00:00-04:00,14.0,14.04,13.95,13.99,59900
2005-07-13 16:00:00-04:00,14.03,14.03,13.96,14.02,38800
2005-07-14 16:00:00-04:00,13.97,14.01,13.9,13.98,56100
2005-07-15 16:00:00-04:00,13.92,13.98,13.9,13.98,38400
2005-07-18 16:00:00-04:00,13.95,13.97,13.9,13.92,52100
2005-07-19 16:00:00-04:00,13.93,13.98,13.88,13.98,51500
2005-07-20 16:00:00-04:00,13.92,14.04,13.91,14.04,23900
2005-07-21 16:00:00-04:00,13.95,14.0,13.88,13.91,54400
2005-07-22 16:00:00-04:00,13.9,13.99,13.9,13.99,32900
2005-07-25 16:00:00-04:00,13.99,14.02,13.9,13.98,61000
2005-07-26 16:00:00-04:00,13.98,13.98,13.87,13.9,49700
2005-07-27 16:00:00-04:00,13.98,13.98,13.87,13.96,39400
2005-07-28 16:00:00-04:00,13.93,13.95,13.86,13.94,31300
2005-07-29 16:00:00-04:00,13.9,13.98,13.88,13.95,26300
2005-08-01 16:00:00-04:00,13.9,13.96,13.87,13.9,15400
2005-08-02 16:00:00-04:00,13.94,14.0,13.88,13.96,39600
2005-08-03 16:00:00-04:00,13.96,13.99,13.85,13.9,53900
2005-08-04 16:00:00-04:00,13.86,13.93,13.85,13.9,23800
2005-08-05 16:00:00-04:00,13.91,13.91,13.81,13.87,31100
2005-08-08 16:00:00-04:00,13.87,13.87,13.75,13.79,34900
2005-08-09 16:00:00-04:00,13.8,13.83,13.75,13.82,43600
2005-08-10 16:00:00-04:00,13.83,13.89,13.83,13.87,22000
2005-08-11 16:00:00-04:00,13.89,13.93,13.84,13.93,18500
2005-08-12 16:00:00-04:00,13.92,13.96,13.92,13.96,16400
2005-08-15 16:00:00-04:00,13.96,14.0,13.92,14.0,36000
2005-08-16 16:00:00-04:00,13.95,14.04,13.9,14.0,45200
2005-08-17 16:00:00-04:00,14.13,14.13,14.0,14.02,16900
2005-08-18 16:00:00-04:00,14.05,14.08,14.02,14.03,32000
2005-08-19 16:00:00-04:00,14.05,14.05,13.99,14.02,23800
2005-08-22 16:00:00-04:00,14.02,14.03,13.93,14.01,38000
2005-08-23 16:00:00-04:00,14.0,14.0,13.9,13.98,46600
2005-08-24 16:00:00-04:00,13.94,13.98,13.7,13.87,59300
2005-08-25 16:00:00-04:00,13.85,13.9,13.79,13.87,38000
2005-08-26 16:00:00-04:00,13.87,13.92,13.84,13.88,22700
2005-08-29 16:00:00-04:00,13.86,13.93,13.8,13.87,28700
2005-08-30 16:00:00-04:00,13.88,13.89,13.78,13.85,50800
2005-08-31 16:00:00-04:00,13.85,13.87,13.65,13.74,89800
2005-09-01 16:00:00-04:00,13.77,13.86,13.74,13.86,63400
2005-09-02 16:00:00-04:00,13.83,13.95,13.82,13.95,30900
2005-09-06 16:00:00-04:00,13.92,14.02,13.9,14.0,45000
2005-09-07 16:00:00-04:00,13.97,14.08,13.94,14.08,40700
2005-09-08 16:00:00-04:00,14.08,14.1,13.96,14.05,52200
2005-09-09 16:00:00-04:00,14.05,14.1,14.0,14.04,30500
2005-09-12 16:00:00-04:00,14.02,14.08,13.97,14.06,36000
2005-09-13 16:00:00-04:00,14.04,14.12,14.04,14.12,39500
2005-09-14 16:00:00-04:00,14.13,14.13,14.03,14.1,53600
2005-09-15 16:00:00-04:00,14.07,14.14,14.05,14.12,41300
2005-09-16 16:00:00-04:00,14.14,14.14,14.01,14.08,50400
2005-09-19 16:00:00-04:00,14.1,14.13,14.02,14.11,31900
2005-09-20 16:00:00-04:00,14.12,14.13,14.04,14.09,40200
2005-09-21 16:00:00-04:00,14.05,14.14,14.05,14.09,16800
2005-09-22 16:00:00-04:00,14.0,14.03,13.94,13.95,35900
2005-09-23 16:00:00-04:00,13.95,13.98,13.9,13.98,29600
2005-09-26 16:00:00-04:00,13.99,13.99,13.81,13.94,42800
2005-09-27 16:00:00-04:00,13.87,13.9746,13.77,13.85,43200
2005-09-28 16:00:00-04:00,13.72,13.95,13.72,13.9,56600
2005-09-29 16:00:00-04:00,13.8,13.9,13.8,13.84,33900
2005-09-30 16:00:00-04:00,13.82,13.9,13.82,13.85,28600
2005-10-03 16:00:00-04:00,13.85,13.91,13.82,13.89,16100
2005-10-04 16:00:00-04:00,13.91,13.96,13.89,13.94,19100
2005-10-05 16:00:00-04:00,13.9,13.96,13.9,13.96,23400
2005-10-06 16:00:00-04:00,14.01,14.01,13.9,13.91,33200
2005-10-07 16:00:00-04:00,13.97,13.97,13.9,13.92,13300
2005-10-10 16:00:00-04:00,13.9,13.96,13.9,13.92,17800
2005-10-11 16:00:00-04:00,13.92,13.98,13.86,13.87,25900
2005-10-12 16:00:00-04:00,13.9,13.92,13.82,13.9,26400
2005-10-13 16:00:00-04:00,13.8,13.86,13.64,13.7,20900
2005-10-14 16:00:00-04:00,13.75,13.83,13.7,13.83,18900
2005-10-17 16:00:00-04:00,13.78,13.79,13.67,13.72,28700
2005-10-18 16:00:00-04:00,13.76,13.77,13.63,13.68,38900
2005-10-19 16:00:00-04:00,13.52,13.73,13.52,13.72,15800
2005-10-20 16:00:00-04:00,13.71,13.85,13.7,13.85,20200
2005-10-21 16:00:00-04:00,13.8,13.89,13.74,13.89,36700
2005-10-24 16:00:00-04:00,13.98,13.98,13.78,13.9,28400
2005-10-25 16:00:00-04:00,13.75,13.9,13.69,13.9,40900
2005-10-26 16:00:00-04:00,13.8999,13.9,13.59,13.6,34500
2005-10-27 16:00:00-04:00,13.65,13.72,13.57,13.58,19500
2005-10-28 16:00:00-04:00,13.54,13.63,13.54,13.63,19800
2005-10-31 16:00:00-05:00,13.6,13.64,13.56,13.62,16100
2005-11-01 16:00:00-05:00,13.55,13.67,13.52,13.52,17600
2005-11-02 16:00:00-05:00,13.5,13.65,13.47,13.63,27500
2005-11-03 16:00:00-05:00,13.65,13.69,13.6,13.69,38900
2005-11-04 16:00:00-05:00,13.61,13.63,13.46,13.49,44600
2005-11-07 16:00:00-05:00,13.66,13.66,13.49,13.49,20400
2005-11-08 16:00:00-05:00,13.49,13.61,13.47,13.55,26200
2005-11-09 16:00:00-05:00,13.54,13.56,13.44,13.49,8900
2005-11-10 16:00:00-05:00,13.5,13.52,13.31,13.42,55500
2005-11-11 16:00:00-05:00,13.35,13.43,13.28,13.4,22100
2005-11-14 16:00:00-05:00,13.35,13.3899,13.26,13.33,20900
2005-11-15 16:00:00-05:00,13.4,13.43,13.25,13.37,29800
2005-11-16 16:00:00-05:00,13.32,13.44,13.27,13.35,49100
2005-11-17 16:00:00-05:00,13.26,13.4,13.26,13.37,37600
2005-11-18 16:00:00-05:00,13.38,13.41,13.26,13.38,31900
2005-11-21 16:00:00-05:00,13.36,13.45,13.261,13.37,24700
2005-11-22 16:00:00-05:00,13.25,13.35,13.25,13.3,20800
2005-11-23 16:00:00-05:00,13.31,13.4,13.28,13.35,10400
2005-11-25 16:00:00-05:00,13.25,13.41,13.19,13.25,12500
2005-11-28 16:00:00-05:00,13.25,13.4,13.25,13.35,54600
2005-11-29 16:00:00-05:00,13.38,13.39,13.15,13.25,59700
2005-11-30 16:00:00-05:00,13.25,13.27,13.1,13.25,50400
2005-12-01 16:00:00-05:00,13.16,13.27,13.16,13.19,31300
2005-12-02 16:00:00-05:00,13.15,13.19,13.0,13.17,61500
2005-12-05 16:00:00-05:00,13.15,13.2,13.03,13.12,28600
2005-12-06 16:00:00-05:00,13.16,13.2,13.07,13.18,44300
2005-12-07 16:00:00-05:00,13.15,13.16,13.05,13.14,99000
2005-12-08 16:00:00-05:00,13.12,13.13,13.01,13.07,80100
2005-12-09 16:00:00-05:00,13.1299,13.22,13.08,13.161,103600
2005-12-12 16:00:00-05:00,13.11,13.21,13.06,13.07,63200
2005-12-13 16:00:00-05:00,13.06,13.17,13.04,13.04,63700
2005-12-14 16:00:00-05:00,13.04,13.12,13.01,13.09,46200
2005-12-15 16:00:00-05:00,13.02,13.24,12.91,13.06,128400
2005-12-16 16:00:00-05:00,12.95,13.12,12.95,13.11,64700
2005-12-19 16:00:00-05:00,13.14,13.18,13.02,13.05,48400
2005-12-20 16:00:00-05:00,13.1,13.13,12.98,13.05,35100
2005-12-21 16:00:00-05:00,13.02,13.14,13.02,13.06,46400
2005-12-22 16:00:00-05:00,13.05,13.13,12.91,12.96,112100
2005-12-23 16:00:00-05:00,12.94,13.1,12.92,13.09,67000
2005-12-27 16:00:00-05:00,13.01,13.1,13.0,13.08,75100
2005-12-28 16:00:00-05:00,13.09,13.17,13.03,13.17,68600
2005-12-29 16:00:00-05:00,13.17,13.25,13.15,13.17,60600
2005-12-30 16:00:00-05:00,13.15,13.3,13.15,13.28,99700
2006-01-03 16:00:00-05:00,13.34,13.35,13.28,13.35,40500
2006-01-04 16:00:00-05:00,13.33,13.42,13.33,13.42,49900
2006-01-05 16:00:00-05:00,13.42,13.55,13.34,13.55,23100
2006-01-06 16:00:00-05:00,13.51,13.57,13.46,13.57,41400
2006-01-09 16:00:00-05:00,13.62,13.66,13.53,13.61,31200
2006-01-10 16:00:00-05:00,13.53,13.64,13.45,13.46,60900
2006-01-11 16:00:00-05:00,13.44,13.6,13.44,13.5,29900
2006-01-12 16:00:00-05:00,13.44,13.55,13.44,13.5,55300
2006-01-13 16:00:00-05:00,13.54,13.63,13.52,13.58,37900
2006-01-17 16:00:00-05:00,13.6,13.6,13.48,13.56,21400
2006-01-18 16:00:00-05:00,13.56,13.63,13.5,13.62,30400
2006-01-19 16:00:00-05:00,13.57,13.7,13.57,13.69,31700
2006-01-20 16:00:00-05:00,13.7,13.77,13.68,13.75,27700
2006-01-23 16:00:00-05:00,13.73,13.79,13.67,13.79,28600
2006-01-24 16:00:00-05:00,13.79,13.79,13.65,13.75,47200
2006-01-25 16:00:00-05:00,13.59,13.75,13.59,13.721,37300
2006-01-26 16:00:00-05:00,13.77,13.7899,13.67,13.71,23100
2006-01-27 16:00:00-05:00,13.72,13.75,13.67,13.749,20500
2006-01-30 16:00:00-05:00,13.68,13.75,13.6,13.67,24500
2006-01-31 16:00:00-05:00,13.61,13.78,13.6,13.68,32300
2006-02-01 16:00:00-05:00,13.63,13.7988,13.63,13.73,18100
2006-02-02 16:00:00-05:00,13.77,13.79,13.66,13.74,17300
2006-02-03 16:00:00-05:00,13.73,13.77,13.58,13.63,59200
2006-02-06 16:00:00-05:00,13.7,13.77,13.64,13.65,25700
2006-02-07 16:00:00-05:00,13.69,13.7188,13.65,13.66,17400
2006-02-08 16:00:00-05:00,13.75,13.79,13.6,13.7101,30100
2006-02-09 16:00:00-05:00,13.79,13.79,13.65,13.66,49000
2006-02-10 16:00:00-05:00,13.75,13.79,13.67,13.76,18200
2006-02-13 16:00:00-05:00,13.78,13.794,13.63,13.75,22500
2006-02-14 16:00:00-05:00,13.76,13.76,13.67,13.68,16500
2006-02-15 16:00:00-05:00,13.65,13.75,13.5,13.68,35900
2006-02-16 16:00:00-05:00,13.62,13.68,13.57,13.67,44500
2006-02-17 16:00:00-05:00,13.62,13.67,13.62,13.66,40400
2006-02-21 16:00:00-05:00,13.68,13.79,13.66,13.73,33300
2006-02-22 16:00:00-05:00,13.74,13.78,13.67,13.76,49700
2006-02-23 16:00:00-05:00,13.73,13.75,13.63,13.7,18100
2006-02-24 16:00:00-05:00,13.6,13.77,13.6,13.77,17400
2006-02-27 16:00:00-05:00,13.77,13.8,13.68,13.78,31100
2006-02-28 16:00:00-05:00,13.81,13.9,13.75,13.9,38000
2006-03-01 16:00:00-05:00,13.9,14.0,13.9,13.98,18800
2006-03-02 16:00:00-05:00,13.85,13.98,13.77,13.88,31100
2006-03-03 16:00:00-05:00,13.95,13.95,13.71,13.8,21600
2006-03-06 16:00:00-05:00,13.67,13.83,13.59,13.67,32900
2006-03-07 16:00:00-05:00,13.52,13.71,13.52,13.65,15800
2006-03-08 16:00:00-05:00,13.69,13.75,13.65,13.75,6500
2006-03-09 16:00:00-05:00,13.71,13.78,13.7,13.7,21900
2006-03-10 16:00:00-05:00,13.79,13.8,13.69,13.74,12700
2006-03-13 16:00:00-05:00,13.75,13.8,13.61,13.65,38400
2006-03-14 16:00:00-05:00,13.61,13.7,13.59,13.66,27400
2006-03-15 16:00:00-05:00,13.71,13.71,13.56,13.56,27800
2006-03-16 16:00:00-05:00,13.69,13.74,13.62,13.71,60800
2006-03-17 16:00:00-05:00,13.58,13.72,13.58,13.72,20300
2006-03-20 16:00:00-05:00,13.65,13.83,13.65,13.76,39500
2006-03-21 16:00:00-05:00,13.67,13.8,13.55,13.75,37200
2006-03-22 16:00:00-05:00,13.67,13.73,13.6,13.7,30100
2006-03-23 16:00:00-05:00,13.57,13.68,13.57,13.6,16200
2006-03-24 16:00:00-05:00,13.68,13.82,13.62,13.76,38600
2006-03-27 16:00:00-05:00,13.83,13.85,13.65,13.74,31600
2006-03-28 16:00:00-05:00,13.73,13.84,13.7,13.8,25300
2006-03-29 16:00:00-05:00,13.71,13.9,13.71,13.9,23100
2006-03-30 16:00:00-05:00,13.77,13.87,13.73,13.77,49000
2006-03-31 16:00:00-05:00,13.88,13.95,13.7801,13.83,48600
2006-04-03 16:00:00-04:00,13.75,13.98,13.67,13.87,62400
2006-04-04 16:00:00-04:00,13.91,13.92,13.79,13.79,33500
2006-04-05 16:00:00-04:00,13.9,13.9,13.72,13.73,24100
2006-04-06 16:00:00-04:00,13.73,13.75,13.63,13.63,9700
2006-04-07 16:00:00-04:00,13.65,13.65,13.55,13.56,47200
2006-04-10 16:00:00-04:00,13.56,13.71,13.52,13.54,13300
2006-04-11 16:00:00-04:00,13.53,13.64,13.5,13.5,23500
2006-04-12 16:00:00-04:00,13.46,13.75,13.33,13.41,36100
2006-04-13 16:00:00-04:00,13.36,13.48,13.35,13.47,14500
2006-04-17 16:00:00-04:00,13.4,13.54,13.3,13.35,28800
2006-04-18 16:00:00-04:00,13.45,13.48,13.33,13.4,32200
2006-04-19 16:00:00-04:00,13.49,13.65,13.32,13.32,34100
2006-04-20 16:00:00-04:00,13.2,13.5,13.2,13.39,30300
2006-04-21 16:00:00-04:00,13.32,13.45,13.15,13.24,64100
2006-04-24 16:00:00-04:00,13.35,13.4,13.25,13.32,32600
2006-04-25 16:00:00-04:00,13.27,13.28,13.12,13.12,15000
2006-04-26 16:00:00-04:00,13.16,13.2,13.16,13.2,11800
2006-04-27 16:00:00-04:00,13.17,13.25,13.15,13.2,15500
2006-04-28 16:00:00-04:00,13.23,13.25,13.15,13.22,14500
2006-05-01 16:00:00-04:00,13.24,13.25,13.12,13.12,32100
2006-05-02 16:00:00-04:00,13.12,13.25,13.12,13.22,28000
2006-05-03 16:00:00-04:00,13.35,13.36,13.16,13.28,28200
2006-05-04 16:00:00-04:00,13.34,13.34,13.17,13.25,19300
2006-05-05 16:00:00-04:00,13.24,13.3,13.2,13.2601,22800
2006-05-08 16:00:00-04:00,13.3,13.33,13.19,13.25,40100
2006-05-09 16:00:00-04:00,13.33,13.33,13.25,13.3,18400
2006-05-10 16:00:00-04:00,13.34,13.36,13.26,13.3,26000
2006-05-11 16:00:00-04:00,13.05,13.28,13.05,13.15,69400
2006-05-12 16:00:00-04:00,13.29,13.29,13.13,13.17,12100
2006-05-15 16:00:00-04:00,13.28,13.28,13.09,13.2,27400
2006-05-16 16:00:00-04:00,13.25,13.27,13.24,13.26,17700
2006-05-17 16:00:00-04:00,13.3,13.3,13.2,13.25,20300
2006-05-18 16:00:00-04:00,13.3,13.32,13.21,13.32,23400
2006-05-19 16:00:00-04:00,13.42,13.42,13.22,13.29,42200
2006-05-22 16:00:00-04:00,13.38,13.38,13.22,13.32,17900
2006-05-23 16:00:00-04:00,13.35,13.4,13.17,13.3,40200
2006-05-24 16:00:00-04:00,13.35,13.36,13.18,13.27,32800
2006-05-25 16:00:00-04:00,13.28,13.32,13.21,13.3,28200
2006-05-26 16:00:00-04:00,13.25,13.32,13.23,13.32,18800
2006-05-30 16:00:00-04:00,13.32,13.37,13.24,13.25,24600
2006-05-31 16:00:00-04:00,13.35,13.36,13.26,13.3,16800
2006-06-01 16:00:00-04:00,13.35,13.37,13.28,13.34,19800
2006-06-02 16:00:00-04:00,13.35,13.45,13.3,13.41,36400
2006-06-05 16:00:00-04:00,13.4,13.44,13.35,13.37,30100
2006-06-06 16:00:00-04:00,13.49,13.5,13.29,13.39,32000
2006-06-07 16:00:00-04:00,13.45,13.48,13.36,13.45,27800
2006-06-08 16:00:00-04:00,13.48,13.49,13.29,13.36,25800
2006-06-09 16:00:00-04:00,13.45,13.478,13.3272,13.42,14000
2006-06-12 16:00:00-04:00,13.48,13.49,13.36,13.43,20200
2006-06-13 16:00:00-04:00,13.3201,13.43,13.22,13.27,28700
2006-06-14 16:00:00-04:00,13.37,13.49,13.29,13.3,45800
2006-06-15 16:00:00-04:00,13.4,13.4,13.31,13.38,28700
2006-06-16 16:00:00-04:00,13.48,13.4888,13.27,13.27,49700
2006-06-19 16:00:00-04:00,13.36,13.39,13.25,13.3,40900
2006-06-20 16:00:00-04:00,13.35,13.35,13.19,13.26,34300
2006-06-21 16:00:00-04:00,13.18,13.28,13.16,13.23,24800
2006-06-22 16:00:00-04:00,13.23,13.24,13.1801,13.2,13800
2006-06-23 16:00:00-04:00,13.24,13.25,13.15,13.19,33000
2006-06-26 16:00:00-04:00,13.25,13.33,13.12,13.12,19400
2006-06-27 16:00:00-04:00,13.17,13.34,13.08,13.15,24800
2006-06-28 16:00:00-04:00,13.1,13.21,13.1,13.19,30600
2006-06-29 16:00:00-04:00,13.17,13.25,13.12,13.21,17100
2006-06-30 16:00:00-04:00,13.15,13.28,13.15,13.28,27800
2006-07-03 16:00:00-04:00,13.22,13.29,13.22,13.29,13200
2006-07-05 16:00:00-04:00,13.31,13.39,13.31,13.33,16600
2006-07-06 16:00:00-04:00,13.33,13.39,13.32,13.33,38000
2006-07-07 16:00:00-04:00,13.41,13.44,13.33,13.4,24600
2006-07-10 16:00:00-04:00,13.44,13.44,13.36,13.44,28500
2006-07-11 16:00:00-04:00,13.44,13.44,13.3412,13.42,17700
2006-07-12 16:00:00-04:00,13.44,13.45,13.36,13.43,18100
2006-07-13 16:00:00-04:00,13.45,13.47,13.37,13.42,24500
2006-07-14 16:00:00-04:00,13.42,13.42,13.28,13.32,30500
2006-07-17 16:00:00-04:00,13.4,13.41,13.33,13.33,25400
2006-07-18 16:00:00-04:00,13.42,13.49,13.32,13.46,30900
2006-07-19 16:00:00-04:00,13.49,13.5,13.39,13.44,47800
2006-07-20 16:00:00-04:00,13.5,13.6,13.45,13.6,55300
2006-07-21 16:00:00-04:00,13.63,13.68,13.51,13.61,38600
2006-07-24 16:00:00-04:00,13.69,13.7,13.59,13.69,30500
2006-07-25 16:00:00-04:00,13.68,13.77,13.64,13.77,30400
2006-07-26 16:00:00-04:00,13.65,13.88,13.65,13.88,19500
2006-07-27 16:00:00-04:00,13.91,13.96,13.82,13.96,38500
2006-07-28 16:00:00-04:00,13.98,13.98,13.85,13.86,29400
2006-07-31 16:00:00-04:00,13.92,13.9899,13.87,13.97,32500
2006-08-01 16:00:00-04:00,13.97,14.0,13.92,13.92,45100
2006-08-02 16:00:00-04:00,13.96,14.0,13.9,13.98,31600
2006-08-03 16:00:00-04:00,13.99,14.0,13.91,13.92,28500
2006-08-04 16:00:00-04:00,13.96,14.15,13.96,14.08,29400
2006-08-07 16:00:00-04:00,14.25,14.25,13.93,14.02,38600
2006-08-08 16:00:00-04:00,14.07,14.074,13.94,13.95,26100
2006-08-09 16:00:00-04:00,14.04,14.14,13.9701,14.07,19400
2006-08-10 16:00:00-04:00,14.18,14.18,13.98,13.99,31600
2006-08-11 16:00:00-04:00,14.1,14.1,14.0,14.0,9000
2006-08-14 16:00:00-04:00,14.1,14.16,14.0,14.13,23300
2006-08-15 16:00:00-04:00,14.19,14.19,14.09,14.13,27200
2006-08-16 16:00:00-04:00,14.22,14.22,14.11,14.2,24900
2006-08-17 16:00:00-04:00,14.2,14.22,14.11,14.2,22900
2006-08-18 16:00:00-04:00,14.23,14.23,14.0701,14.18,25800
2006-08-21 16:00:00-04:00,14.21,14.21,14.04,14.17,30900
2006-08-22 16:00:00-04:00,14.22,14.23,14.11,14.21,32600
2006-08-23 16:00:00-04:00,14.22,14.22,14.0901,14.11,23500
2006-08-24 16:00:00-04:00,14.22,14.22,14.08,14.14,32300
2006-08-25 16:00:00-04:00,14.21,14.21,14.12,14.16,16600
2006-08-28 16:00:00-04:00,14.19,14.21,14.1,14.18,23100
2006-08-29 16:00:00-04:00,14.22,14.22,14.08,14.09,43800
2006-08-30 16:00:00-04:00,14.08,14.19,14.08,14.11,39600
2006-08-31 16:00:00-04:00,14.18,14.19,14.1,14.13,49900
2006-09-01 16:00:00-04:00,14.22,14.23,14.14,14.14,18200
2006-09-05 16:00:00-04:00,14.15,14.21,14.1101,14.2,29000
2006-09-06 16:00:00-04:00,14.18,14.18,14.1,14.12,23900
2006-09-07 16:00:00-04:00,14.18,14.19,14.12,14.19,20400
2006-09-08 16:00:00-04:00,14.19,14.21,14.13,14.17,23700
2006-09-11 16:00:00-04:00,14.23,14.24,14.15,14.24,20300
2006-09-12 16:00:00-04:00,14.24,14.25,14.17,14.17,21800
2006-09-13 16:00:00-04:00,14.26,14.27,14.18,14.27,15500
2006-09-14 16:00:00-04:00,14.27,14.29,14.2,14.21,21500
2006-09-15 16:00:00-04:00,14.21,14.34,14.21,14.34,14900
2006-09-18 16:00:00-04:00,14.35,14.35,14.17,14.28,42800
2006-09-19 16:00:00-04:00,14.34,14.34,14.23,14.34,31800
2006-09-20 16:00:00-04:00,14.34,14.35,14.26,14.33,42600
2006-09-21 16:00:00-04:00,14.17,14.33,14.17,14.3,16200
2006-09-22 16:00:00-04:00,14.39,14.43,14.27,14.32,18000
2006-09-25 16:00:00-04:00,14.38,14.42,14.28,14.33,30400
2006-09-26 16:00:00-04:00,14.53,14.53,14.32,14.39,34400
2006-09-27 16:00:00-04:00,14.47,14.49,14.38,14.46,34900
2006-09-28 16:00:00-04:00,14.29,14.46,14.29,14.45,25100
2006-09-29 16:00:00-04:00,14.45,14.45,14.3,14.38,17800
2006-10-02 16:00:00-04:00,14.47,14.47,14.3501,14.39,26300
2006-10-03 16:00:00-04:00,14.37,14.38,14.31,14.37,12900
2006-10-04 16:00:00-04:00,14.37,14.44,14.31,14.35,30700
2006-10-05 16:00:00-04:00,14.35,14.35,14.3,14.3,15500
2006-10-06 16:00:00-04:00,14.32,14.32,14.28,14.29,11900
2006-10-09 16:00:00-04:00,14.25,14.27,14.16,14.23,25100
2006-10-10 16:00:00-04:00,14.23,14.29,14.2,14.27,13800
2006-10-11 16:00:00-04:00,14.29,14.29,14.19,14.25,15600
2006-10-12 16:00:00-04:00,14.23,14.25,14.18,14.23,18700
2006-10-13 16:00:00-04:00,14.23,14.28,14.1,14.1,35500
2006-10-16 16:00:00-04:00,14.1,14.19,14.1,14.1101,10200
2006-10-17 16:00:00-04:00,14.11,14.24,14.1,14.1,22800
2006-10-18 16:00:00-04:00,14.1,14.18,14.02,14.12,19800
2006-10-19 16:00:00-04:00,14.05,14.21,14.01,14.13,17200
2006-10-20 16:00:00-04:00,14.3,14.3,14.04,14.13,36500
2006-10-23 16:00:00-04:00,14.17,14.21,14.11,14.2,27100
2006-10-24 16:00:00-04:00,14.17,14.18,14.05,14.11,12100
2006-10-25 16:00:00-04:00,14.15,14.18,14.1,14.18,10900
2006-10-26 16:00:00-04:00,14.18,14.24,14.1,14.11,22300
2006-10-27 16:00:00-04:00,14.18,14.23,14.1,14.19,33400
2006-10-30 16:00:00-05:00,14.15,14.21,14.15,14.21,13900
2006-10-31 16:00:00-05:00,14.24,14.24,14.12,14.22,13200
2006-11-01 16:00:00-05:00,14.23,14.24,14.15,14.24,19900
2006-11-02 16:00:00-05:00,14.21,14.23,14.13,14.2201,18000
2006-11-03 16:00:00-05:00,14.23,14.23,14.16,14.18,21700
2006-11-06 16:00:00-05:00,14.17,14.21,14.15,14.16,9700
2006-11-07 16:00:00-05:00,14.17,14.22,14.1612,14.19,9300
2006-11-08 16:00:00-05:00,14.15,14.23,14.15,14.2,15200
2006-11-09 16:00:00-05:00,14.21,14.23,14.1836,14.22,15100
2006-11-10 16:00:00-05:00,14.22,14.3,14.16,14.3,30100
2006-11-13 16:00:00-05:00,14.3,14.3,14.16,14.16,26000
2006-11-14 16:00:00-05:00,14.22,14.29,14.19,14.29,22800
2006-11-15 16:00:00-05:00,14.26,14.34,14.21,14.21,20000
2006-11-16 16:00:00-05:00,14.38,14.38,14.22,14.27,24700
2006-11-17 16:00:00-05:00,14.27,14.27,13.94,14.01,60200
2006-11-20 16:00:00-05:00,14.07,14.21,14.06,14.2,73800
2006-11-21 16:00:00-05:00,14.25,14.26,14.15,14.22,27800
2006-11-22 16:00:00-05:00,14.17,14.33,14.17,14.23,25900
2006-11-24 16:00:00-05:00,14.11,14.19,14.1,14.1301,17800
2006-11-27 16:00:00-05:00,14.14,14.21,14.1,14.2,43300
2006-11-28 16:00:00-05:00,14.11,14.18,14.06,14.16,31100
2006-11-29 16:00:00-05:00,14.19,14.19,14.09,14.1,43400
2006-11-30 16:00:00-05:00,14.09,14.1799,14.05,14.1799,39500
2006-12-01 16:00:00-05:00,14.17,14.19,14.12,14.1401,16100
2006-12-04 16:00:00-05:00,14.19,14.23,14.14,14.23,22300
2006-12-05 16:00:00-05:00,14.29,14.3,14.22,14.28,20600
2006-12-06 16:00:00-05:00,14.29,14.29,14.11,14.17,67700
2006-12-07 16:00:00-05:00,14.18,14.18,14.11,14.13,17900
2006-12-08 16:00:00-05:00,14.11,14.1112,13.98,13.98,37100
2006-12-11 16:00:00-05:00,13.97,14.0601,13.93,14.0099,48300
2006-12-12 16:00:00-05:00,13.94,14.03,13.94,14.01,31100
2006-12-13 16:00:00-05:00,13.94,13.99,13.87,13.87,19200
2006-12-14 16:00:00-05:00,13.85,13.91,13.72,13.75,33500
2006-12-15 16:00:00-05:00,13.83,13.87,13.8,13.87,35700
2006-12-18 16:00:00-05:00,13.87,13.87,13.81,13.85,28800
2006-12-19 16:00:00-05:00,13.72,13.86,13.65,13.79,43000
2006-12-20 16:00:00-05:00,13.68,13.8,13.68,13.75,37400
2006-12-21 16:00:00-05:00,13.75,13.81,13.66,13.81,41100
2006-12-22 16:00:00-05:00,13.83,13.83,13.67,13.82,38300
2006-12-26 16:00:00-05:00,13.84,13.84,13.72,13.73,18000
2006-12-27 16:00:00-05:00,13.7,13.82,13.7,13.81,22000
2006-12-28 16:00:00-05:00,13.74,13.7899,13.69,13.71,45400
2006-12-29 16:00:00-05:00,13.72,13.79,13.7,13.77,26400
2007-01-03 16:00:00-05:00,13.77,13.78,13.6436,13.78,37700
2007-01-04 16:00:00-05:00,13.82,13.88,13.76,13.85,26000
2007-01-05 16:00:00-05:00,13.85,13.87,13.78,13.83,35400
2007-01-08 16:00:00-05:00,13.79,13.88,13.79,13.85,14200
2007-01-09 16:00:00-05:00,13.81,13.9199,13.8,13.86,18600
2007-01-10 16:00:00-05:00,13.84,13.91,13.8,13.82,22400
2007-01-11 16:00:00-05:00,13.78,13.84,13.78,13.81,33600
2007-01-12 16:00:00-05:00,13.81,13.87,13.78,13.87,27100
2007-01-16 16:00:00-05:00,13.87,13.98,13.81,13.84,26700
2007-01-17 16:00:00-05:00,13.83,13.92,13.82,13.86,30000
2007-01-18 16:00:00-05:00,13.93,13.93,13.81,13.86,27000
2007-01-19 16:00:00-05:00,13.86,13.91,13.8,13.89,43600
2007-01-22 16:00:00-05:00,13.89,13.9101,13.79,13.8,25400
2007-01-23 16:00:00-05:00,13.84,13.89,13.81,13.89,17100
2007-01-24 16:00:00-05:00,13.89,13.89,13.77,13.79,14900
2007-01-25 16:00:00-05:00,13.75,13.84,13.75,13.79,20800
2007-01-26 16:00:00-05:00,13.86,13.86,13.73,13.77,24900
2007-01-29 16:00:00-05:00,13.73,13.76,13.65,13.7,57300
2007-01-30 16:00:00-05:00,13.72,13.74,13.67,13.7,47900
2007-01-31 16:00:00-05:00,13.7,13.74,13.6901,13.73,17900
2007-02-01 16:00:00-05:00,13.74,13.79,13.68,13.76,75000
2007-02-02 16:00:00-05:00,13.75,13.8,13.68,13.76,8600
2007-02-05 16:00:00-05:00,13.79,13.8,13.7,13.8,17700
2007-02-06 16:00:00-05:00,13.81,13.82,13.71,13.78,22700
2007-02-07 16:00:00-05:00,13.78,13.83,13.71,13.71,30100
2007-02-08 16:00:00-05:00,13.75,13.76,13.67,13.74,51400
2007-02-09 16:00:00-05:00,13.71,13.8,13.67,13.77,42500
2007-02-12 16:00:00-05:00,13.79,13.81,13.73,13.74,16000
2007-02-13 16:00:00-05:00,13.82,13.84,13.68,13.68,32600
2007-02-14 16:00:00-05:00,13.71,13.81,13.71,13.78,33534
2007-02-15 16:00:00-05:00,13.79,13.79,13.71,13.72,29600
2007-02-16 16:00:00-05:00,13.71,13.75,13.71,13.72,33800
2007-02-20 16:00:00-05:00,13.69,13.78,13.69,13.73,32600
2007-02-21 16:00:00-05:00,13.72,13.78,13.71,13.77,34300
2007-02-22 16:00:00-05:00,13.73,13.8,13.7,13.7,38000
2007-02-23 16:00:00-05:00,13.73,13.79,13.67,13.74,29200
2007-02-26 16:00:00-05:00,13.74,13.77,13.65,13.68,30000
2007-02-27 16:00:00-05:00,13.72,13.88,13.64,13.71,31300
2007-02-28 16:00:00-05:00,13.79,13.8,13.72,13.78,21900
2007-03-01 16:00:00-05:00,13.79,13.88,13.71,13.72,26667
2007-03-02 16:00:00-05:00,13.79,13.79,13.68,13.71,18600
2007-03-05 16:00:00-05:00,13.67,13.76,13.67,13.76,11200
2007-03-06 16:00:00-05:00,13.73,13.79,13.73,13.74,17700
2007-03-07 16:00:00-05:00,13.78,13.85,13.73,13.77,25100
2007-03-08 16:00:00-05:00,13.81,13.83,13.74,13.78,11800
2007-03-09 16:00:00-05:00,13.74,13.8,13.74,13.74,16400
2007-03-12 16:00:00-04:00,13.74,13.8,13.7299,13.75,19300
2007-03-13 16:00:00-04:00,13.79,13.8,13.71,13.73,39100
2007-03-14 16:00:00-04:00,13.78,13.78,13.71,13.71,13900
2007-03-15 16:00:00-04:00,13.78,13.78,13.7,13.7,15500
2007-03-16 16:00:00-04:00,13.75,13.8,13.71,13.73,26300
2007-03-19 16:00:00-04:00,13.72,13.79,13.72,13.73,29600
2007-03-20 16:00:00-04:00,13.79,13.85,13.71,13.8,29900
2007-03-21 16:00:00-04:00,13.84,13.84,13.72,13.72,31600
2007-03-22 16:00:00-04:00,13.77,13.81,13.75,13.76,9800
2007-03-23 16:00:00-04:00,13.76,13.85,13.74,13.74,25500
2007-03-26 16:00:00-04:00,13.74,13.83,13.74,13.75,36100
2007-03-27 16:00:00-04:00,13.79,13.82,13.7,13.76,33300
2007-03-28 16:00:00-04:00,13.77,13.82,13.73,13.78,17200
2007-03-29 16:00:00-04:00,13.72,13.79,13.68,13.74,22000
2007-03-30 16:00:00-04:00,13.77,13.79,13.64,13.7,27500
2007-04-02 16:00:00-04:00,13.7,13.76,13.67,13.7,21300
2007-04-03 16:00:00-04:00,13.7,13.75,13.67,13.69,24600
2007-04-04 16:00:00-04:00,13.69,13.75,13.66,13.69,20800
2007-04-05 16:00:00-04:00,13.69,13.82,13.66,13.82,30800
2007-04-09 16:00:00-04:00,13.75,13.85,13.75,13.81,55200
2007-04-10 16:00:00-04:00,13.77,13.87,13.77,13.8,26500
2007-04-11 16:00:00-04:00,13.83,13.87,13.79,13.84,34800
2007-04-12 16:00:00-04:00,13.85,13.91,13.81,13.82,31700
2007-04-13 16:00:00-04:00,13.85,13.94,13.84,13.85,35600
2007-04-16 16:00:00-04:00,13.94,13.95,13.84,13.84,34400
2007-04-17 16:00:00-04:00,13.89,13.91,13.77,13.77,32700
2007-04-18 16:00:00-04:00,13.88,13.88,13.77,13.79,19700
2007-04-19 16:00:00-04:00,13.81,13.94,13.81,13.94,22200
2007-04-20 16:00:00-04:00,13.95,14.03,13.9,13.93,39000
2007-04-23 16:00:00-04:00,13.98,14.07,13.92,13.92,35200
2007-04-24 16:00:00-04:00,14.0,14.05,13.85,13.92,31700
2007-04-25 16:00:00-04:00,13.97,14.04,13.93,13.95,16500
2007-04-26 16:00:00-04:00,14.03,14.03,13.88,13.88,25000
2007-04-27 16:00:00-04:00,13.94,13.98,13.89,13.92,9600
2007-04-30 16:00:00-04:00,13.96,13.99,13.9,13.9,30200
2007-05-01 16:00:00-04:00,13.96,14.04,13.9,14.01,19500
2007-05-02 16:00:00-04:00,14.0,14.05,13.97,13.98,15400
2007-05-03 16:00:00-04:00,14.07,14.08,13.98,13.99,28700
2007-05-04 16:00:00-04:00,14.09,14.11,13.98,13.98,13200
2007-05-07 16:00:00-04:00,14.02,14.07,13.95,13.96,29400
2007-05-08 16:00:00-04:00,13.91,14.12,13.9,14.0,45900
2007-05-09 16:00:00-04:00,14.05,14.05,13.97,14.01,12800
2007-05-10 16:00:00-04:00,14.08,14.08,13.96,13.96,25300
2007-05-11 16:00:00-04:00,14.08,14.1,13.95,14.0,34500
2007-05-14 16:00:00-04:00,14.0,14.11,13.96,14.02,25800
2007-05-15 16:00:00-04:00,14.02,14.14,13.94,13.96,22300
2007-05-16 16:00:00-04:00,13.93,14.04,13.93,13.96,34800
2007-05-17 16:00:00-04:00,13.99,14.01,13.87,14.0,41000
2007-05-18 16:00:00-04:00,14.0,14.02,13.94,13.94,24000
2007-05-21 16:00:00-04:00,13.99,14.09,13.95,13.95,79200
2007-05-22 16:00:00-04:00,14.08,14.08,13.93,13.99,23100
2007-05-23 16:00:00-04:00,13.99,14.03,13.8,13.89,52500
2007-05-24 16:00:00-04:00,13.86,14.0399,13.75,13.77,72100
2007-05-25 16:00:00-04:00,13.81,13.97,13.81,13.94,17400
2007-05-29 16:00:00-04:00,13.83,13.96,13.82,13.83,21400
2007-05-30 16:00:00-04:00,13.91,14.0,13.83,13.97,25800
2007-05-31 16:00:00-04:00,13.99,14.0,13.84,13.97,21100
2007-06-01 16:00:00-04:00,13.86,13.95,13.84,13.89,23000
2007-06-04 16:00:00-04:00,13.81,13.9299,13.8,13.89,24500
2007-06-05 16:00:00-04:00,13.8,13.92,13.8,13.85,17500
2007-06-06 16:00:00-04:00,13.91,14.02,13.81,13.91,11400
2007-06-07 16:00:00-04:00,13.91,13.91,13.66,13.7999,11500
2007-06-08 16:00:00-04:00,13.66,13.77,13.57,13.69,14800
2007-06-11 16:00:00-04:00,13.63,13.7,13.51,13.62,36600
2007-06-12 16:00:00-04:00,13.66,13.67,13.43,13.43,27700
2007-06-13 16:00:00-04:00,13.46,13.58,13.3304,13.5,32300
2007-06-14 16:00:00-04:00,13.53,13.57,13.48,13.48,18300
2007-06-15 16:00:00-04:00,13.55,13.55,13.44,13.45,30600
2007-06-18 16:00:00-04:00,13.42,13.7,13.42,13.57,28100
2007-06-19 16:00:00-04:00,13.64,13.7,13.5,13.53,16100
2007-06-20 16:00:00-04:00,13.69,13.83,13.62,13.7,13600
2007-06-21 16:00:00-04:00,13.61,14.14,13.44,13.65,45200
2007-06-22 16:00:00-04:00,13.71,13.71,13.47,13.49,16100
2007-06-25 16:00:00-04:00,13.62,13.64,13.47,13.58,26000
2007-06-26 16:00:00-04:00,13.63,13.64,13.45,13.49,20100
2007-06-27 16:00:00-04:00,13.4,13.6,13.4,13.41,15200
2007-06-28 16:00:00-04:00,13.43,13.56,13.39,13.48,27600
2007-06-29 16:00:00-04:00,13.47,13.6,13.42,13.5,38800
2007-07-02 16:00:00-04:00,13.46,13.61,13.45,13.61,19800
2007-07-03 16:00:00-04:00,13.63,13.65,13.55,13.55,8900
2007-07-05 16:00:00-04:00,13.5,13.55,13.4,13.4,26200
2007-07-06 16:00:00-04:00,13.53,13.53,13.4,13.4,14600
2007-07-09 16:00:00-04:00,13.44,13.44,13.36,13.36,35500
2007-07-10 16:00:00-04:00,13.49,13.49,13.32,13.46,72800
2007-07-11 16:00:00-04:00,13.4,13.45,13.32,13.34,20100
2007-07-12 16:00:00-04:00,13.35,13.39,13.3,13.31,23800
2007-07-13 16:00:00-04:00,13.36,13.36,13.27,13.27,40000
2007-07-16 16:00:00-04:00,13.26,13.46,13.17,13.29,47400
2007-07-17 16:00:00-04:00,13.31,13.38,13.26,13.3,32100
2007-07-18 16:00:00-04:00,13.35,13.42,13.22,13.24,35100
2007-07-19 16:00:00-04:00,13.21,13.3199,13.2,13.2,8600
2007-07-20 16:00:00-04:00,13.19,13.34,13.19,13.22,11800
2007-07-23 16:00:00-04:00,13.22,13.33,13.22,13.3,22700
2007-07-24 16:00:00-04:00,13.3,13.34,13.3,13.33,11800
2007-07-25 16:00:00-04:00,13.31,13.35,13.25,13.25,15700
2007-07-26 16:00:00-04:00,13.17,13.31,13.16,13.25,22300
2007-07-27 16:00:00-04:00,13.14,13.69,13.1,13.2,37000
2007-07-30 16:00:00-04:00,13.3,13.3,13.14,13.28,16800
2007-07-31 16:00:00-04:00,13.25,13.32,13.18,13.32,13300
2007-08-01 16:00:00-04:00,13.15,13.35,13.15,13.28,23300
2007-08-02 16:00:00-04:00,13.24,13.35,13.2001,13.2001,14500
2007-08-03 16:00:00-04:00,13.2,13.28,13.2,13.27,16400
2007-08-06 16:00:00-04:00,13.21,13.28,13.2,13.2599,11900
2007-08-07 16:00:00-04:00,13.25,13.35,13.23,13.32,8500
2007-08-08 16:00:00-04:00,13.3,13.32,13.2,13.22,12500
2007-08-09 16:00:00-04:00,13.24,13.37,13.16,13.22,21400
2007-08-10 16:00:00-04:00,13.3,13.3,13.07,13.23,27300
2007-08-13 16:00:00-04:00,13.15,13.24,13.09,13.09,17600
2007-08-14 16:00:00-04:00,13.1,13.1499,12.85,12.85,26400
2007-08-15 16:00:00-04:00,12.82,13.03,12.7,12.84,61200
2007-08-16 16:00:00-04:00,12.77,12.78,12.2,12.66,94900
2007-08-17 16:00:00-04:00,12.53,13.13,12.53,12.82,32800
2007-08-20 16:00:00-04:00,12.8,13.09,12.66,12.76,110400
2007-08-21 16:00:00-04:00,12.76,13.11,12.72,13.01,55800
2007-08-22 16:00:00-04:00,13.01,13.15,12.95,13.03,45000
2007-08-23 16:00:00-04:00,13.1,13.23,12.98,13.08,35900
2007-08-24 16:00:00-04:00,13.19,13.26,13.07,13.19,40100
2007-08-27 16:00:00-04:00,13.15,13.25,13.07,13.13,39400
2007-08-28 16:00:00-04:00,13.11,13.11,13.0,13.0,30700
2007-08-29 16:00:00-04:00,12.93,13.09,12.8924,13.05,25500
2007-08-30 16:00:00-04:00,13.01,13.1,12.99,13.06,21600
2007-08-31 16:00:00-04:00,13.06,13.15,13.06,13.07,20000
2007-09-04 16:00:00-04:00,13.09,13.2,13.09,13.15,19900
2007-09-05 16:00:00-04:00,13.15,13.28,13.15,13.22,31000
2007-09-06 16:00:00-04:00,13.2,13.35,13.19,13.22,22100
2007-09-07 16:00:00-04:00,13.28,13.4,13.2201,13.33,28000
2007-09-10 16:00:00-04:00,13.4,13.51,13.3301,13.48,44300
2007-09-11 16:00:00-04:00,13.44,13.4899,13.41,13.41,39600
2007-09-12 16:00:00-04:00,13.44,13.46,13.36,13.4,32700
2007-09-13 16:00:00-04:00,13.4,13.4,13.26,13.26,26700
2007-09-14 16:00:00-04:00,13.29,13.36,13.25,13.27,24200
2007-09-17 16:00:00-04:00,13.29,13.32,13.21,13.22,15500
2007-09-18 16:00:00-04:00,13.14,13.34,13.14,13.26,24300
2007-09-19 16:00:00-04:00,13.19,13.3888,13.18,13.25,34500
2007-09-20 16:00:00-04:00,13.19,13.34,13.11,13.11,24100
2007-09-21 16:00:00-04:00,13.25,13.27,13.14,13.25,47600
2007-09-24 16:00:00-04:00,13.19,13.26,13.17,13.26,22050
2007-09-25 16:00:00-04:00,13.19,13.2504,13.18,13.18,8000
2007-09-26 16:00:00-04:00,13.11,13.24,13.05,13.17,21300
2007-09-27 16:00:00-04:00,13.12,13.22,13.12,13.16,22700
2007-09-28 16:00:00-04:00,13.2,13.22,13.16,13.16,10500
2007-10-01 16:00:00-04:00,13.2,13.28,13.2,13.28,11000
2007-10-02 16:00:00-04:00,13.32,13.42,13.22,13.3,44000
2007-10-03 16:00:00-04:00,13.31,13.31,13.21,13.23,9500
2007-10-04 16:00:00-04:00,13.23,13.2808,13.13,13.13,29100
2007-10-05 16:00:00-04:00,13.14,13.14,13.13,13.13,4300
2007-10-08 16:00:00-04:00,13.11,13.13,13.0,13.03,49700
2007-10-09 16:00:00-04:00,13.01,13.19,13.01,13.04,19600
2007-10-10 16:00:00-04:00,13.16,13.36,13.12,13.32,87525
2007-10-11 16:00:00-04:00,13.34,13.35,13.2,13.2,38900
2007-10-12 16:00:00-04:00,13.29,13.3,13.2,13.2,26000
2007-10-15 16:00:00-04:00,13.3,13.33,13.1201,13.13,25600
2007-10-16 16:00:00-04:00,13.11,13.2,13.0,13.05,27900
2007-10-17 16:00:00-04:00,13.1,13.27,13.1,13.2,13700
2007-10-18 16:00:00-04:00,13.1,13.25,13.04,13.14,32400
2007-10-19 16:00:00-04:00,13.12,13.23,13.1,13.2,8100
2007-10-22 16:00:00-04:00,13.21,13.25,13.05,13.13,21900
2007-10-23 16:00:00-04:00,13.23,13.25,13.1,13.18,13400
2007-10-24 16:00:00-04:00,13.18,13.208,13.06,13.06,23900
2007-10-25 16:00:00-04:00,13.04,13.19,13.0,13.05,47484
2007-10-26 16:00:00-04:00,13.13,13.2,12.99,12.99,26900
2007-10-29 16:00:00-04:00,12.93,13.05,12.78,12.86,40000
2007-10-30 16:00:00-04:00,12.85,12.96,12.81,12.82,34500
2007-10-31 16:00:00-04:00,12.85,12.96,12.75,12.86,21400
2007-11-01 16:00:00-04:00,12.79,12.91,12.75,12.75,32500
2007-11-02 16:00:00-04:00,12.72,12.85,12.7162,12.77,19400
2007-11-05 16:00:00-05:00,12.76,12.83,12.75,12.78,31000
2007-11-06 16:00:00-05:00,12.84,13.01,12.75,12.85,36400
2007-11-07 16:00:00-05:00,12.85,12.85,12.776,12.8,35800
2007-11-08 16:00:00-05:00,12.79,12.82,12.77,12.78,23400
2007-11-09 16:00:00-05:00,13.08,13.08,12.65,12.74,50300
2007-11-12 16:00:00-05:00,12.73,12.74,12.5,12.65,47600
2007-11-13 16:00:00-05:00,12.77,12.8,12.5501,12.57,44300
2007-11-14 16:00:00-05:00,12.55,12.75,12.55,12.58,17200
2007-11-15 16:00:00-05:00,12.74,13.08,12.48,12.48,42527
2007-11-16 16:00:00-05:00,12.37,12.67,12.37,12.52,29701
2007-11-19 16:00:00-05:00,12.34,12.66,11.43,12.56,114801
2007-11-20 16:00:00-05:00,12.42,12.75,12.42,12.5,68000
2007-11-21 16:00:00-05:00,12.5,12.79,12.5,12.67,30300
2007-11-23 16:00:00-05:00,12.67,12.87,12.67,12.7599,9300
2007-11-26 16:00:00-05:00,12.85,12.94,12.65,12.72,21200
2007-11-27 16:00:00-05:00,12.69,12.84,12.61,12.61,41100
2007-11-28 16:00:00-05:00,12.63,12.68,12.48,12.48,65900
2007-11-29 16:00:00-05:00,12.55,12.91,12.51,12.55,33200
2007-11-30 16:00:00-05:00,12.58,12.8,12.51,12.62,64300
2007-12-03 16:00:00-05:00,12.62,12.96,12.6,12.66,102900
2007-12-04 16:00:00-05:00,12.63,12.89,12.63,12.75,58700
2007-12-05 16:00:00-05:00,12.74,12.85,12.69,12.76,68500
2007-12-06 16:00:00-05:00,12.76,12.87,12.7,12.72,48200
2007-12-07 16:00:00-05:00,12.7,12.77,12.67,12.68,48400
2007-12-10 16:00:00-05:00,12.72,12.8,12.66,12.7,68100
2007-12-11 16:00:00-05:00,12.75,12.84,12.72,12.83,92300
2007-12-12 16:00:00-05:00,12.67,12.92,12.66,12.68,141100
2007-12-13 16:00:00-05:00,12.9,12.9,12.56,12.57,131400
2007-12-14 16:00:00-05:00,12.57,12.64,12.5,12.5,137100
2007-12-17 16:00:00-05:00,12.64,12.64,12.48,12.55,129542
2007-12-18 16:00:00-05:00,12.55,12.65,12.51,12.6,83802
2007-12-19 16:00:00-05:00,12.51,12.76,12.51,12.59,188301
2007-12-20 16:00:00-05:00,12.59,12.73,12.59,12.65,132700
2007-12-21 16:00:00-05:00,12.88,12.88,12.61,12.61,181500
2007-12-24 16:00:00-05:00,12.9,13.55,12.64,12.79,82000
2007-12-26 16:00:00-05:00,12.89,12.89,12.68,12.69,127065
2007-12-27 16:00:00-05:00,12.63,12.8,12.59,12.63,203700
2007-12-28 16:00:00-05:00,12.64,12.89,12.57,12.73,172863
2007-12-31 16:00:00-05:00,12.74,12.95,12.74,12.86,123100
2008-01-02 16:00:00-05:00,13.07,13.18,12.89,13.02,33300
2008-01-03 16:00:00-05:00,13.11,13.27,12.93,13.22,60570
2008-01-04 16:00:00-05:00,13.2,13.46,13.2,13.28,48251
2008-01-07 16:00:00-05:00,13.39,14.29,13.37,13.41,67750
2008-01-08 16:00:00-05:00,13.43,13.55,13.4,13.55,37781
2008-01-09 16:00:00-05:00,13.45,13.54,13.42,13.47,28100
2008-01-10 16:00:00-05:00,13.53,13.53,13.43,13.46,34300
2008-01-11 16:00:00-05:00,13.44,13.61,13.44,13.54,18041
2008-01-14 16:00:00-05:00,13.6,13.7,13.56,13.61,43301
2008-01-15 16:00:00-05:00,13.61,13.73,13.54,13.63,40700
2008-01-16 16:00:00-05:00,13.6,13.74,13.6,13.74,27200
2008-01-17 16:00:00-05:00,13.94,13.94,13.52,13.52,53800
2008-01-18 16:00:00-05:00,13.47,13.56,13.13,13.22,96500
2008-01-22 16:00:00-05:00,13.24,13.44,13.11,13.39,31812
2008-01-23 16:00:00-05:00,13.2,13.67,13.2,13.67,39224
2008-01-24 16:00:00-05:00,13.56,13.66,13.56,13.61,16857
2008-01-25 16:00:00-05:00,13.6,13.61,13.5201,13.54,18600
2008-01-28 16:00:00-05:00,13.52,13.61,13.5,13.61,23700
2008-01-29 16:00:00-05:00,13.55,13.55,13.5,13.52,69707
2008-01-30 16:00:00-05:00,13.51,13.61,13.45,13.5601,25800
2008-01-31 16:00:00-05:00,13.2,13.66,13.2,13.62,28100
2008-02-01 16:00:00-05:00,13.62,13.64,13.526,13.55,20050
2008-02-04 16:00:00-05:00,13.52,13.63,13.5,13.58,21144
2008-02-05 16:00:00-05:00,14.06,14.06,13.5,13.5699,20600
2008-02-06 16:00:00-05:00,13.54,13.67,13.54,13.55,18700
2008-02-07 16:00:00-05:00,13.52,13.6399,13.52,13.61,6300
2008-02-08 16:00:00-05:00,13.52,13.67,13.52,13.63,18415
2008-02-11 16:00:00-05:00,13.62,13.76,13.6,13.64,19600
2008-02-12 16:00:00-05:00,13.62,13.79,13.62,13.68,28200
2008-02-13 16:00:00-05:00,13.74,13.76,13.26,13.32,167556
2008-02-14 16:00:00-05:00,13.22,13.25,12.99,12.99,172360
2008-02-15 16:00:00-05:00,13.05,13.05,12.74,12.92,138100
2008-02-19 16:00:00-05:00,12.9,13.1,12.86,13.05,170900
2008-02-20 16:00:00-05:00,12.98,13.13,12.97,13.03,145336
2008-02-21 16:00:00-05:00,12.96,13.14,12.95,12.96,65533
2008-02-22 16:00:00-05:00,12.96,12.96,12.86,12.91,101414
2008-02-25 16:00:00-05:00,13.39,13.4,12.86,13.02,46500
2008-02-26 16:00:00-05:00,13.08,13.14,12.98,13.08,39394
2008-02-27 16:00:00-05:00,13.05,13.12,13.0,13.02,119500
2008-02-28 16:00:00-05:00,13.0,13.03,12.83,12.85,59400
2008-02-29 16:00:00-05:00,12.8,12.823,12.69,12.77,75500
2008-03-03 16:00:00-05:00,12.79,12.99,12.78,12.96,43610
2008-03-04 16:00:00-05:00,12.88,13.04,12.19,12.99,85500
2008-03-05 16:00:00-05:00,12.89,13.17,12.71,13.07,90500
2008-03-06 16:00:00-05:00,12.95,13.17,12.89,12.9,47191
2008-03-07 16:00:00-05:00,12.9899,13.09,12.97,13.07,31918
2008-03-10 16:00:00-04:00,13.18,13.18,12.9,12.9,23977
2008-03-11 16:00:00-04:00,12.99,12.99,12.86,12.86,45700
2008-03-12 16:00:00-04:00,12.86,13.0,12.83,12.86,32007
2008-03-13 16:00:00-04:00,12.86,13.11,12.83,12.99,47400
2008-03-14 16:00:00-04:00,12.98,13.0399,12.86,12.86,9575
2008-03-17 16:00:00-04:00,12.61,13.08,12.61,12.72,62053
2008-03-18 16:00:00-04:00,12.58,13.02,12.58,12.9,44210
2008-03-19 16:00:00-04:00,12.95,13.04,12.909,12.93,26830
2008-03-20 16:00:00-04:00,13.03,13.07,12.92,13.07,27600
2008-03-24 16:00:00-04:00,13.05,13.26,13.05,13.26,27900
2008-03-25 16:00:00-04:00,13.25,13.3,13.1272,13.25,25500
2008-03-26 16:00:00-04:00,13.39,13.39,13.23,13.29,32684
2008-03-27 16:00:00-04:00,13.34,13.34,13.22,13.26,16908
2008-03-28 16:00:00-04:00,13.2,13.274,13.06,13.17,41400
2008-03-31 16:00:00-04:00,13.28,13.38,13.219,13.26,19100
2008-04-01 16:00:00-04:00,13.2,13.36,13.18,13.31,18200
2008-04-02 16:00:00-04:00,13.24,13.34,13.16,13.25,18400
2008-04-03 16:00:00-04:00,13.18,13.33,13.09,13.22,23300
2008-04-04 16:00:00-04:00,13.23,13.23,13.03,13.07,19800
2008-04-07 16:00:00-04:00,12.99,13.21,12.99,13.15,22500
2008-04-08 16:00:00-04:00,13.03,13.1899,13.02,13.02,17396
2008-04-09 16:00:00-04:00,13.14,13.28,13.04,13.14,18100
2008-04-10 16:00:00-04:00,13.05,13.2,13.05,13.11,28857
2008-04-11 16:00:00-04:00,13.16,13.17,13.05,13.12,18901
2008-04-14 16:00:00-04:00,13.07,13.17,13.05,13.05,28629
2008-04-15 16:00:00-04:00,13.18,13.18,13.01,13.02,28700
2008-04-16 16:00:00-04:00,13.01,13.19,13.01,13.17,18810
2008-04-17 16:00:00-04:00,13.09,13.19,13.06,13.07,30100
2008-04-18 16:00:00-04:00,13.39,13.39,12.99,13.07,22200
2008-04-21 16:00:00-04:00,13.07,13.3,13.07,13.24,12000
2008-04-22 16:00:00-04:00,13.33,13.36,13.15,13.29,22367
2008-04-23 16:00:00-04:00,13.2,13.31,13.15,13.22,7841
2008-04-24 16:00:00-04:00,13.19,13.26,13.12,13.13,10791
2008-04-25 16:00:00-04:00,13.22,13.25,13.06,13.15,37488
2008-04-28 16:00:00-04:00,13.15,13.24,12.99,13.05,41207
2008-04-29 16:00:00-04:00,13.06,13.15,13.01,13.01,30246
2008-04-30 16:00:00-04:00,13.01,13.08,12.99,13.08,20739
2008-05-01 16:00:00-04:00,13.06,13.06,13.01,13.02,44862
2008-05-02 16:00:00-04:00,13.17,13.17,13.0,13.0,14555
2008-05-05 16:00:00-04:00,13.0101,13.08,12.94,13.0215,24071
2008-05-06 16:00:00-04:00,12.96,13.09,12.93,13.05,17471
2008-05-07 16:00:00-04:00,13.13,13.13,12.98,13.0,29036
2008-05-08 16:00:00-04:00,12.98,13.07,12.97,13.007,16831
2008-05-09 16:00:00-04:00,12.98,13.11,12.98,13.07,21905
2008-05-12 16:00:00-04:00,13.2,13.2,13.03,13.05,29377
2008-05-13 16:00:00-04:00,13.05,13.12,13.01,13.01,29295
2008-05-14 16:00:00-04:00,13.05,13.12,13.05,13.05,31315
2008-05-15 16:00:00-04:00,13.15,13.15,13.05,13.06,24239
2008-05-16 16:00:00-04:00,13.02,13.15,13.02,13.06,20497
2008-05-19 16:00:00-04:00,13.1399,13.16,13.08,13.08,26369
2008-05-20 16:00:00-04:00,13.09,13.5,13.09,13.11,42435
2008-05-21 16:00:00-04:00,13.16,13.18,13.1,13.11,31536
2008-05-22 16:00:00-04:00,13.11,13.15,13.1,13.11,14411
2008-05-23 16:00:00-04:00,13.19,13.19,13.1,13.1,68046
2008-05-27 16:00:00-04:00,13.15,13.17,13.11,13.11,31256
2008-05-28 16:00:00-04:00,13.04,13.17,13.04,13.116,19289
2008-05-29 16:00:00-04:00,13.12,13.15,13.08,13.1392,19273
2008-05-30 16:00:00-04:00,13.11,13.17,13.11,13.16,11827
2008-06-02 16:00:00-04:00,13.1,13.17,13.1,13.1,21672
2008-06-03 16:00:00-04:00,13.14,13.23,13.08,13.18,61777
2008-06-04 16:00:00-04:00,13.16,13.16,13.06,13.06,39067
2008-06-05 16:00:00-04:00,13.07,13.14,13.06,13.14,38000
2008-06-06 16:00:00-04:00,13.08,13.13,13.08,13.09,19633
2008-06-09 16:00:00-04:00,13.14,13.14,13.06,13.06,27645
2008-06-10 16:00:00-04:00,13.08,13.124,13.0,13.0,25825
2008-06-11 16:00:00-04:00,13.08,13.08,12.92,12.92,47417
2008-06-12 16:00:00-04:00,12.85,12.99,12.85,12.89,43118
2008-06-13 16:00:00-04:00,12.88,12.98,12.84,12.85,21932
2008-06-16 16:00:00-04:00,13.09,13.09,12.8,12.95,45322
2008-06-17 16:00:00-04:00,12.84,13.0,12.84,12.84,39286
2008-06-18 16:00:00-04:00,12.82,12.98,12.81,12.8652,31149
2008-06-19 16:00:00-04:00,12.78,12.89,12.77,12.8,28651
2008-06-20 16:00:00-04:00,12.76,12.93,12.72,12.73,31183
2008-06-23 16:00:00-04:00,12.78,12.78,12.61,12.61,23470
2008-06-24 16:00:00-04:00,12.61,12.67,12.52,12.57,32655
2008-06-25 16:00:00-04:00,12.57,12.72,12.57,12.7,15092
2008-06-26 16:00:00-04:00,12.6,12.8,12.39,12.65,23534
2008-06-27 16:00:00-04:00,12.6,12.66,12.59,12.66,20554
2008-06-30 16:00:00-04:00,12.62,12.6899,12.56,12.6,66608
2008-07-01 16:00:00-04:00,12.38,12.62,12.38,12.62,23918
2008-07-02 16:00:00-04:00,12.62,12.72,12.56,12.7025,19595
2008-07-03 16:00:00-04:00,12.64,12.78,12.63,12.66,11102
2008-07-07 16:00:00-04:00,12.73,12.84,12.68,12.68,17597
2008-07-08 16:00:00-04:00,12.62,12.71,12.62,12.68,12759
2008-07-09 16:00:00-04:00,12.59,12.74,12.59,12.7,28885
2008-07-10 16:00:00-04:00,12.79,12.79,12.64,12.7,11203
2008-07-11 16:00:00-04:00,12.66,12.72,12.57,12.63,26624
2008-07-14 16:00:00-04:00,12.61,12.69,12.6,12.66,23873
2008-07-15 16:00:00-04:00,12.61,12.68,12.36,12.38,49329
2008-07-16 16:00:00-04:00,12.45,12.58,12.4,12.58,24779
2008-07-17 16:00:00-04:00,12.57,12.69,12.54,12.6,29694
2008-07-18 16:00:00-04:00,12.66,12.706,12.55,12.655,17872
2008-07-21 16:00:00-04:00,12.72,12.72,12.66,12.66,25725
2008-07-22 16:00:00-04:00,12.69,12.702,12.63,12.64,9817
2008-07-23 16:00:00-04:00,12.68,12.71,12.61,12.69,23306
2008-07-24 16:00:00-04:00,12.6,12.8101,12.6,12.8,30419
2008-07-25 16:00:00-04:00,12.8,12.95,12.8,12.93,89573
2008-07-28 16:00:00-04:00,12.91,12.93,12.8,12.82,10933
2008-07-29 16:00:00-04:00,13.19,13.19,12.61,12.63,36234
2008-07-30 16:00:00-04:00,12.7,12.74,12.61,12.74,23246
2008-07-31 16:00:00-04:00,12.78,12.78,12.58,12.68,41711
2008-08-01 16:00:00-04:00,12.58,12.88,12.58,12.65,7851
2008-08-04 16:00:00-04:00,12.69,12.7,12.6899,12.7,15492
2008-08-05 16:00:00-04:00,12.7,12.78,12.61,12.72,16617
2008-08-06 16:00:00-04:00,12.6862,12.7824,12.67,12.68,10816
2008-08-07 16:00:00-04:00,12.62,12.8,12.61,12.76,26410
2008-08-08 16:00:00-04:00,12.74,12.8,12.62,12.78,10934
2008-08-11 16:00:00-04:00,12.69,12.8,12.67,12.67,27853
2008-08-12 16:00:00-04:00,12.61,12.81,12.61,12.8,24565
2008-08-13 16:00:00-04:00,12.79,12.82,12.71,12.79,11859
2008-08-14 16:00:00-04:00,12.71,12.83,12.7,12.8,17845
2008-08-15 16:00:00-04:00,12.89,12.89,12.74,12.78,9367
2008-08-18 16:00:00-04:00,12.8,12.91,12.76,12.8,14818
2008-08-19 16:00:00-04:00,12.7501,12.89,12.75,12.75,31608
2008-08-20 16:00:00-04:00,12.75,12.86,12.75,12.842,7154
2008-08-21 16:00:00-04:00,12.8,12.9,12.76,12.9,19221
2008-08-22 16:00:00-04:00,12.79,13.0,12.76,13.0,12500
2008-08-25 16:00:00-04:00,12.92,13.0,12.81,12.82,16767
2008-08-26 16:00:00-04:00,12.81,12.94,12.81,12.83,16987
2008-08-27 16:00:00-04:00,12.97,12.97,12.7,12.89,24506
2008-08-28 16:00:00-04:00,12.86,12.9,12.84,12.85,13485
2008-08-29 16:00:00-04:00,12.75,12.8,12.72,12.76,18525
2008-09-02 16:00:00-04:00,12.76,12.81,12.7,12.75,9958
2008-09-03 16:00:00-04:00,12.73,12.95,12.73,12.8,13169
2008-09-04 16:00:00-04:00,12.77,12.85,12.75,12.83,11034
2008-09-05 16:00:00-04:00,12.81,12.87,12.76,12.866,30851
2008-09-08 16:00:00-04:00,12.9,13.0,12.76,13.0,22084
2008-09-09 16:00:00-04:00,12.87,13.0,12.87,13.0,15090
2008-09-10 16:00:00-04:00,13.09,13.09,12.86,12.88,18200
2008-09-11 16:00:00-04:00,13.1,13.1,12.8,12.8,21738
2008-09-12 16:00:00-04:00,12.82,12.864,12.72,12.78,30212
2008-09-15 16:00:00-04:00,12.88,12.88,12.65,12.65,33754
2008-09-16 16:00:00-04:00,12.61,12.85,12.46,12.65,42400
2008-09-17 16:00:00-04:00,12.5,12.52,12.1,12.352,53409
2008-09-18 16:00:00-04:00,12.31,12.3199,11.76,12.07,99253
2008-09-19 16:00:00-04:00,12.42,12.86,12.42,12.53,31617
2008-09-22 16:00:00-04:00,12.48,12.56,12.23,12.23,25225
2008-09-23 16:00:00-04:00,12.22,12.29,12.1,12.1,38532
2008-09-24 16:00:00-04:00,12.1,12.202,12.1,12.13,6413
2008-09-25 16:00:00-04:00,12.13,12.29,12.13,12.25,38388
2008-09-26 16:00:00-04:00,11.64,12.13,11.62,11.7,61992
2008-09-29 16:00:00-04:00,11.61,11.66,11.35,11.35,62199
2008-09-30 16:00:00-04:00,11.3,11.42,11.25,11.4,50846
2008-10-01 16:00:00-04:00,11.39,11.58,11.39,11.58,107763
2008-10-02 16:00:00-04:00,11.54,11.54,11.39,11.44,33515
2008-10-03 16:00:00-04:00,11.82,11.82,11.25,11.3,27200
2008-10-06 16:00:00-04:00,11.2,11.24,10.26,10.6,62092
2008-10-07 16:00:00-04:00,10.8,10.9222,10.63,10.81,83059
2008-10-08 16:00:00-04:00,10.41,10.79,9.56,10.4,109712
2008-10-09 16:00:00-04:00,11.22,11.22,10.03,10.5,101823
2008-10-10 16:00:00-04:00,10.04,10.134,8.8,9.7806,114107
2008-10-13 16:00:00-04:00,10.54,11.2,9.74,11.08,66917
2008-10-14 16:00:00-04:00,11.15,11.15,10.78,10.88,52535
2008-10-15 16:00:00-04:00,10.99,10.99,10.27,10.27,38189
2008-10-16 16:00:00-04:00,10.16,10.6,10.04,10.4,34770
2008-10-17 16:00:00-04:00,10.27,10.96,10.16,10.96,66453
2008-10-20 16:00:00-04:00,10.96,11.38,10.5,11.12,51629
2008-10-21 16:00:00-04:00,11.22,11.59,11.06,11.324,63582
2008-10-22 16:00:00-04:00,11.33,11.56,11.27,11.36,29575
2008-10-23 16:00:00-04:00,11.36,11.75,11.36,11.36,35217
2008-10-24 16:00:00-04:00,11.82,11.82,11.1,11.19,30873
2008-10-27 16:00:00-04:00,11.12,11.28,10.76,11.0,47871
2008-10-28 16:00:00-04:00,11.05,11.33,10.94,11.07,56011
2008-10-29 16:00:00-04:00,11.08,11.08,10.93,11.0,28800
2008-10-30 16:00:00-04:00,11.0,11.13,10.86,11.02,22538
2008-10-31 16:00:00-04:00,11.0,11.03,10.92,11.0,24978
2008-11-03 16:00:00-05:00,10.94,11.15,10.9,10.94,20526
2008-11-04 16:00:00-05:00,11.01,11.25,10.98,11.2,25290
2008-11-05 16:00:00-05:00,11.37,11.43,11.21,11.38,45613
2008-11-06 16:00:00-05:00,11.26,11.66,11.26,11.38,14996
2008-11-07 16:00:00-05:00,11.36,11.6,11.32,11.6,15024
2008-11-10 16:00:00-05:00,11.41,11.65,11.41,11.56,30345
2008-11-11 16:00:00-05:00,11.54,11.62,11.54,11.5701,35908
2008-11-12 16:00:00-05:00,11.44,11.66,11.36,11.41,81217
2008-11-13 16:00:00-05:00,11.59,11.62,11.3,11.4,56174
2008-11-14 16:00:00-05:00,11.4,11.64,11.4,11.64,27126
2008-11-17 16:00:00-05:00,11.66,11.8,11.4,11.54,61580
2008-11-18 16:00:00-05:00,12.44,12.45,11.31,11.326,21665
2008-11-19 16:00:00-05:00,11.3,11.4,11.04,11.0464,52498
2008-11-20 16:00:00-05:00,11.29,11.3,10.7,10.76,49464
2008-11-21 16:00:00-05:00,10.76,11.3,10.44,10.6401,33178
2008-11-24 16:00:00-05:00,10.57,11.3,10.56,11.04,31542
2008-11-25 16:00:00-05:00,11.04,11.29,11.0,11.067,19864
2008-11-26 16:00:00-05:00,11.04,11.26,11.04,11.18,20648
2008-11-27 16:00:00-05:00,0.0,0.0,0.0,11.18,0
2008-11-28 16:00:00-05:00,11.3,11.3,10.94,11.3,10668
2008-12-01 16:00:00-05:00,11.1,11.3,10.94,10.94,27746
2008-12-02 16:00:00-05:00,11.0,11.0,10.45,10.45,42109
2008-12-03 16:00:00-05:00,10.22,10.75,10.14,10.502,58628
2008-12-04 16:00:00-05:00,10.4,10.64,10.4,10.5138,9477
2008-12-05 16:00:00-05:00,10.36,10.58,10.06,10.35,31083
2008-12-08 16:00:00-05:00,10.21,10.6399,10.21,10.6399,54618
2008-12-09 16:00:00-05:00,10.46,10.75,10.2901,10.7,59625
2008-12-10 16:00:00-05:00,10.65,11.25,10.29,11.05,58250
2008-12-11 16:00:00-05:00,11.0,11.25,10.64,10.76,44781
2008-12-12 16:00:00-05:00,10.65,10.65,10.3,10.54,91060
2008-12-15 16:00:00-05:00,10.69,10.9,10.5,10.5375,64519
2008-12-16 16:00:00-05:00,10.6,10.808,10.29,10.5,72965
2008-12-17 16:00:00-05:00,10.6,10.97,10.01,10.85,84076
2008-12-18 16:00:00-05:00,10.84,11.21,10.09,10.71,141394
2008-12-19 16:00:00-05:00,10.32,11.0,10.3,10.82,151019
2008-12-22 16:00:00-05:00,11.25,11.25,10.72,10.9,131263
2008-12-23 16:00:00-05:00,11.1,11.1,10.9,10.945,61340
2008-12-24 16:00:00-05:00,10.9,11.09,10.9,10.95,33029
2008-12-25 16:00:00-05:00,0.0,0.0,0.0,10.95,0
2008-12-26 16:00:00-05:00,10.87,11.07,10.87,10.91,25576
2008-12-29 16:00:00-05:00,10.92,11.25,10.91,10.966,81772
2008-12-30 16:00:00-05:00,10.92,11.16,10.85,11.09,116547
2008-12-31 16:00:00-05:00,11.01,11.402,11.01,11.35,113566
2009-01-01 16:00:00-05:00,0.0,0.0,0.0,11.35,0
2009-01-02 16:00:00-05:00,11.31,11.65,11.31,11.552,24347
2009-01-05 16:00:00-05:00,11.74,13.12,11.61,13.12,92554
2009-01-06 16:00:00-05:00,12.77,12.77,12.04,12.06,40353
2009-01-07 16:00:00-05:00,11.6,12.0,11.6,11.7,69398
2009-01-08 16:00:00-05:00,11.8,11.95,11.62,11.85,35864
2009-01-09 16:00:00-05:00,12.04,12.06,11.78,11.98,38662
2009-01-12 16:00:00-05:00,12.11,12.18,11.99,12.15,56482
2009-01-13 16:00:00-05:00,12.2,12.25,11.94,12.2,65632
2009-01-14 16:00:00-05:00,12.23,12.23,11.86,12.07,76360
2009-01-15 16:00:00-05:00,11.65,12.16,11.65,12.01,28457
2009-01-16 16:00:00-05:00,11.98,12.35,11.98,12.1995,25295
2009-01-20 16:00:00-05:00,12.45,12.45,12.2692,12.3001,33291
2009-01-21 16:00:00-05:00,12.3,12.387,12.2,12.387,26382
2009-01-22 16:00:00-05:00,12.4,12.4,12.2,12.2,18034
2009-01-23 16:00:00-05:00,12.3,12.31,12.05,12.23,20703
2009-01-26 16:00:00-05:00,12.25,12.25,12.19,12.25,16900
2009-01-27 16:00:00-05:00,12.17,12.45,12.06,12.22,28942
2009-01-28 16:00:00-05:00,12.24,12.36,12.22,12.36,23714
2009-01-29 16:00:00-05:00,12.39,12.39,12.14,12.18,50130
2009-01-30 16:00:00-05:00,12.15,12.26,12.01,12.06,18270
2009-02-02 16:00:00-05:00,12.08,12.24,12.02,12.08,11036
2009-02-03 16:00:00-05:00,11.96,12.23,11.95,12.23,20237
2009-02-04 16:00:00-05:00,12.17,12.25,12.16,12.22,24620
2009-02-05 16:00:00-05:00,12.33,12.46,12.11,12.38,56769
2009-02-06 16:00:00-05:00,12.5,12.62,12.42,12.47,49637
2009-02-09 16:00:00-05:00,12.45,12.63,12.42,12.57,31892
2009-02-10 16:00:00-05:00,12.65,12.65,12.51,12.61,41365
2009-02-11 16:00:00-05:00,12.7,12.7,12.5281,12.65,21497
2009-02-12 16:00:00-05:00,12.73,12.73,12.54,12.61,27576
2009-02-13 16:00:00-05:00,12.54,12.75,12.522,12.68,23942
2009-02-17 16:00:00-05:00,12.74,12.74,12.08,12.36,29480
2009-02-18 16:00:00-05:00,12.32,12.32,12.12,12.15,38795
2009-02-19 16:00:00-05:00,11.98,12.29,11.98,12.15,22033
2009-02-20 16:00:00-05:00,11.77,12.2,11.77,11.91,50637
2009-02-23 16:00:00-05:00,11.79,11.99,11.77,11.78,67600
2009-02-24 16:00:00-05:00,11.72,12.3,11.72,12.273,28472
2009-02-25 16:00:00-05:00,11.84,12.7,11.84,12.29,26134
2009-02-26 16:00:00-05:00,12.39,12.39,12.0,12.19,38522
2009-02-27 16:00:00-05:00,12.29,12.3,12.01,12.152,12073
2009-03-02 16:00:00-05:00,12.0,12.1,11.8,11.9101,42222
2009-03-03 16:00:00-05:00,11.99,12.03,11.85,12.0,39322
2009-03-04 16:00:00-05:00,11.93,12.17,11.914,11.95,28279
2009-03-05 16:00:00-05:00,11.52,12.05,11.49,11.88,35109
2009-03-06 16:00:00-05:00,11.79,12.0,11.79,11.8,52904
2009-03-09 16:00:00-04:00,11.71,11.75,11.65,11.66,55179
2009-03-10 16:00:00-04:00,11.792,12.2,11.68,12.12,16213
2009-03-11 16:00:00-04:00,12.46,12.46,11.91,11.94,13761
2009-03-12 16:00:00-04:00,11.87,12.15,11.83,12.15,20819
2009-03-13 16:00:00-04:00,12.15,12.27,11.87,12.01,15572
2009-03-16 16:00:00-04:00,12.32,12.32,11.93,12.04,22749
2009-03-17 16:00:00-04:00,12.15,12.16,11.86,12.16,30741
2009-03-18 16:00:00-04:00,12.01,12.2,11.976,12.2,11428
2009-03-19 16:00:00-04:00,11.96,12.38,11.95,11.96,36009
2009-03-20 16:00:00-04:00,11.93,12.05,11.92,12.01,31136
2009-03-23 16:00:00-04:00,12.4,12.4,11.9,12.12,17569
2009-03-24 16:00:00-04:00,12.15,12.15,11.93,11.99,26739
2009-03-25 16:00:00-04:00,12.19,12.19,11.86,11.95,36740
2009-03-26 16:00:00-04:00,12.0,12.31,11.96,12.31,31825
2009-03-27 16:00:00-04:00,12.05,12.37,12.05,12.16,12567
2009-03-30 16:00:00-04:00,12.35,12.35,11.97,12.05,28297
2009-03-31 16:00:00-04:00,12.12,12.12,12.0,12.03,50031
2009-04-01 16:00:00-04:00,12.0,12.1679,12.0,12.03,30937
2009-04-02 16:00:00-04:00,12.1,12.31,12.03,12.31,23121
2009-04-03 16:00:00-04:00,12.38,12.38,12.27,12.28,19961
2009-04-06 16:00:00-04:00,12.37,12.95,12.23,12.37,42785
2009-04-07 16:00:00-04:00,12.45,12.45,12.195,12.2,19580
2009-04-08 16:00:00-04:00,12.34,12.34,12.19,12.2,31355
2009-04-09 16:00:00-04:00,12.59,12.59,12.21,12.22,23185
2009-04-10 16:00:00-04:00,0.0,0.0,0.0,12.22,0
2009-04-13 16:00:00-04:00,12.15,12.41,12.1318,12.3054,41492
2009-04-14 16:00:00-04:00,12.66,12.66,12.18,12.25,33551
2009-04-15 16:00:00-04:00,12.33,12.3799,12.2,12.3799,33433
2009-04-16 16:00:00-04:00,12.3,12.5119,12.29,12.39,29290
2009-04-17 16:00:00-04:00,12.4,12.57,12.387,12.46,44730
2009-04-20 16:00:00-04:00,12.62,12.62,12.4,12.44,23722
2009-04-21 16:00:00-04:00,12.39,12.6,12.39,12.58,19879
2009-04-22 16:00:00-04:00,12.59,12.6,12.5,12.54,28976
2009-04-23 16:00:00-04:00,12.6,12.73,12.53,12.635,26767
2009-04-24 16:00:00-04:00,12.64,12.75,12.57,12.619,23102
2009-04-27 16:00:00-04:00,12.46,12.7,12.46,12.67,16822
2009-04-28 16:00:00-04:00,12.61,12.75,12.4648,12.6,52617
2009-04-29 16:00:00-04:00,12.58,12.79,12.543,12.63,23492
2009-04-30 16:00:00-04:00,12.58,12.65,12.55,12.55,44437
2009-05-01 16:00:00-04:00,12.55,12.62,12.46,12.548,14110
2009-05-04 16:00:00-04:00,12.56,12.72,12.42,12.61,36007
2009-05-05 16:00:00-04:00,12.64,12.75,12.63,12.65,22670
2009-05-06 16:00:00-04:00,12.63,12.81,12.46,12.75,34290
2009-05-07 16:00:00-04:00,12.85,12.85,12.67,12.72,32524
2009-05-08 16:00:00-04:00,12.67,12.75,12.55,12.7,66323
2009-05-11 16:00:00-04:00,12.63,12.75,12.63,12.69,47585
2009-05-12 16:00:00-04:00,12.62,12.78,12.55,12.72,56104
2009-05-13 16:00:00-04:00,12.62,12.85,12.62,12.68,44023
2009-05-14 16:00:00-04:00,12.78,12.85,12.64,12.83,24749
2009-05-15 16:00:00-04:00,12.85,13.0,12.73,12.84,17285
2009-05-18 16:00:00-04:00,12.8,12.89,12.68,12.88,116482
2009-05-19 16:00:00-04:00,12.85,13.02,12.71,12.92,76490
2009-05-20 16:00:00-04:00,12.85,13.0383,12.85,13.0,15063
2009-05-21 16:00:00-04:00,12.92,13.05,12.81,12.9399,34529
2009-05-22 16:00:00-04:00,12.98,13.0,12.79,13.0,41023
2009-05-25 16:00:00-04:00,0.0,0.0,0.0,13.0,0
2009-05-26 16:00:00-04:00,12.85,13.17,12.76,13.13,48634
2009-05-27 16:00:00-04:00,13.26,13.26,12.81,13.0,22375
2009-05-28 16:00:00-04:00,13.07,13.14,12.81,12.98,18639
2009-05-29 16:00:00-04:00,12.95,12.95,12.76,12.76,17431
2009-06-01 16:00:00-04:00,12.8,12.86,12.67,12.67,13416
2009-06-02 16:00:00-04:00,12.82,13.0,12.71,12.94,29740
2009-06-03 16:00:00-04:00,12.78,13.05,12.78,12.8001,35354
2009-06-04 16:00:00-04:00,12.79,13.02,12.79,12.909,35653
2009-06-05 16:00:00-04:00,12.91,12.95,12.82,12.93,27783
2009-06-08 16:00:00-04:00,12.65,12.97,12.65,12.9,23894
2009-06-09 16:00:00-04:00,13.25,13.25,12.9,12.96,16326
2009-06-10 16:00:00-04:00,12.96,13.08,12.76,12.8,63424
2009-06-11 16:00:00-04:00,12.8,12.84,12.62,12.63,33736
2009-06-12 16:00:00-04:00,12.67,12.674,12.26,12.3699,42737
2009-06-15 16:00:00-04:00,12.45,12.65,12.26,12.4,28900
2009-06-16 16:00:00-04:00,12.32,12.72,12.32,12.41,62326
2009-06-17 16:00:00-04:00,12.4,12.55,12.3,12.37,29582
2009-06-18 16:00:00-04:00,12.37,12.6,12.32,12.47,31000
2009-06-19 16:00:00-04:00,12.42,12.74,12.35,12.65,31869
2009-06-22 16:00:00-04:00,12.74,12.74,12.36,12.36,33850
2009-06-23 16:00:00-04:00,12.4,12.7,12.4,12.643,21065
2009-06-24 16:00:00-04:00,12.6,12.7,12.42,12.6,16023
2009-06-25 16:00:00-04:00,12.59,12.71,12.53,12.64,26791
2009-06-26 16:00:00-04:00,12.69,12.74,12.36,12.74,40268
2009-06-29 16:00:00-04:00,12.6996,12.7,12.56,12.66,21788
2009-06-30 16:00:00-04:00,12.61,12.7001,12.52,12.52,26396
2009-07-01 16:00:00-04:00,12.56,12.94,12.51,12.6,43116
2009-07-02 16:00:00-04:00,12.59,12.81,12.5,12.55,30140
2009-07-03 16:00:00-04:00,0.0,0.0,0.0,12.55,0
2009-07-06 16:00:00-04:00,12.72,12.74,12.53,12.53,27231
2009-07-07 16:00:00-04:00,12.8,12.8,12.52,12.65,25265
2009-07-08 16:00:00-04:00,12.59,12.76,12.51,12.76,20700
2009-07-09 16:00:00-04:00,12.61,12.751,12.61,12.73,35908
2009-07-10 16:00:00-04:00,12.63,12.741,12.62,12.67,11609
2009-07-13 16:00:00-04:00,12.58,12.77,12.55,12.69,14724
2009-07-14 16:00:00-04:00,12.65,12.79,12.55,12.72,24557
2009-07-15 16:00:00-04:00,12.82,13.0,12.7396,12.86,27041
2009-07-16 16:00:00-04:00,12.85,12.97,12.76,12.86,36176
2009-07-17 16:00:00-04:00,12.8701,12.95,12.8701,12.94,9837
2009-07-20 16:00:00-04:00,12.9,12.99,12.8,12.82,41865
2009-07-21 16:00:00-04:00,12.79,12.98,12.79,12.97,34196
2009-07-22 16:00:00-04:00,12.87,12.98,12.87,12.94,17001
2009-07-23 16:00:00-04:00,12.85,12.95,12.85,12.94,51147
2009-07-24 16:00:00-04:00,12.9665,12.97,12.9,12.96,20600
2009-07-27 16:00:00-04:00,12.9,12.97,12.84,12.95,12375
2009-07-28 16:00:00-04:00,12.85,12.98,12.85,12.98,22586
2009-07-29 16:00:00-04:00,12.8,12.99,12.8,12.97,28433
2009-07-30 16:00:00-04:00,12.97,12.99,12.93,12.93,18712
2009-07-31 16:00:00-04:00,12.93,13.0,12.92,12.97,31828
2009-08-03 16:00:00-04:00,12.9,13.1,12.9,13.07,35021
2009-08-04 16:00:00-04:00,12.98,13.08,12.96,13.04,33666
2009-08-05 16:00:00-04:00,13.01,13.06,13.0,13.06,16240
2009-08-06 16:00:00-04:00,12.99,13.05,12.99,13.04,13261
2009-08-07 16:00:00-04:00,13.45,13.45,13.0,13.05,19289
2009-08-10 16:00:00-04:00,13.15,13.17,13.0201,13.1064,19427
2009-08-11 16:00:00-04:00,13.03,13.15,12.9843,13.0,24456
2009-08-12 16:00:00-04:00,13.0,13.14,12.85,12.8501,50007
2009-08-13 16:00:00-04:00,12.92,13.2,12.86,12.9915,30376
2009-08-14 16:00:00-04:00,13.03,13.13,12.94,13.05,54907
2009-08-17 16:00:00-04:00,13.08,13.14,13.02,13.1,56851
2009-08-18 16:00:00-04:00,13.06,13.15,13.05,13.11,24567
2009-08-19 16:00:00-04:00,13.11,13.1399,13.1001,13.11,25734
2009-08-20 16:00:00-04:00,12.95,13.13,12.95,13.027,28669
2009-08-21 16:00:00-04:00,13.17,13.17,13.02,13.02,18320
2009-08-24 16:00:00-04:00,13.1399,13.2,13.01,13.0672,37185
2009-08-25 16:00:00-04:00,13.14,13.2,13.0,13.14,34938
2009-08-26 16:00:00-04:00,13.13,13.19,13.0,13.18,43263
2009-08-27 16:00:00-04:00,13.08,13.24,13.05,13.142,41911
2009-08-28 16:00:00-04:00,13.1496,13.15,13.09,13.15,20440
2009-08-31 16:00:00-04:00,13.16,13.32,13.0507,13.0601,20573
2009-09-01 16:00:00-04:00,13.06,13.12,13.05,13.05,29713
2009-09-02 16:00:00-04:00,13.01,13.1,12.96,13.05,31772
2009-09-03 16:00:00-04:00,13.0,13.14,13.0,13.14,22360
2009-09-04 16:00:00-04:00,13.05,13.3,13.05,13.19,41116
2009-09-08 16:00:00-04:00,13.17,13.41,13.17,13.4,29940
2009-09-09 16:00:00-04:00,13.39,13.39,13.31,13.3201,16879
2009-09-10 16:00:00-04:00,13.13,13.37,13.13,13.31,40564
2009-09-11 16:00:00-04:00,13.35,13.35,13.21,13.27,24959
2009-09-14 16:00:00-04:00,13.29,13.29,13.2,13.22,23131
2009-09-15 16:00:00-04:00,13.27,13.35,13.18,13.18,54358
2009-09-16 16:00:00-04:00,13.18,13.41,13.18,13.37,43001
2009-09-17 16:00:00-04:00,13.3399,13.45,13.28,13.45,33220
2009-09-18 16:00:00-04:00,13.3,13.47,13.3,13.36,30486
2009-09-21 16:00:00-04:00,13.41,13.4334,13.41,13.43,13745
2009-09-22 16:00:00-04:00,13.36,13.55,13.36,13.54,28750
2009-09-23 16:00:00-04:00,13.5364,13.62,13.4,13.448,61965
2009-09-24 16:00:00-04:00,13.5,13.55,13.45,13.49,14073
2009-09-25 16:00:00-04:00,13.48,13.59,13.43,13.55,13053
2009-09-28 16:00:00-04:00,13.5,13.59,13.44,13.52,31440
2009-09-29 16:00:00-04:00,13.47,13.6,13.43,13.46,27926
2009-09-30 16:00:00-04:00,13.56,13.59,13.41,13.41,37790
2009-10-01 16:00:00-04:00,13.4,13.56,13.4,13.47,27977
2009-10-02 16:00:00-04:00,13.4,13.58,13.4,13.58,22545
2009-10-05 16:00:00-04:00,13.49,13.6,13.49,13.6,20796
2009-10-06 16:00:00-04:00,13.56,13.6,13.51,13.59,29600
2009-10-07 16:00:00-04:00,13.6,13.72,13.58,13.68,49798
2009-10-08 16:00:00-04:00,13.66,13.69,13.62,13.68,23744
2009-10-09 16:00:00-04:00,13.6,13.6254,13.44,13.49,45941
2009-10-12 16:00:00-04:00,13.45,13.45,13.18,13.18,38279
2009-10-13 16:00:00-04:00,13.12,13.56,13.12,13.4,44018
2009-10-14 16:00:00-04:00,13.39,13.4,13.11,13.2,33203
2009-10-15 16:00:00-04:00,13.19,13.25,12.9,12.91,83278
2009-10-16 16:00:00-04:00,12.89,13.25,12.89,13.11,47531
2009-10-19 16:00:00-04:00,13.04,13.5,13.04,13.4464,42039
2009-10-20 16:00:00-04:00,13.5,13.5,13.36,13.41,15212
2009-10-21 16:00:00-04:00,13.26,13.45,13.26,13.35,63706
2009-10-22 16:00:00-04:00,13.44,13.44,13.08,13.17,57247
2009-10-23 16:00:00-04:00,13.16,13.28,13.08,13.14,20397
2009-10-26 16:00:00-04:00,13.15,13.25,13.12,13.2,32770
2009-10-27 16:00:00-04:00,13.3,13.33,13.2,13.23,25621
2009-10-28 16:00:00-04:00,13.23,13.4,13.17,13.26,30995
2009-10-29 16:00:00-04:00,13.15,13.3044,13.0601,13.15,43280
2009-10-30 16:00:00-04:00,13.03,13.176,13.01,13.01,26920
2009-11-02 16:00:00-05:00,13.39,13.39,13.07,13.2,43073
2009-11-03 16:00:00-05:00,13.1,13.19,13.1,13.17,16038
2009-11-04 16:00:00-05:00,13.12,13.43,13.12,13.23,23423
2009-11-05 16:00:00-05:00,13.23,13.45,13.23,13.36,21816
2009-11-06 16:00:00-05:00,13.21,13.38,13.21,13.26,45649
2009-11-09 16:00:00-05:00,13.2,13.42,13.16,13.42,131315
2009-11-10 16:00:00-05:00,13.28,13.3999,13.18,13.2,26747
2009-11-11 16:00:00-05:00,13.2,13.3,13.09,13.09,38224
2009-11-12 16:00:00-05:00,13.08,13.15,12.95,13.06,66459
2009-11-13 16:00:00-05:00,13.15,13.42,13.08,13.1103,178261
2009-11-16 16:00:00-05:00,13.11,13.24,13.0999,13.2144,25078
2009-11-17 16:00:00-05:00,13.24,13.35,13.174,13.27,29328
2009-11-18 16:00:00-05:00,13.23,13.4,13.1,13.3532,36998
2009-11-19 16:00:00-05:00,13.3964,13.43,13.24,13.43,18223
2009-11-20 16:00:00-05:00,13.29,13.44,13.1,13.16,68950
2009-11-23 16:00:00-05:00,13.29,13.36,13.2,13.28,37737
2009-11-24 16:00:00-05:00,13.2,13.33,13.2,13.29,31916
2009-11-25 16:00:00-05:00,13.23,13.45,13.23,13.31,75232
2009-11-26 16:00:00-05:00,0.0,0.0,0.0,13.31,0
2009-11-27 16:00:00-05:00,13.22,13.3,13.2,13.2,5500
2009-11-30 16:00:00-05:00,13.27,13.39,13.25,13.25,63179
2009-12-01 16:00:00-05:00,13.16,13.4,13.12,13.2799,59043
2009-12-02 16:00:00-05:00,13.26,13.4,13.26,13.33,54193
2009-12-03 16:00:00-05:00,13.36,13.45,13.36,13.4,18461
2009-12-04 16:00:00-05:00,13.4,13.45,13.389,13.44,10269
2009-12-07 16:00:00-05:00,13.41,13.4497,13.36,13.38,15257
2009-12-08 16:00:00-05:00,13.38,13.43,13.35,13.35,45398
2009-12-09 16:00:00-05:00,13.42,13.45,13.35,13.45,22261
2009-12-10 16:00:00-05:00,13.45,13.5,13.41,13.4825,34404
2009-12-11 16:00:00-05:00,13.5,13.57,13.46,13.4772,46796
2009-12-14 16:00:00-05:00,13.59,13.59,13.49,13.52,21698
2009-12-15 16:00:00-05:00,13.51,13.59,13.39,13.39,34850
2009-12-16 16:00:00-05:00,13.57,13.65,13.42,13.51,44419
2009-12-17 16:00:00-05:00,13.42,13.58,13.36,13.36,37639
2009-12-18 16:00:00-05:00,13.36,13.46,13.35,13.45,31155
2009-12-21 16:00:00-05:00,13.45,13.58,13.396,13.561,30601
2009-12-22 16:00:00-05:00,13.42,13.58,13.41,13.46,30096
2009-12-23 16:00:00-05:00,13.55,13.55,13.37,13.456,29216
2009-12-24 16:00:00-05:00,13.59,13.59,13.44,13.51,8091
2009-12-25 16:00:00-05:00,0.0,0.0,0.0,13.51,0
2009-12-28 16:00:00-05:00,13.5,13.51,13.4,13.46,21001
2009-12-29 16:00:00-05:00,13.45,13.51,13.4201,13.4954,39957
2009-12-30 16:00:00-05:00,13.36,13.5,13.36,13.42,24753
2009-12-31 16:00:00-05:00,13.37,13.49,13.37,13.41,11448
2010-01-01 16:00:00-05:00,0.0,0.0,0.0,13.41,0
2010-01-04 16:00:00-05:00,13.39,13.5,13.38,13.47,15037
2010-01-05 16:00:00-05:00,13.5,13.5,13.41,13.5,25812
2010-01-06 16:00:00-05:00,13.43,13.5,13.43,13.49,30173
2010-01-07 16:00:00-05:00,13.44,13.5,13.44,13.4445,29941
2010-01-08 16:00:00-05:00,13.42,13.5,13.42,13.5,27963
2010-01-11 16:00:00-05:00,13.42,13.5,13.42,13.49,27950
2010-01-12 16:00:00-05:00,13.5,13.56,13.46,13.5,49657
2010-01-13 16:00:00-05:00,13.48,13.52,13.46,13.5,32363
2010-01-14 16:00:00-05:00,13.52,13.63,13.44,13.5275,28003
2010-01-15 16:00:00-05:00,13.58,13.64,13.47,13.61,32237
2010-01-18 16:00:00-05:00,0.0,0.0,0.0,13.61,0
2010-01-19 16:00:00-05:00,13.64,13.77,13.6,13.64,69177
2010-01-20 16:00:00-05:00,13.62,13.85,13.58,13.85,38977
2010-01-21 16:00:00-05:00,13.8,13.85,13.54,13.7,33058
2010-01-22 16:00:00-05:00,13.7,13.95,13.7,13.75,21353
2010-01-25 16:00:00-05:00,13.82,13.82,13.7,13.72,45837
2010-01-26 16:00:00-05:00,13.7,13.84,13.7,13.8299,43240
2010-01-27 16:00:00-05:00,13.71,13.83,13.63,13.78,28523
2010-01-28 16:00:00-05:00,13.71,13.78,13.68,13.72,22371
2010-01-29 16:00:00-05:00,13.72,13.84,13.7,13.8,26190
2010-02-01 16:00:00-05:00,13.73,13.76,13.69,13.69,15648
2010-02-02 16:00:00-05:00,13.64,13.87,13.64,13.83,25674
2010-02-03 16:00:00-05:00,13.85,13.87,13.69,13.73,37237
2010-02-04 16:00:00-05:00,13.81,13.81,13.65,13.66,44454
2010-02-05 16:00:00-05:00,13.65,13.75,13.64,13.7,20731
2010-02-08 16:00:00-05:00,13.69,13.75,13.6801,13.69,13931
2010-02-09 16:00:00-05:00,13.67,13.87,13.67,13.82,38633
2010-02-10 16:00:00-05:00,13.8,13.86,13.74,13.74,7890
2010-02-11 16:00:00-05:00,13.72,13.76,13.68,13.74,22218
2010-02-12 16:00:00-05:00,13.8,13.84,13.69,13.84,23847
2010-02-15 16:00:00-05:00,0.0,0.0,0.0,13.84,0
2010-02-16 16:00:00-05:00,13.91,13.91,13.776,13.78,26094
2010-02-17 16:00:00-05:00,13.78,14.03,13.78,14.03,48398
2010-02-18 16:00:00-05:00,13.98,14.0,13.8,13.86,29582
2010-02-19 16:00:00-05:00,13.82,13.87,13.8,13.85,12912
2010-02-22 16:00:00-05:00,13.83,13.85,13.71,13.71,40012
2010-02-23 16:00:00-05:00,13.75,13.75,13.71,13.71,23722
2010-02-24 16:00:00-05:00,13.69,13.9,13.69,13.71,36030
2010-02-25 16:00:00-05:00,14.03,14.35,13.69,13.81,59215
2010-02-26 16:00:00-05:00,13.68,13.91,13.68,13.87,44263
2010-03-01 16:00:00-05:00,13.8801,14.09,13.83,14.03,56209
2010-03-02 16:00:00-05:00,13.96,14.15,13.96,14.15,44901
2010-03-03 16:00:00-05:00,14.19,14.44,14.07,14.39,73999
2010-03-04 16:00:00-05:00,14.35,14.45,14.22,14.26,86011
2010-03-05 16:00:00-05:00,14.28,14.3,14.21,14.2999,30371
2010-03-08 16:00:00-05:00,14.3,14.3,14.24,14.2912,36187
2010-03-09 16:00:00-05:00,14.26,14.26,14.16,14.18,31594
2010-03-10 16:00:00-05:00,14.15,14.18,14.02,14.05,47930
2010-03-11 16:00:00-05:00,14.09,14.14,14.07,14.108,40017
2010-03-12 16:00:00-05:00,14.128,14.128,13.98,13.99,40645
2010-03-15 16:00:00-04:00,14.05,14.099,14.0,14.06,15000
2010-03-16 16:00:00-04:00,14.09,14.26,14.02,14.23,58174
2010-03-17 16:00:00-04:00,14.19,14.26,14.1881,14.24,57418
2010-03-18 16:00:00-04:00,14.25,14.25,14.07,14.1,28466
2010-03-19 16:00:00-04:00,14.07,14.25,14.05,14.2,22552
2010-03-22 16:00:00-04:00,14.11,14.25,14.11,14.24,32570
2010-03-23 16:00:00-04:00,14.25,14.34,14.223,14.3,62263
2010-03-24 16:00:00-04:00,14.25,14.32,14.06,14.13,67307
2010-03-25 16:00:00-04:00,14.13,14.45,14.07,14.42,55405
2010-03-26 16:00:00-04:00,14.36,14.41,14.36,14.4,9786
2010-03-29 16:00:00-04:00,14.6,14.6,14.14,14.19,77618
2010-03-30 16:00:00-04:00,14.17,14.33,14.12,14.19,35080
2010-03-31 16:00:00-04:00,14.16,14.214,14.14,14.16,26693
2010-04-01 16:00:00-04:00,14.16,14.24,14.1,14.2,35830
2010-04-02 16:00:00-04:00,0.0,0.0,0.0,14.2,0
2010-04-05 16:00:00-04:00,14.16,14.24,14.1,14.17,33003
2010-04-06 16:00:00-04:00,14.12,14.4,14.12,14.392,42743
2010-04-07 16:00:00-04:00,14.31,14.43,14.14,14.23,58379
2010-04-08 16:00:00-04:00,14.16,14.24,14.01,14.06,43832
2010-04-09 16:00:00-04:00,14.07,14.1136,13.88,13.95,90707
2010-04-12 16:00:00-04:00,13.96,14.11,13.96,14.11,45264
2010-04-13 16:00:00-04:00,14.06,14.19,14.04,14.09,17065
2010-04-14 16:00:00-04:00,14.09,14.26,14.09,14.19,23015
2010-04-15 16:00:00-04:00,14.22,14.43,14.1,14.178,62604
2010-04-16 16:00:00-04:00,14.18,14.24,14.08,14.12,62702
2010-04-19 16:00:00-04:00,14.1,14.2314,14.08,14.1966,24293
2010-04-20 16:00:00-04:00,14.19,14.3,14.12,14.25,45443
2010-04-21 16:00:00-04:00,14.21,14.2899,14.09,14.15,40739
2010-04-22 16:00:00-04:00,14.16,14.25,14.13,14.16,19501
2010-04-23 16:00:00-04:00,14.19,14.28,14.14,14.28,18787
2010-04-26 16:00:00-04:00,14.26,14.28,14.1999,14.2,15971
2010-04-27 16:00:00-04:00,14.2,14.32,14.2,14.27,21780
2010-04-28 16:00:00-04:00,14.23,14.27,14.15,14.19,35261
2010-04-29 16:00:00-04:00,14.15,14.25,14.12,14.17,46797
2010-04-30 16:00:00-04:00,14.18,14.1955,13.92,14.11,40922
2010-05-03 16:00:00-04:00,14.15,14.43,14.15,14.22,25135
2010-05-04 16:00:00-04:00,14.23,14.23,14.1,14.19,30214
2010-05-05 16:00:00-04:00,14.17,14.212,14.17,14.2,14655
2010-05-06 16:00:00-04:00,14.17,14.18,13.85,14.1,52502
2010-05-07 16:00:00-04:00,14.01,14.09,13.85,13.9799,26173
2010-05-10 16:00:00-04:00,14.18,14.18,14.0,14.1,24036
2010-05-11 16:00:00-04:00,14.04,14.19,14.0178,14.1899,22913
2010-05-12 16:00:00-04:00,14.3,14.43,14.16,14.42,47042
2010-05-13 16:00:00-04:00,14.39,14.43,14.3,14.32,41552
2010-05-14 16:00:00-04:00,14.34,14.34,14.2,14.2101,18112
2010-05-17 16:00:00-04:00,14.23,14.23,14.11,14.14,24944
2010-05-18 16:00:00-04:00,14.14,14.2,14.11,14.11,36188
2010-05-19 16:00:00-04:00,14.12,14.14,14.0201,14.044,15832
2010-05-20 16:00:00-04:00,13.91,14.14,13.91,14.11,13900
2010-05-21 16:00:00-04:00,14.06,14.14,14.011,14.06,13866
2010-05-24 16:00:00-04:00,14.08,14.2,14.08,14.11,23985
2010-05-25 16:00:00-04:00,14.09,14.14,13.98,14.14,16705
2010-05-26 16:00:00-04:00,14.05,14.13,14.01,14.08,29385
2010-05-27 16:00:00-04:00,14.13,14.14,14.06,14.08,9249
2010-05-28 16:00:00-04:00,14.12,14.14,14.06,14.14,10450
2010-05-31 16:00:00-04:00,0.0,0.0,0.0,14.14,0
2010-06-01 16:00:00-04:00,14.11,14.14,14.05,14.11,15864
2010-06-02 16:00:00-04:00,14.1364,14.2,14.1,14.2,9816
2010-06-03 16:00:00-04:00,14.18,14.18,14.07,14.11,26390
2010-06-04 16:00:00-04:00,14.05,14.2,14.02,14.178,10440
2010-06-07 16:00:00-04:00,14.19,14.19,14.13,14.15,8506
2010-06-08 16:00:00-04:00,14.14,14.18,14.03,14.08,19685
2010-06-09 16:00:00-04:00,14.1,14.19,14.1,14.11,22552
2010-06-10 16:00:00-04:00,14.18,14.19,14.05,14.19,21696
2010-06-11 16:00:00-04:00,14.19,14.25,14.15,14.25,10645
2010-06-14 16:00:00-04:00,14.25,14.25,14.11,14.17,13314
2010-06-15 16:00:00-04:00,14.24,14.24,14.1,14.1,38396
2010-06-16 16:00:00-04:00,14.1,14.25,14.0645,14.1,46962
2010-06-17 16:00:00-04:00,14.09,14.13,14.06,14.11,7387
2010-06-18 16:00:00-04:00,14.08,14.24,14.07,14.2,26119
2010-06-21 16:00:00-04:00,14.21,14.22,14.1,14.15,18754
2010-06-22 16:00:00-04:00,14.12,14.26,14.11,14.26,21437
2010-06-23 16:00:00-04:00,14.26,14.33,14.25,14.33,35489
2010-06-24 16:00:00-04:00,14.27,14.35,14.23,14.26,30595
2010-06-25 16:00:00-04:00,14.31,14.35,14.27,14.35,14738
2010-06-28 16:00:00-04:00,14.32,14.32,14.23,14.24,12848
2010-06-29 16:00:00-04:00,14.27,14.3,14.193,14.2,22739
2010-06-30 16:00:00-04:00,14.19,14.35,14.19,14.2,34266
2010-07-01 16:00:00-04:00,14.25,14.25,14.19,14.21,12299
2010-07-02 16:00:00-04:00,14.32,14.32,14.25,14.294,18724
2010-07-05 16:00:00-04:00,0.0,0.0,0.0,14.294,0
2010-07-06 16:00:00-04:00,14.32,14.32,14.22,14.22,21376
2010-07-07 16:00:00-04:00,14.13,14.32,14.08,14.28,43745
2010-07-08 16:00:00-04:00,14.28,14.3999,14.27,14.27,20063
2010-07-09 16:00:00-04:00,14.3,14.34,14.26,14.29,24671
2010-07-12 16:00:00-04:00,14.27,14.29,14.18,14.2391,26385
2010-07-13 16:00:00-04:00,14.32,14.32,14.24,14.2968,25792
2010-07-14 16:00:00-04:00,14.25,14.34,14.25,14.32,34728
2010-07-15 16:00:00-04:00,14.35,14.35,14.28,14.31,12132
2010-07-16 16:00:00-04:00,14.28,14.34,14.26,14.26,40951
2010-07-19 16:00:00-04:00,14.32,14.33,14.24,14.3,25381
2010-07-20 16:00:00-04:00,14.3,14.35,14.25,14.35,14296
2010-07-21 16:00:00-04:00,14.31,14.39,14.27,14.3201,35487
2010-07-22 16:00:00-04:00,14.4,14.47,14.4,14.47,32183
2010-07-23 16:00:00-04:00,14.41,14.47,14.398,14.43,13553
2010-07-26 16:00:00-04:00,14.42,14.47,14.4,14.42,16218
2010-07-27 16:00:00-04:00,14.42,14.436,14.36,14.394,21909
2010-07-28 16:00:00-04:00,14.31,14.47,14.31,14.46,35255
2010-07-29 16:00:00-04:00,14.47,14.47,14.3,14.35,40193
2010-07-30 16:00:00-04:00,14.35,14.38,14.31,14.31,33866
2010-08-02 16:00:00-04:00,14.31,14.49,14.31,14.48,56331
2010-08-03 16:00:00-04:00,14.59,14.59,14.449,14.56,59635
2010-08-04 16:00:00-04:00,14.58,14.62,14.53,14.62,26287
2010-08-05 16:00:00-04:00,14.64,14.71,14.6101,14.68,21695
2010-08-06 16:00:00-04:00,14.67,14.7,14.63,14.6999,44454
2010-08-09 16:00:00-04:00,14.67,14.702,14.65,14.702,32871
2010-08-10 16:00:00-04:00,14.68,14.8,14.68,14.8,29994
2010-08-11 16:00:00-04:00,14.77,15.05,14.77,15.04,74238
2010-08-12 16:00:00-04:00,15.05,15.09,14.89,14.97,59522
2010-08-13 16:00:00-04:00,14.94,15.04,14.837,14.9299,35575
2010-08-16 16:00:00-04:00,14.96,15.18,14.9201,15.15,61016
2010-08-17 16:00:00-04:00,15.19,15.3,15.16,15.27,48014
2010-08-18 16:00:00-04:00,15.27,15.3,15.19,15.27,57406
2010-08-19 16:00:00-04:00,15.32,15.32,15.04,15.05,42376
2010-08-20 16:00:00-04:00,15.0,15.04,14.85,14.86,49881
2010-08-23 16:00:00-04:00,14.94,14.95,14.9,14.94,32718
2010-08-24 16:00:00-04:00,14.88,15.07,14.84,15.07,59018
2010-08-25 16:00:00-04:00,15.01,15.15,14.99,15.15,35074
2010-08-26 16:00:00-04:00,15.09,15.17,14.99,15.05,81827
2010-08-27 16:00:00-04:00,15.02,15.06,14.85,14.96,60515
2010-08-30 16:00:00-04:00,14.98,15.27,14.98,15.23,70370
2010-08-31 16:00:00-04:00,15.28,15.28,15.16,15.24,73026
2010-09-01 16:00:00-04:00,15.26,15.2692,14.96,15.24,57253
2010-09-02 16:00:00-04:00,15.24,15.275,15.15,15.18,42221
2010-09-03 16:00:00-04:00,15.2,15.2,15.03,15.04,38440
2010-09-06 16:00:00-04:00,0.0,0.0,0.0,15.04,0
2010-09-07 16:00:00-04:00,15.02,15.04,14.91,14.91,41261
2010-09-08 16:00:00-04:00,14.92,15.06,14.85,14.89,57372
2010-09-09 16:00:00-04:00,14.81,14.98,14.81,14.9405,35002
2010-09-10 16:00:00-04:00,14.92,14.98,14.9,14.96,26053
2010-09-13 16:00:00-04:00,14.92,14.94,14.826,14.87,24772
2010-09-14 16:00:00-04:00,14.84,14.99,14.83,14.95,27922
2010-09-15 16:00:00-04:00,14.98,15.03,14.88,14.98,111051
2010-09-16 16:00:00-04:00,15.04,15.14,14.96,15.12,71616
2010-09-17 16:00:00-04:00,15.07,15.15,15.0,15.09,43091
2010-09-20 16:00:00-04:00,15.15,15.15,14.87,14.93,64989
2010-09-21 16:00:00-04:00,14.91,15.0,14.88,14.98,45659
2010-09-22 16:00:00-04:00,15.0,15.1,14.98,15.04,47307
2010-09-23 16:00:00-04:00,15.0,15.18,15.0,15.0896,36520
2010-09-24 16:00:00-04:00,15.12,15.14,15.0,15.04,32247
2010-09-27 16:00:00-04:00,15.08,15.14,15.03,15.0501,31064
2010-09-28 16:00:00-04:00,15.03,15.1,14.97,15.06,25273
2010-09-29 16:00:00-04:00,15.03,15.11,15.0,15.07,23631
2010-09-30 16:00:00-04:00,15.04,15.1,14.9833,15.1,28073
2010-10-01 16:00:00-04:00,15.14,15.14,14.99,15.01,10162
2010-10-04 16:00:00-04:00,15.05,15.09,14.99,15.09,35845
2010-10-05 16:00:00-04:00,15.06,15.06,14.94,14.97,47367
2010-10-06 16:00:00-04:00,14.95,15.1,14.93,15.1,31971
2010-10-07 16:00:00-04:00,15.07,15.15,15.03,15.144,41328
2010-10-08 16:00:00-04:00,15.07,15.15,15.05,15.07,30913
2010-10-11 16:00:00-04:00,15.07,15.15,15.06,15.07,21198
2010-10-12 16:00:00-04:00,15.04,15.16,15.04,15.16,21361
2010-10-13 16:00:00-04:00,15.16,15.3,15.12,15.22,52829
2010-10-14 16:00:00-04:00,15.18,15.2346,15.13,15.17,26619
2010-10-15 16:00:00-04:00,15.23,15.23,15.125,15.14,14494
2010-10-18 16:00:00-04:00,15.09,15.25,14.91,15.01,53620
2010-10-19 16:00:00-04:00,15.05,15.07,14.96,15.03,19743
2010-10-20 16:00:00-04:00,15.06,15.09,15.0,15.07,22048
2010-10-21 16:00:00-04:00,15.04,15.0799,15.01,15.0799,6770
2010-10-22 16:00:00-04:00,15.06,15.0797,14.995,15.0,19754
2010-10-25 16:00:00-04:00,14.98,15.08,14.86,14.95,57735
2010-10-26 16:00:00-04:00,14.91,15.276,14.91,15.25,70209
2010-10-27 16:00:00-04:00,15.13,15.18,14.85,14.92,80744
2010-10-28 16:00:00-04:00,14.76,14.85,14.68,14.81,39721
2010-10-29 16:00:00-04:00,14.77,14.85,14.77,14.8,30724
2010-11-01 16:00:00-04:00,14.78,14.99,14.78,14.87,39874
2010-11-02 16:00:00-04:00,14.88,14.92,14.82,14.88,13664
2010-11-03 16:00:00-04:00,14.93,14.95,14.78,14.94,36357
2010-11-04 16:00:00-04:00,15.02,15.02,14.85,14.8701,41708
2010-11-05 16:00:00-04:00,14.92,14.95,14.8601,14.8601,17857
2010-11-08 16:00:00-05:00,14.86,14.87,14.7,14.79,40716
2010-11-09 16:00:00-05:00,14.76,14.83,14.46,14.53,60227
2010-11-10 16:00:00-05:00,14.49,14.49,14.12,14.2,57462
2010-11-11 16:00:00-05:00,14.06,14.15,13.57,13.93,227206
2010-11-12 16:00:00-05:00,13.88,14.22,13.86,13.87,48682
2010-11-15 16:00:00-05:00,13.87,13.93,13.62,13.62,137675
2010-11-16 16:00:00-05:00,13.61,13.94,13.22,13.9,171960
2010-11-17 16:00:00-05:00,13.9,14.1,13.75,14.1,56799
2010-11-18 16:00:00-05:00,14.08,14.08,13.65,13.93,106274
2010-11-19 16:00:00-05:00,13.93,14.12,13.93,14.0901,35366
2010-11-22 16:00:00-05:00,14.02,14.3,13.9,14.3,61063
2010-11-23 16:00:00-05:00,14.27,14.39,14.2,14.32,48616
2010-11-24 16:00:00-05:00,14.32,14.39,14.2,14.27,49347
2010-11-26 16:00:00-05:00,14.18,14.3,14.18,14.3,12532
2010-11-29 16:00:00-05:00,14.33,14.39,14.21,14.26,47865
2010-11-30 16:00:00-05:00,14.22,14.32,14.18,14.22,35521
2010-12-01 16:00:00-05:00,14.47,14.47,14.18,14.2184,41642
2010-12-02 16:00:00-05:00,14.18,14.28,13.92,14.02,43579
2010-12-03 16:00:00-05:00,14.03,14.23,14.02,14.112,34960
2010-12-06 16:00:00-05:00,14.08,14.3,14.0,14.05,28988
2010-12-07 16:00:00-05:00,14.06,14.06,13.47,13.55,92651
2010-12-08 16:00:00-05:00,13.53,13.707,13.5,13.55,50018
2010-12-09 16:00:00-05:00,13.6,13.8,13.41,13.41,89821
2010-12-10 16:00:00-05:00,13.54,13.78,13.42,13.65,64438
2010-12-13 16:00:00-05:00,13.72,13.84,13.6,13.658,79145
2010-12-14 16:00:00-05:00,13.52,13.77,13.42,13.71,65300
2010-12-15 16:00:00-05:00,13.75,13.77,13.49,13.6999,110047
2010-12-16 16:00:00-05:00,13.77,14.28,13.74,14.18,104696
2010-12-17 16:00:00-05:00,14.14,14.39,14.03,14.25,44556
2010-12-20 16:00:00-05:00,14.16,14.17,13.55,13.6,70535
2010-12-21 16:00:00-05:00,13.62,13.68,13.5,13.56,57523
2010-12-22 16:00:00-05:00,13.47,13.87,13.45,13.6405,94370
2010-12-23 16:00:00-05:00,13.59,13.7,13.48,13.626,11388
2010-12-27 16:00:00-05:00,13.59,13.6,13.46,13.56,19063
2010-12-28 16:00:00-05:00,13.52,13.77,13.5,13.77,45663
2010-12-29 16:00:00-05:00,13.73,13.73,13.45,13.64,49157
2010-12-30 16:00:00-05:00,13.61,13.83,13.6,13.81,29620
2010-12-31 16:00:00-05:00,13.78,14.18,13.78,14.01,29045
2011-01-03 16:00:00-05:00,14.0,14.0,13.74,13.88,22374
2011-01-04 16:00:00-05:00,13.82,13.89,13.6,13.64,43840
2011-01-05 16:00:00-05:00,13.66,13.6732,13.6,13.61,7546
2011-01-06 16:00:00-05:00,13.55,13.7,13.55,13.66,28537
2011-01-07 16:00:00-05:00,13.7,13.8,13.6,13.73,34614
2011-01-10 16:00:00-05:00,13.67,13.7,13.62,13.63,27384
2011-01-11 16:00:00-05:00,13.6,13.68,13.47,13.5,38509
2011-01-12 16:00:00-05:00,13.47,13.472,13.29,13.31,75613
2011-01-13 16:00:00-05:00,13.24,13.29,13.13,13.2,69186
2011-01-14 16:00:00-05:00,13.18,13.34,13.11,13.204,71093
2011-01-18 16:00:00-05:00,13.27,13.4835,13.15,13.46,42703
2011-01-19 16:00:00-05:00,13.42,13.7,13.37,13.682,73207
2011-01-20 16:00:00-05:00,13.62,13.7,13.545,13.65,49021
2011-01-21 16:00:00-05:00,13.62,13.88,13.62,13.83,47670
2011-01-24 16:00:00-05:00,13.78,13.9,13.75,13.85,78129
2011-01-25 16:00:00-05:00,13.79,13.85,13.57,13.718,78094
2011-01-26 16:00:00-05:00,13.67,13.8,13.67,13.69,24743
2011-01-27 16:00:00-05:00,13.58,13.94,13.55,13.76,62097
2011-01-28 16:00:00-05:00,13.75,13.79,13.675,13.69,32583
2011-01-31 16:00:00-05:00,13.7,13.72,13.61,13.686,24657
2011-02-01 16:00:00-05:00,13.65,13.97,13.65,13.91,30872
2011-02-02 16:00:00-05:00,13.91,13.91,13.71,13.74,37417
2011-02-03 16:00:00-05:00,13.69,13.74,13.68,13.69,19631
2011-02-04 16:00:00-05:00,13.73,13.73,13.51,13.54,38283
2011-02-07 16:00:00-05:00,13.51,13.63,13.51,13.5738,26945
2011-02-08 16:00:00-05:00,13.61,13.696,13.54,13.61,34380
2011-02-09 16:00:00-05:00,13.66,13.68,13.59,13.59,20533
2011-02-10 16:00:00-05:00,13.64,13.69,13.57,13.588,21865
2011-02-11 16:00:00-05:00,13.52,13.68,13.52,13.55,25783
2011-02-14 16:00:00-05:00,13.53,13.61,13.51,13.53,8534
2011-02-15 16:00:00-05:00,13.57,13.64,13.53,13.626,15378
2011-02-16 16:00:00-05:00,13.66,13.94,13.66,13.82,35922
2011-02-17 16:00:00-05:00,13.86,14.1,13.86,14.01,50056
2011-02-18 16:00:00-05:00,13.97,14.1,13.97,13.98,26971
2011-02-22 16:00:00-05:00,13.85,14.0,13.83,13.86,46403
2011-02-23 16:00:00-05:00,13.83,14.11,13.83,14.0399,55808
2011-02-24 16:00:00-05:00,14.02,14.13,13.94,14.03,14368
2011-02-25 16:00:00-05:00,14.0,14.13,13.97,14.09,20888
2011-02-28 16:00:00-05:00,14.14,14.14,13.95,14.04,40048
2011-03-01 16:00:00-05:00,14.06,14.0899,13.99,14.05,19259
2011-03-02 16:00:00-05:00,14.05,14.1,14.02,14.03,22181
2011-03-03 16:00:00-05:00,14.01,14.05,13.92,14.03,34083
2011-03-04 16:00:00-05:00,14.0,14.012,13.94,13.95,32782
2011-03-07 16:00:00-05:00,13.97,14.07,13.95,13.95,41069
2011-03-08 16:00:00-05:00,13.95,14.13,13.93,14.04,31098
2011-03-09 16:00:00-05:00,14.09,14.1,13.99,13.99,25583
2011-03-10 16:00:00-05:00,14.0,14.09,14.0,14.04,14932
2011-03-11 16:00:00-05:00,14.01,14.13,13.92,13.99,27439
2011-03-14 16:00:00-04:00,14.0,14.05,13.94,13.9614,16829
2011-03-15 16:00:00-04:00,13.88,14.04,13.82,13.88,30419
2011-03-16 16:00:00-04:00,13.9,14.1,13.8,14.0857,29499
2011-03-17 16:00:00-04:00,14.05,14.14,13.95,14.066,34316
2011-03-18 16:00:00-04:00,14.06,14.14,14.06,14.14,24628
2011-03-21 16:00:00-04:00,14.14,14.22,14.01,14.024,24116
2011-03-22 16:00:00-04:00,14.02,14.02,13.8,13.83,34916
2011-03-23 16:00:00-04:00,13.88,13.98,13.87,13.98,8771
2011-03-24 16:00:00-04:00,13.94,14.02,13.91,13.91,23543
2011-03-25 16:00:00-04:00,13.9,13.99,13.9,13.98,10189
2011-03-28 16:00:00-04:00,14.02,14.02,13.87,13.93,35001
2011-03-29 16:00:00-04:00,13.85,13.93,13.84,13.85,29597
2011-03-30 16:00:00-04:00,13.93,13.9836,13.89,13.93,27603
2011-03-31 16:00:00-04:00,13.97,14.04,13.93,13.96,25166
2011-04-01 16:00:00-04:00,13.93,14.04,13.85,14.04,15367
2011-04-04 16:00:00-04:00,14.04,14.04,13.87,13.89,12835
2011-04-05 16:00:00-04:00,13.86,13.95,13.5,13.66,72835
2011-04-06 16:00:00-04:00,13.66,13.7337,13.63,13.66,24764
2011-04-07 16:00:00-04:00,13.62,13.69,13.6,13.62,25971
2011-04-08 16:00:00-04:00,13.63,13.65,13.57,13.58,36006
2011-04-11 16:00:00-04:00,13.58,13.67,13.58,13.65,17669
2011-04-12 16:00:00-04:00,13.65,13.66,13.5,13.5282,31027
2011-04-13 16:00:00-04:00,13.55,13.62,13.5,13.56,24836
2011-04-14 16:00:00-04:00,13.56,13.68,13.54,13.658,21943
2011-04-15 16:00:00-04:00,13.69,13.71,13.6,13.6769,20825
2011-04-18 16:00:00-04:00,13.62,14.0,13.6,13.96,58088
2011-04-19 16:00:00-04:00,13.96,14.05,13.89,13.98,48551
2011-04-20 16:00:00-04:00,14.0,14.19,14.0,14.19,52883
2011-04-21 16:00:00-04:00,14.19,14.19,14.02,14.06,19614
2011-04-25 16:00:00-04:00,14.1,14.19,14.07,14.1294,42565
2011-04-26 16:00:00-04:00,14.1,14.19,14.097,14.13,52218
2011-04-27 16:00:00-04:00,14.08,14.24,14.08,14.24,41111
2011-04-28 16:00:00-04:00,14.25,14.5,14.25,14.5,48360
2011-04-29 16:00:00-04:00,14.56,14.56,14.34,14.39,24607
2011-05-02 16:00:00-04:00,14.39,14.49,14.17,14.17,41209
2011-05-03 16:00:00-04:00,14.2,14.22,14.07,14.12,25440
2011-05-04 16:00:00-04:00,14.05,14.15,14.01,14.1101,48585
2011-05-05 16:00:00-04:00,14.08,14.22,14.05,14.22,14693
2011-05-06 16:00:00-04:00,14.2,14.2799,14.1352,14.2799,19022
2011-05-09 16:00:00-04:00,14.2,14.3,14.18,14.29,40320
2011-05-10 16:00:00-04:00,14.25,14.29,14.2,14.2,53479
2011-05-11 16:00:00-04:00,14.23,14.25,14.03,14.2,59434
2011-05-12 16:00:00-04:00,14.13,14.29,14.13,14.29,25778
2011-05-13 16:00:00-04:00,14.28,14.3,14.02,14.03,43035
2011-05-16 16:00:00-04:00,14.07,14.13,14.055,14.06,10899
2011-05-17 16:00:00-04:00,14.05,14.24,14.03,14.162,39490
2011-05-18 16:00:00-04:00,14.19,14.3,14.18,14.27,33409
2011-05-19 16:00:00-04:00,14.22,14.26,14.15,14.2,40981
2011-05-20 16:00:00-04:00,14.14,14.2,14.14,14.18,28033
2011-05-23 16:00:00-04:00,14.19,14.22,14.12,14.12,24246
2011-05-24 16:00:00-04:00,14.08,14.4,14.08,14.25,69514
2011-05-25 16:00:00-04:00,14.26,14.38,14.25,14.35,21201
2011-05-26 16:00:00-04:00,14.25,14.34,14.2,14.2,23795
2011-05-27 16:00:00-04:00,14.19,14.22,14.13,14.18,14903
2011-05-31 16:00:00-04:00,14.18,14.34,14.14,14.33,34140
2011-06-01 16:00:00-04:00,14.29,14.39,14.28,14.3,13303
2011-06-02 16:00:00-04:00,14.37,14.37,14.264,14.28,40048
2011-06-03 16:00:00-04:00,14.24,14.35,14.24,14.29,12025
2011-06-06 16:00:00-04:00,14.29,14.3,14.2828,14.286,1221
2011-06-07 16:00:00-04:00,14.2886,14.38,14.28,14.36,19401
2011-06-08 16:00:00-04:00,14.34,14.38,14.31,14.31,19809
2011-06-09 16:00:00-04:00,14.29,14.322,14.21,14.22,14314
2011-06-10 16:00:00-04:00,14.18,14.2175,14.17,14.19,6824
2011-06-13 16:00:00-04:00,14.15,14.15,14.1,14.1092,2405
2011-06-14 16:00:00-04:00,14.12,14.17,14.05,14.05,27775
2011-06-15 16:00:00-04:00,14.04,14.04,13.99,13.99,13151
2011-06-16 16:00:00-04:00,14.0,14.15,13.99,14.1271,40177
2011-06-17 16:00:00-04:00,14.15,14.2224,14.11,14.17,8593
2011-06-20 16:00:00-04:00,14.2,14.25,14.2,14.21,19101
2011-06-21 16:00:00-04:00,14.19,14.26,14.11,14.1805,43465
2011-06-22 16:00:00-04:00,14.15,14.24,14.13,14.234,20496
2011-06-23 16:00:00-04:00,14.22,14.284,14.18,14.284,12233
2011-06-24 16:00:00-04:00,14.26,14.35,14.17,14.17,18970
2011-06-27 16:00:00-04:00,14.22,14.242,14.15,14.18,29680
2011-06-28 16:00:00-04:00,14.13,14.1526,14.06,14.0718,17046
2011-06-29 16:00:00-04:00,14.05,14.12,14.03,14.03,17004
2011-06-30 16:00:00-04:00,14.03,14.12,14.03,14.12,18643
2011-07-01 16:00:00-04:00,14.18,14.23,14.12,14.12,20989
2011-07-05 16:00:00-04:00,14.12,14.13,14.1,14.12,17402
2011-07-06 16:00:00-04:00,14.1,14.17,14.06,14.12,21355
2011-07-07 16:00:00-04:00,14.08,14.25,14.08,14.1,28288
2011-07-08 16:00:00-04:00,14.08,14.2,14.08,14.19,29004
2011-07-11 16:00:00-04:00,14.1401,14.27,14.1401,14.24,13610
2011-07-12 16:00:00-04:00,14.24,14.35,14.24,14.3,31016
2011-07-13 16:00:00-04:00,14.37,14.37,14.2977,14.2977,14160
2011-07-14 16:00:00-04:00,14.24,14.3475,14.24,14.24,19542
2011-07-15 16:00:00-04:00,14.29,14.29,13.93,13.94,72047
2011-07-18 16:00:00-04:00,13.95,14.1,13.95,14.077,38680
2011-07-19 16:00:00-04:00,14.12,14.15,14.07,14.1038,23157
2011-07-20 16:00:00-04:00,14.16,14.28,14.1401,14.217,18346
2011-07-21 16:00:00-04:00,14.28,14.31,14.23,14.28,9312
2011-07-22 16:00:00-04:00,14.25,14.38,14.25,14.38,9333
2011-07-25 16:00:00-04:00,14.38,14.5,14.28,14.44,67764
2011-07-26 16:00:00-04:00,14.45,14.5,14.34,14.4,12177
2011-07-27 16:00:00-04:00,14.26,14.33,14.14,14.18,13900
2011-07-28 16:00:00-04:00,14.14,14.19,13.98,14.16,39221
2011-07-29 16:00:00-04:00,14.1,14.14,13.93,14.06,35978
2011-08-01 16:00:00-04:00,14.24,14.24,14.08,14.13,40199
2011-08-02 16:00:00-04:00,14.2,14.27,14.15,14.15,17670
2011-08-03 16:00:00-04:00,14.15,14.35,14.08,14.31,23133
2011-08-04 16:00:00-04:00,14.27,14.45,14.08,14.18,45854
2011-08-05 16:00:00-04:00,14.14,14.26,13.95,14.16,51275
2011-08-08 16:00:00-04:00,13.93,13.93,13.43,13.53,61135
2011-08-09 16:00:00-04:00,13.5,14.08,13.5,13.94,51046
2011-08-10 16:00:00-04:00,13.85,14.31,13.85,14.25,30633
2011-08-11 16:00:00-04:00,14.31,14.31,14.11,14.3,27575
2011-08-12 16:00:00-04:00,14.3,14.39,14.25,14.39,36059
2011-08-15 16:00:00-04:00,14.46,14.46,14.2,14.26,43414
2011-08-16 16:00:00-04:00,14.15,14.39,14.15,14.38,34515
2011-08-17 16:00:00-04:00,14.53,14.64,14.47,14.58,51032
2011-08-18 16:00:00-04:00,14.53,14.59,14.42,14.48,8995
2011-08-19 16:00:00-04:00,14.41,14.53,14.34,14.37,12420
2011-08-22 16:00:00-04:00,14.4,14.47,14.32,14.46,21485
2011-08-23 16:00:00-04:00,14.51,14.51,14.38,14.47,23593
2011-08-24 16:00:00-04:00,14.5,14.58,14.46,14.54,18207
2011-08-25 16:00:00-04:00,14.58,14.63,14.51,14.62,20842
2011-08-26 16:00:00-04:00,14.56,14.7,14.55,14.69,25837
2011-08-29 16:00:00-04:00,14.72,14.82,14.62,14.72,30120
2011-08-30 16:00:00-04:00,14.72,14.78,14.62,14.62,30750
2011-08-31 16:00:00-04:00,14.65,14.75,14.64,14.71,12630
2011-09-01 16:00:00-04:00,14.75,14.76,14.714,14.76,43075
2011-09-02 16:00:00-04:00,14.74,14.99,14.67,14.81,29228
2011-09-06 16:00:00-04:00,14.72,14.87,14.6825,14.69,17524
2011-09-07 16:00:00-04:00,14.83,14.84,14.54,14.6,28533
2011-09-08 16:00:00-04:00,14.59,14.6,14.57,14.6,23729
2011-09-09 16:00:00-04:00,14.52,14.6,14.44,14.6,22495
2011-09-12 16:00:00-04:00,14.59,14.6,14.58,14.6,19982
2011-09-13 16:00:00-04:00,14.6,14.6,14.56,14.6,25409
2011-09-14 16:00:00-04:00,14.69,14.69,14.46,14.51,41426
2011-09-15 16:00:00-04:00,14.7,14.7,14.42,14.46,25754
2011-09-16 16:00:00-04:00,14.48,14.6,14.46,14.52,36938
2011-09-19 16:00:00-04:00,14.51,14.6,14.48,14.58,13545
2011-09-20 16:00:00-04:00,14.55,14.6,14.48,14.58,40839
2011-09-21 16:00:00-04:00,14.58,14.7,14.57,14.66,48374
2011-09-22 16:00:00-04:00,14.61,14.71,14.57,14.68,26744
2011-09-23 16:00:00-04:00,14.7,14.731,14.66,14.677,16593
2011-09-26 16:00:00-04:00,14.73,14.9,14.7,14.86,39392
2011-09-27 16:00:00-04:00,14.96,14.96,14.68,14.85,106489
2011-09-28 16:00:00-04:00,14.75,14.84,14.75,14.82,11717
2011-09-29 16:00:00-04:00,14.84,14.85,14.72,14.81,36972
2011-09-30 16:00:00-04:00,14.76,14.86,14.76,14.8052,17876
2011-10-03 16:00:00-04:00,14.85,14.86,14.69,14.76,30175
2011-10-04 16:00:00-04:00,14.59,14.85,14.54,14.6982,26951
2011-10-05 16:00:00-04:00,14.55,14.81,14.55,14.7,36395
2011-10-06 16:00:00-04:00,14.65,14.82,14.59,14.59,18393
2011-10-07 16:00:00-04:00,14.73,14.73,14.53,14.64,22699
2011-10-10 16:00:00-04:00,14.65,14.85,14.63,14.67,15598
2011-10-11 16:00:00-04:00,14.81,14.85,14.56,14.56,18159
2011-10-12 16:00:00-04:00,14.67,14.74,14.35,14.42,42734
2011-10-13 16:00:00-04:00,14.35,14.45,14.32,14.4,13280
2011-10-14 16:00:00-04:00,14.48,14.73,14.43,14.73,23127
2011-10-17 16:00:00-04:00,14.72,14.85,14.7189,14.84,35874
2011-10-18 16:00:00-04:00,14.9,14.9,14.71,14.71,52076
2011-10-19 16:00:00-04:00,14.79,14.88,14.67,14.82,34069
2011-10-20 16:00:00-04:00,14.85,14.88,14.71,14.85,25131
2011-10-21 16:00:00-04:00,14.9,14.9,14.78,14.84,17183
2011-10-24 16:00:00-04:00,14.8,14.94,14.8,14.87,48078
2011-10-25 16:00:00-04:00,14.84,14.9,14.76,14.84,16692
2011-10-26 16:00:00-04:00,14.89,14.96,14.89,14.95,49916
2011-10-27 16:00:00-04:00,14.96,14.99,14.67,14.68,54764
2011-10-28 16:00:00-04:00,14.75,14.8,14.66,14.73,29579
2011-10-31 16:00:00-04:00,14.75,14.8,14.68,14.75,22003
2011-11-01 16:00:00-04:00,14.42,14.74,14.42,14.66,35808
2011-11-02 16:00:00-04:00,14.71,14.73,14.6,14.6,48265
2011-11-03 16:00:00-04:00,14.68,14.69,14.6,14.69,34339
2011-11-04 16:00:00-04:00,14.72,14.73,14.67,14.72,17716
2011-11-07 16:00:00-05:00,14.72,14.89,14.72,14.8,35600
2011-11-08 16:00:00-05:00,14.9,15.0,14.81,14.85,26374
2011-11-09 16:00:00-05:00,14.9,14.9,14.84,14.88,27798
2011-11-10 16:00:00-05:00,14.9,14.99,14.88,14.99,35633
2011-11-11 16:00:00-05:00,15.0,15.0,14.94,14.97,19022
2011-11-14 16:00:00-05:00,15.0,15.168,14.97,15.12,57899
2011-11-15 16:00:00-05:00,15.22,15.24,14.9,15.06,68810
2011-11-16 16:00:00-05:00,15.06,15.07,15.01,15.06,47852
2011-11-17 16:00:00-05:00,15.06,15.06,14.88,15.01,50330
2011-11-18 16:00:00-05:00,15.19,15.19,14.98,15.15,34522
2011-11-21 16:00:00-05:00,15.48,15.48,15.216,15.37,100847
2011-11-22 16:00:00-05:00,15.41,16.01,15.24,15.5,87173
2011-11-23 16:00:00-05:00,15.59,15.75,15.06,15.06,102128
2011-11-25 16:00:00-05:00,14.97,15.26,14.97,15.25,18949
2011-11-28 16:00:00-05:00,15.23,15.25,15.11,15.16,42196
2011-11-29 16:00:00-05:00,15.18,15.45,15.18,15.45,121543
2011-11-30 16:00:00-05:00,15.45,15.45,15.17,15.21,72258
2011-12-01 16:00:00-05:00,15.35,15.358,15.19,15.31,49862
2011-12-02 16:00:00-05:00,15.42,15.62,15.31,15.35,59104
2011-12-05 16:00:00-05:00,15.4,15.5,15.31,15.42,53455
2011-12-06 16:00:00-05:00,15.46,15.59,15.43,15.55,28784
2011-12-07 16:00:00-05:00,15.71,15.86,15.42,15.66,115012
2011-12-08 16:00:00-05:00,15.56,15.85,15.56,15.78,58944
2011-12-09 16:00:00-05:00,15.74,15.84,15.63,15.77,40200
2011-12-12 16:00:00-05:00,15.86,15.9,15.62,15.75,51500
2011-12-13 16:00:00-05:00,15.74,15.86,15.56,15.6299,84654
2011-12-14 16:00:00-05:00,15.72,15.75,15.47,15.56,109972
2011-12-15 16:00:00-05:00,15.67,15.78,15.33,15.35,71157
2011-12-16 16:00:00-05:00,15.48,15.62,15.4,15.57,47038
2011-12-19 16:00:00-05:00,15.53,15.83,15.53,15.54,38001
2011-12-20 16:00:00-05:00,15.61,15.8,15.5,15.55,46265
2011-12-21 16:00:00-05:00,15.66,15.73,15.5,15.73,54846
2011-12-22 16:00:00-05:00,15.78,15.9,15.7499,15.892,46658
2011-12-23 16:00:00-05:00,15.68,15.93,15.65,15.9,59352
2011-12-27 16:00:00-05:00,15.8,15.9,15.64,15.72,64356
2011-12-28 16:00:00-05:00,15.72,15.88,15.5,15.7716,46951
2011-12-29 16:00:00-05:00,15.78,15.85,15.672,15.8,39834
2011-12-30 16:00:00-05:00,15.89,15.9,15.71,15.9,37768
2012-01-03 16:00:00-05:00,15.9,16.0,15.84,15.9,55248
2012-01-04 16:00:00-05:00,15.94,16.03,15.8,15.84,46035
2012-01-05 16:00:00-05:00,15.87,15.88,15.7,15.79,37973
2012-01-06 16:00:00-05:00,15.74,15.82,15.72,15.79,47801
2012-01-09 16:00:00-05:00,15.75,15.95,15.7,15.95,50530
2012-01-10 16:00:00-05:00,15.91,15.95,15.76,15.86,45323
2012-01-11 16:00:00-05:00,15.82,15.89,15.757,15.88,30963
2012-01-12 16:00:00-05:00,15.82,15.9,15.77,15.84,47631
2012-01-13 16:00:00-05:00,15.84,15.93,15.84,15.8915,23223
2012-01-17 16:00:00-05:00,15.98,16.0,15.66,15.66,55511
2012-01-18 16:00:00-05:00,15.73,15.73,15.6,15.62,91841
2012-01-19 16:00:00-05:00,15.58,15.73,15.58,15.65,46520
2012-01-20 16:00:00-05:00,15.7,15.93,15.7,15.89,58547
2012-01-23 16:00:00-05:00,15.89,15.97,15.89,15.96,82461
2012-01-24 16:00:00-05:00,15.95,16.0,15.91,15.96,61803
2012-01-25 16:00:00-05:00,15.96,16.05,15.92,15.98,76810
2012-01-26 16:00:00-05:00,15.98,16.06,15.98,16.01,65820
2012-01-27 16:00:00-05:00,15.91,15.99,15.9,15.99,32389
2012-01-30 16:00:00-05:00,15.97,15.99,15.89,15.94,32595
2012-01-31 16:00:00-05:00,15.91,15.99,15.85,15.99,93753
2012-02-01 16:00:00-05:00,15.98,15.99,15.73,15.84,59168
2012-02-02 16:00:00-05:00,15.87,15.94,15.81,15.87,33262
2012-02-03 16:00:00-05:00,15.95,15.97,15.84,15.9,51947
2012-02-06 16:00:00-05:00,15.82,15.94,15.8,15.94,43390
2012-02-07 16:00:00-05:00,15.95,15.99,15.76,15.91,75237
2012-02-08 16:00:00-05:00,15.95,16.04,15.89,16.03,47591
2012-02-09 16:00:00-05:00,16.03,16.04,15.88,15.88,54600
2012-02-10 16:00:00-05:00,15.88,15.95,15.84,15.94,28913
2012-02-13 16:00:00-05:00,16.0,16.02,15.8,15.88,64285
2012-02-14 16:00:00-05:00,15.93,16.02,15.8751,15.9,66922
2012-02-15 16:00:00-05:00,15.96,16.04,15.94,15.94,42715
2012-02-16 16:00:00-05:00,15.99,16.04,15.71,15.714,80249
2012-02-17 16:00:00-05:00,15.63,15.81,15.57,15.78,61631
2012-02-21 16:00:00-05:00,15.84,16.1,15.84,15.97,76286
2012-02-22 16:00:00-05:00,15.97,16.01,15.97,15.98,39400
2012-02-23 16:00:00-05:00,16.04,16.04,15.9,15.94,48178
2012-02-24 16:00:00-05:00,15.98,16.16,15.95,16.14,67330
2012-02-27 16:00:00-05:00,16.1,16.2,16.03,16.07,65014
2012-02-28 16:00:00-05:00,16.03,16.06,15.83,15.97,54245
2012-02-29 16:00:00-05:00,16.0,16.08,15.93,16.02,26874
2012-03-01 16:00:00-05:00,15.96,16.01,15.8974,15.91,33129
2012-03-02 16:00:00-05:00,16.05,16.05,15.89,15.9001,51404
2012-03-05 16:00:00-05:00,15.9,15.9,15.8,15.8,44270
2012-03-06 16:00:00-05:00,15.8,15.8,15.3,15.45,64875
2012-03-07 16:00:00-05:00,15.5,15.63,15.5,15.54,58319
2012-03-08 16:00:00-05:00,15.56,15.64,15.56,15.62,29852
2012-03-09 16:00:00-05:00,15.67,15.71,15.63,15.67,29141
2012-03-12 16:00:00-04:00,15.63,15.69,15.61,15.64,59060
2012-03-13 16:00:00-04:00,15.64,15.64,15.616,15.64,31064
2012-03-14 16:00:00-04:00,15.68,15.6895,15.23,15.28,73420
2012-03-15 16:00:00-04:00,15.34,15.44,14.86,14.98,112170
2012-03-16 16:00:00-04:00,14.69,14.91,14.69,14.75,145818
2012-03-19 16:00:00-04:00,14.84,14.85,14.5,14.8,80318
2012-03-20 16:00:00-04:00,14.78,15.04,14.78,15.04,50732
2012-03-21 16:00:00-04:00,15.09,15.17,15.04,15.13,59990
2012-03-22 16:00:00-04:00,15.2,15.36,15.17,15.3,56264
2012-03-23 16:00:00-04:00,15.37,15.47,15.28,15.4,42040
2012-03-26 16:00:00-04:00,15.49,15.57,15.41,15.55,42687
2012-03-27 16:00:00-04:00,15.51,15.61,15.3,15.58,45684
2012-03-28 16:00:00-04:00,15.47,15.99,15.47,15.98,67419
2012-03-29 16:00:00-04:00,15.98,16.07,15.91,15.97,51758
2012-03-30 16:00:00-04:00,16.0,16.12,15.93,16.1,28045
2012-04-02 16:00:00-04:00,16.05,16.1,15.948,15.98,39365
2012-04-03 16:00:00-04:00,16.1,16.1,15.72,15.7799,39531
2012-04-04 16:00:00-04:00,16.09,16.09,15.7201,15.8816,31581
2012-04-05 16:00:00-04:00,16.07,16.1,15.82,16.0,44616
2012-04-09 16:00:00-04:00,16.06,16.06,15.77,15.87,46717
2012-04-10 16:00:00-04:00,15.93,16.04,15.77,15.9,40408
2012-04-11 16:00:00-04:00,15.85,15.92,15.73,15.84,43223
2012-04-12 16:00:00-04:00,15.77,15.79,15.3,15.62,65373
2012-04-13 16:00:00-04:00,15.55,15.84,15.51,15.79,42717
2012-04-16 16:00:00-04:00,15.79,16.32,15.78,16.02,26468
2012-04-17 16:00:00-04:00,16.23,16.23,15.8,15.85,48286
2012-04-18 16:00:00-04:00,15.85,16.06,15.85,15.9641,21998
2012-04-19 16:00:00-04:00,15.91,16.02,15.85,15.9599,45844
2012-04-20 16:00:00-04:00,16.0,16.11,15.97,16.06,33441
2012-04-23 16:00:00-04:00,15.99,16.05,15.9,15.96,52494
2012-04-24 16:00:00-04:00,15.91,16.09,15.91,16.07,71936
2012-04-25 16:00:00-04:00,16.1,16.42,16.0,16.38,50273
2012-04-26 16:00:00-04:00,16.22,16.27,16.05,16.18,35577
2012-04-27 16:00:00-04:00,16.1,16.22,16.02,16.15,36948
2012-04-30 16:00:00-04:00,16.17,16.17,16.05,16.13,20990
2012-05-01 16:00:00-04:00,16.62,16.62,15.92,15.98,50418
2012-05-02 16:00:00-04:00,16.08,16.08,15.946,16.0,16375
2012-05-03 16:00:00-04:00,16.03,16.18,16.0,16.03,54561
2012-05-04 16:00:00-04:00,16.13,16.22,16.09,16.16,27211
2012-05-07 16:00:00-04:00,16.24,16.29,16.15,16.29,14823
2012-05-08 16:00:00-04:00,16.32,16.56,16.25,16.33,29619
2012-05-09 16:00:00-04:00,16.34,16.52,16.27,16.41,46012
2012-05-10 16:00:00-04:00,16.36,16.55,16.36,16.48,23541
2012-05-11 16:00:00-04:00,16.5,16.5,16.3,16.44,47180
2012-05-14 16:00:00-04:00,16.37,16.5362,16.37,16.43,27958
2012-05-15 16:00:00-04:00,16.48,16.6,16.32,16.42,51855
2012-05-16 16:00:00-04:00,16.42,16.42,16.28,16.35,52726
2012-05-17 16:00:00-04:00,16.31,16.35,16.2,16.22,39813
2012-05-18 16:00:00-04:00,16.35,16.61,16.28,16.47,54518
2012-05-21 16:00:00-04:00,16.68,16.72,16.33,16.52,47644
2012-05-22 16:00:00-04:00,16.52,16.62,16.44,16.44,61224
2012-05-23 16:00:00-04:00,16.39,16.68,16.39,16.68,35966
2012-05-24 16:00:00-04:00,16.61,16.84,16.4,16.84,59447
2012-05-25 16:00:00-04:00,16.84,16.94,16.55,16.79,56276
2012-05-29 16:00:00-04:00,16.73,16.76,16.49,16.53,51191
2012-05-30 16:00:00-04:00,16.47,16.48,16.16,16.21,61023
2012-05-31 16:00:00-04:00,16.17,16.2092,16.04,16.05,64835
2012-06-01 16:00:00-04:00,16.06,16.19,16.0,16.06,44185
2012-06-04 16:00:00-04:00,16.11,16.15,16.06,16.12,30849
2012-06-05 16:00:00-04:00,16.06,16.1975,16.05,16.16,23057
2012-06-06 16:00:00-04:00,16.14,16.26,16.13,16.24,26321
2012-06-07 16:00:00-04:00,16.23,16.25,16.0,16.0,37459
2012-06-08 16:00:00-04:00,15.98,16.09,15.98,16.0,17730
2012-06-11 16:00:00-04:00,16.07,16.09,16.0,16.02,27741
2012-06-12 16:00:00-04:00,15.98,16.04,15.91,15.95,35013
2012-06-13 16:00:00-04:00,15.91,16.1,15.91,16.1,20779
2012-06-14 16:00:00-04:00,16.14,16.26,16.11,16.178,68829
2012-06-15 16:00:00-04:00,16.23,16.28,16.13,16.24,37389
2012-06-18 16:00:00-04:00,16.31,16.46,16.2554,16.36,38853
2012-06-19 16:00:00-04:00,16.45,16.51,16.37,16.5,23620
2012-06-20 16:00:00-04:00,16.53,16.68,16.491,16.56,65120
2012-06-21 16:00:00-04:00,16.6,16.61,16.51,16.61,37280
2012-06-22 16:00:00-04:00,16.51,16.61,16.49,16.56,49135
2012-06-25 16:00:00-04:00,16.49,16.65,16.49,16.588,37111
2012-06-26 16:00:00-04:00,16.61,16.61,16.39,16.42,48513
2012-06-27 16:00:00-04:00,16.38,16.52,16.37,16.48,25924
2012-06-28 16:00:00-04:00,16.43,16.61,16.43,16.61,43805
2012-06-29 16:00:00-04:00,16.65,16.87,16.591,16.85,48216
2012-07-02 16:00:00-04:00,16.89,17.16,16.64,16.83,69978
2012-07-03 16:00:00-04:00,17.03,17.03,16.82,16.9,21116
2012-07-05 16:00:00-04:00,17.1,17.1,16.85,16.88,20791
2012-07-06 16:00:00-04:00,16.9,16.95,16.803,16.83,33140
2012-07-09 16:00:00-04:00,16.78,17.1,16.78,17.02,65017
2012-07-10 16:00:00-04:00,17.01,17.129,16.95,17.02,26973
2012-07-11 16:00:00-04:00,17.02,17.1,16.97,16.97,49479
2012-07-12 16:00:00-04:00,16.85,16.93,16.62,16.62,78997
2012-07-13 16:00:00-04:00,16.6,16.7501,16.6,16.73,42962
2012-07-16 16:00:00-04:00,16.8,17.1865,16.66,16.73,31499
2012-07-17 16:00:00-04:00,16.73,16.73,16.56,16.64,37450
2012-07-18 16:00:00-04:00,16.64,16.739,16.64,16.64,41397
2012-07-19 16:00:00-04:00,16.64,16.64,16.5699,16.6301,18471
2012-07-20 16:00:00-04:00,16.61,16.829,16.61,16.7848,26846
2012-07-23 16:00:00-04:00,16.83,16.94,16.768,16.85,27107
2012-07-24 16:00:00-04:00,16.85,16.98,16.8,16.98,30646
2012-07-25 16:00:00-04:00,17.05,17.05,16.93,16.93,38405
2012-07-26 16:00:00-04:00,16.95,17.15,16.94,17.12,44618
2012-07-27 16:00:00-04:00,17.01,17.1,16.91,16.97,57355
2012-07-30 16:00:00-04:00,16.9696,16.97,16.84,16.89,21506
2012-07-31 16:00:00-04:00,16.81,16.81,16.61,16.67,44994
2012-08-01 16:00:00-04:00,16.65,16.84,16.65,16.77,24175
2012-08-02 16:00:00-04:00,16.81,17.26,16.71,17.13,82607
2012-08-03 16:00:00-04:00,17.16,17.18,16.98,17.03,31806
2012-08-06 16:00:00-04:00,16.98,17.2,16.98,17.12,16335
2012-08-07 16:00:00-04:00,17.06,17.189,16.99,16.99,48271
2012-08-08 16:00:00-04:00,16.96,17.12,16.44,16.451,100970
2012-08-09 16:00:00-04:00,16.42,16.54,16.09,16.14,73231
2012-08-10 16:00:00-04:00,16.06,16.25,16.05,16.16,63096
2012-08-13 16:00:00-04:00,16.1,16.26,16.0,16.14,48444
2012-08-14 16:00:00-04:00,16.08,16.24,16.01,16.06,43650
2012-08-15 16:00:00-04:00,16.13,16.21,16.06,16.21,37924
2012-08-16 16:00:00-04:00,16.25,16.259,16.081,16.09,24766
2012-08-17 16:00:00-04:00,16.1,16.22,15.98,16.09,68331
2012-08-20 16:00:00-04:00,16.14,16.14,16.04,16.14,36432
2012-08-21 16:00:00-04:00,16.1,16.19,16.06,16.1101,57378
2012-08-22 16:00:00-04:00,16.02,16.06,15.72,15.908,69449
2012-08-23 16:00:00-04:00,15.85,15.92,15.8,15.81,75698
2012-08-24 16:00:00-04:00,15.75,15.86,15.7138,15.85,46840
2012-08-27 16:00:00-04:00,15.81,16.0,15.81,16.0,45076
2012-08-28 16:00:00-04:00,16.0,16.12,15.989,16.11,63037
2012-08-29 16:00:00-04:00,15.98,16.31,15.98,16.28,36768
2012-08-30 16:00:00-04:00,16.33,16.34,16.241,16.34,34744
2012-08-31 16:00:00-04:00,16.42,16.431,16.36,16.431,20272
2012-09-04 16:00:00-04:00,16.354,16.5,16.35,16.38,24945
2012-09-05 16:00:00-04:00,16.43,16.43,16.3,16.39,25238
2012-09-06 16:00:00-04:00,16.42,16.43,16.24,16.35,27011
2012-09-07 16:00:00-04:00,16.37,16.43,16.19,16.42,43192
2012-09-10 16:00:00-04:00,16.42,16.582,16.38,16.52,27578
2012-09-11 16:00:00-04:00,16.52,16.6,16.52,16.58,42168
2012-09-12 16:00:00-04:00,16.64,16.7,16.6183,16.66,50311
2012-09-13 16:00:00-04:00,16.6,16.84,16.6,16.77,36293
2012-09-14 16:00:00-04:00,16.75,16.92,16.64,16.92,55478
2012-09-17 16:00:00-04:00,16.87,17.18,16.85,17.08,44355
2012-09-18 16:00:00-04:00,17.1,17.1,16.84,17.05,57214
2012-09-19 16:00:00-04:00,16.98,17.15,16.9317,17.03,38050
2012-09-20 16:00:00-04:00,16.96,17.08,16.89,17.08,50567
2012-09-21 16:00:00-04:00,17.1,17.16,16.99,17.16,48191
2012-09-24 16:00:00-04:00,17.18,17.218,17.0,17.01,65336
2012-09-25 16:00:00-04:00,16.97,17.24,16.92,17.14,60436
2012-09-26 16:00:00-04:00,17.0,17.23,17.0,17.23,23323
2012-09-27 16:00:00-04:00,17.25,17.25,17.08,17.11,50456
2012-09-28 16:00:00-04:00,17.06,17.2,16.95,17.04,35378
2012-10-01 16:00:00-04:00,17.02,17.17,17.02,17.08,34005
2012-10-02 16:00:00-04:00,17.03,17.07,16.94,16.94,24154
2012-10-03 16:00:00-04:00,16.91,17.0,16.91,16.9801,35754
2012-10-04 16:00:00-04:00,17.01,17.04,16.92,16.96,14541
2012-10-05 16:00:00-04:00,16.92,17.13,16.92,16.951,51093
2012-10-08 16:00:00-04:00,16.94,16.95,16.91,16.91,14708
2012-10-09 16:00:00-04:00,16.86,16.89,16.79,16.79,10256
2012-10-10 16:00:00-04:00,16.72,16.741,16.56,16.59,32118
2012-10-11 16:00:00-04:00,16.54,16.64,16.54,16.62,14463
2012-10-12 16:00:00-04:00,16.6,16.64,16.5,16.61,35845
2012-10-15 16:00:00-04:00,16.68,16.89,16.68,16.73,35141
2012-10-16 16:00:00-04:00,16.68,16.7,16.45,16.48,27502
2012-10-17 16:00:00-04:00,16.54,16.63,16.46,16.61,21144
2012-10-18 16:00:00-04:00,16.56,16.6,16.4801,16.54,26488
2012-10-19 16:00:00-04:00,16.5,16.5683,16.461,16.54,15582
2012-10-22 16:00:00-04:00,16.48,16.55,16.46,16.46,13434
2012-10-23 16:00:00-04:00,16.45,16.6,16.45,16.6,13673
2012-10-24 16:00:00-04:00,16.55,16.67,16.55,16.64,8816
2012-10-25 16:00:00-04:00,16.61,16.64,16.56,16.64,20274
2012-10-26 16:00:00-04:00,16.64,16.71,16.6,16.7,20858
2012-10-31 16:00:00-04:00,16.63,16.63,16.43,16.43,32618
2012-11-01 16:00:00-04:00,16.53,16.61,16.5,16.6,21429
2012-11-02 16:00:00-04:00,16.54,16.54,16.321,16.45,24277
2012-11-05 16:00:00-05:00,16.36,16.47,16.31,16.38,42786
2012-11-06 16:00:00-05:00,16.32,16.57,16.32,16.37,54929
2012-11-07 16:00:00-05:00,16.4,16.55,16.4,16.53,24418
2012-11-08 16:00:00-05:00,16.53,16.73,16.53,16.73,19008
2012-11-09 16:00:00-05:00,16.65,16.95,16.65,16.95,40613
2012-11-12 16:00:00-05:00,16.99,17.04,16.92,16.98,35792
2012-11-13 16:00:00-05:00,17.03,17.07,16.94,17.04,37364
2012-11-14 16:00:00-05:00,17.05,17.19,16.91,17.01,91439
2012-11-15 16:00:00-05:00,17.01,17.01,16.62,16.94,51499
2012-11-16 16:00:00-05:00,17.0,17.19,16.8601,16.99,41008
2012-11-19 16:00:00-05:00,17.16,17.32,17.06,17.24,64340
2012-11-20 16:00:00-05:00,17.28,17.36,17.06,17.3,49611
2012-11-21 16:00:00-05:00,17.33,17.4,17.321,17.37,42794
2012-11-23 16:00:00-05:00,17.47,17.53,17.39,17.5,14654
2012-11-26 16:00:00-05:00,17.56,17.56,16.96,17.04,73336
2012-11-27 16:00:00-05:00,17.05,17.25,16.98,17.1,39008
2012-11-28 16:00:00-05:00,17.13,17.37,17.031,17.08,29035
2012-11-29 16:00:00-05:00,17.33,17.5,16.93,16.94,56731
2012-11-30 16:00:00-05:00,17.3,17.3,16.87,16.94,60910
2012-12-03 16:00:00-05:00,16.95,17.02,16.8495,16.9,28838
2012-12-04 16:00:00-05:00,16.95,16.96,16.59,16.67,48992
2012-12-05 16:00:00-05:00,16.75,16.79,16.6,16.72,33001
2012-12-06 16:00:00-05:00,16.69,16.79,16.58,16.78,43031
2012-12-07 16:00:00-05:00,16.8,16.8,16.55,16.61,24862
2012-12-10 16:00:00-05:00,16.65,16.69,16.3,16.31,102703
2012-12-11 16:00:00-05:00,16.41,16.54,16.35,16.48,65858
2012-12-12 16:00:00-05:00,16.42,16.7,16.33,16.64,47046
2012-12-13 16:00:00-05:00,16.58,16.65,16.42,16.65,31974
2012-12-14 16:00:00-05:00,16.63,16.64,16.15,16.33,75580
2012-12-17 16:00:00-05:00,16.25,16.289,16.0,16.24,93266
2012-12-18 16:00:00-05:00,16.11,16.16,15.96,15.96,80336
2012-12-19 16:00:00-05:00,15.98,16.22,15.98,16.14,62760
2012-12-20 16:00:00-05:00,16.19,16.28,16.0,16.1,56165
2012-12-21 16:00:00-05:00,15.99,16.56,15.95,16.43,54098
2012-12-24 16:00:00-05:00,16.45,16.47,16.171,16.258,21591
2012-12-26 16:00:00-05:00,16.34,16.41,16.03,16.22,29695
2012-12-27 16:00:00-05:00,16.15,16.25,15.91,16.0,57984
2012-12-28 16:00:00-05:00,16.04,16.13,15.99,16.0,24004
2012-12-31 16:00:00-05:00,15.83,16.22,15.63,16.18,201908
2013-01-02 16:00:00-05:00,16.16,16.38,16.15,16.38,47418
2013-01-03 16:00:00-05:00,16.44,16.54,16.41,16.41,48358
2013-01-04 16:00:00-05:00,16.52,16.73,16.52,16.73,26153
2013-01-07 16:00:00-05:00,16.68,16.9,16.61,16.9,25621
2013-01-08 16:00:00-05:00,16.94,16.94,16.81,16.88,32892
2013-01-09 16:00:00-05:00,16.94,16.97,16.83,16.94,27771
2013-01-10 16:00:00-05:00,16.91,16.94,16.8,16.92,19029
2013-01-11 16:00:00-05:00,16.99,17.046,16.9,17.04,39132
2013-01-14 16:00:00-05:00,17.04,17.04,16.91,16.92,32304
2013-01-15 16:00:00-05:00,17.06,17.06,16.76,16.8,58167
2013-01-16 16:00:00-05:00,16.85,16.85,16.61,16.84,36778
2013-01-17 16:00:00-05:00,16.88,16.99,16.87,16.99,27871
2013-01-18 16:00:00-05:00,17.0,17.0,16.88,16.9,52922
2013-01-22 16:00:00-05:00,16.98,16.99,16.93,16.96,37634
2013-01-23 16:00:00-05:00,16.97,17.0,16.92,16.98,30240
2013-01-24 16:00:00-05:00,17.0,17.05,16.9402,17.05,25857
2013-01-25 16:00:00-05:00,17.1,17.1,16.95,17.05,24811
2013-01-28 16:00:00-05:00,17.16,17.17,16.85,16.85,50482
2013-01-29 16:00:00-05:00,16.94,16.94,16.56,16.66,38114
2013-01-30 16:00:00-05:00,16.8,16.8,16.48,16.59,39020
2013-01-31 16:00:00-05:00,16.53,16.66,16.4401,16.57,34044
2013-02-01 16:00:00-05:00,16.61,16.65,16.43,16.4301,31888
2013-02-04 16:00:00-05:00,16.43,16.53,16.36,16.38,21370
2013-02-05 16:00:00-05:00,16.46,16.54,16.45,16.52,23004
2013-02-06 16:00:00-05:00,16.46,16.54,16.45,16.47,35768
2013-02-07 16:00:00-05:00,16.54,16.55,16.38,16.46,30207
2013-02-08 16:00:00-05:00,16.52,16.56,16.48,16.48,24131
2013-02-11 16:00:00-05:00,16.56,16.59,16.41,16.42,31194
2013-02-12 16:00:00-05:00,16.49,16.53,16.401,16.49,20208
2013-02-13 16:00:00-05:00,16.51,16.52,16.27,16.29,42954
2013-02-14 16:00:00-05:00,16.26,16.28,16.06,16.06,52846
2013-02-15 16:00:00-05:00,16.03,16.209,16.0206,16.08,46179
2013-02-19 16:00:00-05:00,16.15,16.21,16.02,16.04,32102
2013-02-20 16:00:00-05:00,16.09,16.19,16.021,16.08,67047
2013-02-21 16:00:00-05:00,16.17,16.44,16.17,16.24,33355
2013-02-22 16:00:00-05:00,16.32,16.32,16.13,16.13,21423
2013-02-25 16:00:00-05:00,16.13,16.1712,16.03,16.1,47297
2013-02-26 16:00:00-05:00,16.04,16.0899,15.94,16.06,43552
2013-02-27 16:00:00-05:00,16.06,16.08,15.96,16.08,54867
2013-02-28 16:00:00-05:00,16.09,16.28,16.03,16.28,42848
2013-03-01 16:00:00-05:00,16.34,16.39,16.21,16.39,28710
2013-03-04 16:00:00-05:00,16.42,16.44,16.35,16.43,23021
2013-03-05 16:00:00-05:00,16.45,16.469,16.32,16.44,26735
2013-03-06 16:00:00-05:00,16.48,16.48,16.3,16.4,31891
2013-03-07 16:00:00-05:00,16.44,16.44,16.3,16.42,33033
2013-03-08 16:00:00-05:00,16.42,16.529,16.3,16.44,56238
2013-03-11 16:00:00-04:00,16.49,16.49,16.1,16.31,57399
2013-03-12 16:00:00-04:00,16.34,16.34,15.99,16.19,51713
2013-03-13 16:00:00-04:00,16.26,16.3,16.02,16.3,32281
2013-03-14 16:00:00-04:00,16.29,16.29,15.94,16.13,45846
2013-03-15 16:00:00-04:00,15.99,16.179,15.62,15.7,145571
2013-03-18 16:00:00-04:00,15.56,15.85,15.36,15.85,83563
2013-03-19 16:00:00-04:00,15.86,16.01,15.65,15.84,49999
2013-03-20 16:00:00-04:00,16.05,16.05,15.84,16.05,33497
2013-03-21 16:00:00-04:00,15.9,16.03,15.81,15.95,64583
2013-03-22 16:00:00-04:00,15.83,16.0,15.78,15.9,35017
2013-03-25 16:00:00-04:00,15.91,15.91,15.61,15.82,39106
2013-03-26 16:00:00-04:00,15.77,15.77,15.59,15.68,54095
2013-03-27 16:00:00-04:00,15.73,15.89,15.65,15.89,63233
2013-03-28 16:00:00-04:00,15.92,15.92,15.57,15.57,60948
2013-04-01 16:00:00-04:00,15.6,15.73,15.6,15.69,23993
2013-04-02 16:00:00-04:00,15.77,15.77,15.62,15.66,24115
2013-04-03 16:00:00-04:00,15.66,15.687,15.5,15.68,43347
2013-04-04 16:00:00-04:00,15.76,15.76,15.56,15.65,17719
2013-04-05 16:00:00-04:00,15.65,15.95,15.65,15.95,51496
2013-04-08 16:00:00-04:00,15.89,16.05,15.72,15.88,38986
2013-04-09 16:00:00-04:00,15.84,15.8899,15.66,15.69,40949
2013-04-10 16:00:00-04:00,15.82,15.87,15.75,15.81,25639
2013-04-11 16:00:00-04:00,15.89,15.96,15.78,15.95,40858
2013-04-12 16:00:00-04:00,15.96,16.1,15.9,16.05,33892
2013-04-15 16:00:00-04:00,16.14,16.16,16.0608,16.12,42126
2013-04-16 16:00:00-04:00,16.17,16.28,16.07,16.28,55476
2013-04-17 16:00:00-04:00,16.29,16.4099,16.19,16.24,29300
2013-04-18 16:00:00-04:00,16.33,16.43,16.23,16.26,16579
2013-04-19 16:00:00-04:00,16.38,16.44,16.23,16.34,29074
2013-04-22 16:00:00-04:00,16.4,16.4,16.29,16.4,22833
2013-04-23 16:00:00-04:00,16.45,16.45,16.3,16.34,16591
2013-04-24 16:00:00-04:00,16.46,16.46,16.14,16.15,31278
2013-04-25 16:00:00-04:00,16.32,16.35,16.21,16.33,29865
2013-04-26 16:00:00-04:00,16.27,16.34,16.18,16.25,15340
2013-04-29 16:00:00-04:00,16.36,16.39,16.16,16.26,37984
2013-04-30 16:00:00-04:00,16.3,16.43,16.3,16.35,18785
2013-05-01 16:00:00-04:00,16.4,16.4,16.2,16.2,34238
2013-05-02 16:00:00-04:00,16.26,16.33,16.22,16.33,13910
2013-05-03 16:00:00-04:00,16.33,16.33,16.21,16.3,12309
2013-05-06 16:00:00-04:00,16.3,16.37,16.23,16.36,29130
2013-05-07 16:00:00-04:00,16.39,16.44,16.31,16.44,12257
2013-05-08 16:00:00-04:00,16.47,16.47,16.35,16.4,24915
2013-05-09 16:00:00-04:00,16.46,16.62,16.415,16.6,33175
2013-05-10 16:00:00-04:00,16.61,16.7,16.52,16.7,38745
2013-05-13 16:00:00-04:00,16.71,16.79,16.56,16.62,23635
2013-05-14 16:00:00-04:00,16.69,16.69,16.3,16.62,54885
2013-05-15 16:00:00-04:00,16.62,16.79,16.31,16.39,49393
2013-05-16 16:00:00-04:00,16.48,16.58,16.33,16.4,27402
2013-05-17 16:00:00-04:00,16.36,16.59,16.3,16.37,18597
2013-05-20 16:00:00-04:00,16.43,16.61,16.41,16.42,25075
2013-05-21 16:00:00-04:00,16.3,16.44,16.3,16.44,39882
2013-05-22 16:00:00-04:00,16.4,16.55,16.4,16.44,39823
2013-05-23 16:00:00-04:00,16.44,16.51,16.34,16.405,21014
2013-05-24 16:00:00-04:00,16.45,16.51,16.33,16.39,47738
2013-05-28 16:00:00-04:00,16.49,16.49,16.24,16.35,62322
2013-05-29 16:00:00-04:00,16.28,16.28,15.5,15.64,145516
2013-05-30 16:00:00-04:00,15.6,15.64,15.36,15.5,73145
2013-05-31 16:00:00-04:00,15.4,15.47,15.09,15.12,88327
2013-06-03 16:00:00-04:00,15.01,15.08,14.58,14.8401,152778
2013-06-04 16:00:00-04:00,14.87,14.98,14.75,14.98,69024
2013-06-05 16:00:00-04:00,15.0,15.12,14.91,15.09,62002
2013-06-06 16:00:00-04:00,15.11,15.36,15.07,15.34,52060
2013-06-07 16:00:00-04:00,15.34,15.34,15.171,15.171,46541
2013-06-10 16:00:00-04:00,15.22,15.22,14.851,14.95,47506
2013-06-11 16:00:00-04:00,14.83,14.879,14.58,14.63,93285
2013-06-12 16:00:00-04:00,14.72,14.72,14.29,14.36,81490
2013-06-13 16:00:00-04:00,14.36,14.42,14.2,14.42,121701
2013-06-14 16:00:00-04:00,14.48,14.68,14.46,14.62,46041
2013-06-17 16:00:00-04:00,14.65,14.79,14.47,14.51,106843
2013-06-18 16:00:00-04:00,14.45,14.56,14.31,14.53,65786
2013-06-19 16:00:00-04:00,14.45,14.55,14.38,14.41,53115
2013-06-20 16:00:00-04:00,14.36,14.41,14.12,14.15,145214
2013-06-21 16:00:00-04:00,14.13,14.21,13.91,14.11,70600
2013-06-24 16:00:00-04:00,14.0,14.1,13.61,13.83,105624
2013-06-25 16:00:00-04:00,13.86,14.12,13.62,14.12,97494
2013-06-26 16:00:00-04:00,14.1,14.44,14.0477,14.33,64586
2013-06-27 16:00:00-04:00,14.44,14.56,14.38,14.4864,54177
2013-06-28 16:00:00-04:00,14.54,14.54,14.33,14.44,44609
2013-07-01 16:00:00-04:00,14.53,14.6,14.41,14.49,55214
2013-07-02 16:00:00-04:00,14.41,14.49,14.33,14.43,34250
2013-07-03 16:00:00-04:00,14.43,14.47,14.14,14.14,56348
2013-07-05 16:00:00-04:00,14.14,14.14,13.83,13.93,48482
2013-07-08 16:00:00-04:00,14.11,14.25,14.05,14.12,81436
2013-07-09 16:00:00-04:00,14.18,14.18,14.04,14.07,30809
2013-07-10 16:00:00-04:00,14.16,14.16,13.98,13.98,38834
2013-07-11 16:00:00-04:00,14.04,14.18,14.03,14.18,45741
2013-07-12 16:00:00-04:00,14.24,14.24,14.06,14.1,48666
2013-07-15 16:00:00-04:00,14.1,14.23,14.1,14.1,56420
2013-07-16 16:00:00-04:00,14.05,14.07,13.89,13.91,73041
2013-07-17 16:00:00-04:00,13.91,14.05,13.91,13.97,45659
2013-07-18 16:00:00-04:00,14.03,14.0503,13.88,13.88,44703
2013-07-19 16:00:00-04:00,13.93,14.0,13.76,13.76,43144
2013-07-22 16:00:00-04:00,13.82,13.82,13.56,13.61,66524
2013-07-23 16:00:00-04:00,13.71,13.88,13.71,13.88,46065
2013-07-24 16:00:00-04:00,13.93,13.93,13.57,13.6,87351
2013-07-25 16:00:00-04:00,13.52,13.67,13.5,13.56,80646
2013-07-26 16:00:00-04:00,13.6,13.7,13.53,13.62,36756
2013-07-29 16:00:00-04:00,13.57,13.71,13.51,13.71,65566
2013-07-30 16:00:00-04:00,13.63,13.7,13.5711,13.7,39453
2013-07-31 16:00:00-04:00,13.65,13.68,13.566,13.67,36614
2013-08-01 16:00:00-04:00,13.73,13.74,13.46,13.5,77722
2013-08-02 16:00:00-04:00,13.51,13.54,13.44,13.45,76918
2013-08-05 16:00:00-04:00,13.44,13.458,13.31,13.33,64469
2013-08-06 16:00:00-04:00,13.33,13.37,13.18,13.25,74474
2013-08-07 16:00:00-04:00,13.25,13.25,13.12,13.18,90135
2013-08-08 16:00:00-04:00,13.15,13.25,13.14,13.19,80097
2013-08-09 16:00:00-04:00,13.15,13.24,13.11,13.24,49998
2013-08-12 16:00:00-04:00,13.23,13.29,13.19,13.19,77404
2013-08-13 16:00:00-04:00,13.22,13.29,13.07,13.23,70414
2013-08-14 16:00:00-04:00,13.21,13.33,13.16,13.33,103087
2013-08-15 16:00:00-04:00,13.25,13.35,13.1,13.24,109756
2013-08-16 16:00:00-04:00,13.24,13.55,13.09,13.55,164838
2013-08-19 16:00:00-04:00,13.5,13.5,13.2,13.2,63734
2013-08-20 16:00:00-04:00,13.25,13.639,13.13,13.56,82379
2013-08-21 16:00:00-04:00,13.57,13.82,13.49,13.72,122527
2013-08-22 16:00:00-04:00,13.7,13.99,13.7,13.98,85137
2013-08-23 16:00:00-04:00,13.9,13.94,13.76,13.86,69179
2013-08-26 16:00:00-04:00,13.91,13.91,13.6,13.63,79267
2013-08-27 16:00:00-04:00,13.65,13.76,13.44,13.74,104064
2013-08-28 16:00:00-04:00,13.69,13.77,13.45,13.52,65219
2013-08-29 16:00:00-04:00,13.43,13.64,13.29,13.64,58769
2013-08-30 16:00:00-04:00,13.62,13.62,13.36,13.56,49719
2013-09-03 16:00:00-04:00,13.52,13.63,13.49,13.56,72631
2013-09-04 16:00:00-04:00,13.57,13.71,13.44,13.71,42588
2013-09-05 16:00:00-04:00,13.64,13.67,13.28,13.28,74828
2013-09-06 16:00:00-04:00,13.32,13.62,13.21,13.62,69621
2013-09-09 16:00:00-04:00,13.54,13.6636,13.47,13.64,52974
2013-09-10 16:00:00-04:00,13.66,13.66,13.47,13.53,25054
2013-09-11 16:00:00-04:00,13.46,13.48,13.33,13.47,31672
2013-09-12 16:00:00-04:00,13.39,13.5,13.39,13.49,36285
2013-09-13 16:00:00-04:00,13.45,13.65,13.42,13.65,31125
2013-09-16 16:00:00-04:00,13.67,13.89,13.58,13.79,91510
2013-09-17 16:00:00-04:00,13.76,14.459,13.73,14.26,66560
2013-09-18 16:00:00-04:00,14.26,14.42,13.91,14.38,73398
2013-09-19 16:00:00-04:00,14.45,14.45,14.11,14.25,58495
2013-09-20 16:00:00-04:00,14.16,14.2201,13.94,14.17,74194
2013-09-23 16:00:00-04:00,14.23,14.23,13.98,14.14,51429
2013-09-24 16:00:00-04:00,14.2,14.249,14.018,14.04,64490
2013-09-25 16:00:00-04:00,14.15,14.23,14.05,14.23,73799
2013-09-26 16:00:00-04:00,14.06,14.2,14.04,14.2,31332
2013-09-27 16:00:00-04:00,14.2,14.2,13.98,14.11,31421
2013-09-30 16:00:00-04:00,14.04,14.06,13.97,13.97,19299
2013-10-01 16:00:00-04:00,14.04,14.1,13.83,14.1,71632
2013-10-02 16:00:00-04:00,14.07,14.139,13.85,14.05,37282
2013-10-03 16:00:00-04:00,14.05,14.07,13.95,14.07,18406
2013-10-04 16:00:00-04:00,13.98,14.035,13.88,13.97,42239
2013-10-07 16:00:00-04:00,13.99,13.99,13.59,13.62,59021
2013-10-08 16:00:00-04:00,13.69,13.69,13.44,13.44,61995
2013-10-09 16:00:00-04:00,13.55,13.59,13.4,13.58,41016
2013-10-10 16:00:00-04:00,13.5,13.57,13.47,13.57,38517
2013-10-11 16:00:00-04:00,13.6,13.6,13.43,13.5,37195
2013-10-14 16:00:00-04:00,13.6,13.65,13.47,13.56,23353
2013-10-15 16:00:00-04:00,13.67,13.74,13.47,13.51,61201
2013-10-16 16:00:00-04:00,13.64,13.64,13.49,13.6,40025
2013-10-17 16:00:00-04:00,13.56,13.86,13.56,13.86,62825
2013-10-18 16:00:00-04:00,13.92,14.0,13.9,13.96,54372
2013-10-21 16:00:00-04:00,14.04,14.04,13.8,13.87,36765
2013-10-22 16:00:00-04:00,13.93,14.24,13.9,14.24,80881
2013-10-23 16:00:00-04:00,14.25,14.41,14.18,14.36,54162
2013-10-24 16:00:00-04:00,14.49,14.66,14.3,14.55,46596
2013-10-25 16:00:00-04:00,14.7,14.7,14.28,14.4,37163
2013-10-28 16:00:00-04:00,14.49,14.51,14.37,14.46,37166
2013-10-29 16:00:00-04:00,14.43,14.44,14.23,14.29,42612
2013-10-30 16:00:00-04:00,14.23,14.279,14.01,14.12,90835
2013-10-31 16:00:00-04:00,14.13,14.13,14.01,14.1,46471
2013-11-01 16:00:00-04:00,14.15,14.15,13.94,14.04,45278
2013-11-04 16:00:00-05:00,14.08,14.14,14.01,14.14,52327
2013-11-05 16:00:00-05:00,14.2,14.31,14.13,14.21,49959
2013-11-06 16:00:00-05:00,14.27,14.33,14.21,14.33,46133
2013-11-07 16:00:00-05:00,14.36,14.65,14.2601,14.58,71809
2013-11-08 16:00:00-05:00,14.5,14.67,14.4,14.67,61249
2013-11-11 16:00:00-05:00,14.6,14.6,14.32,14.41,32958
2013-11-12 16:00:00-05:00,14.47,14.48,14.03,14.11,44501
2013-11-13 16:00:00-05:00,14.61,14.61,14.021,14.064,21141
2013-11-14 16:00:00-05:00,14.28,14.28,14.0,14.03,53722
2013-11-15 16:00:00-05:00,14.0,14.02,13.9,13.9104,61693
2013-11-18 16:00:00-05:00,13.88,13.9,13.82,13.86,40423
2013-11-19 16:00:00-05:00,13.93,13.93,13.86,13.88,20419
2013-11-20 16:00:00-05:00,13.87,13.87,13.74,13.8007,47543
2013-11-21 16:00:00-05:00,14.04,14.04,13.77,13.82,51259
2013-11-22 16:00:00-05:00,13.91,13.93,13.77,13.78,91547
2013-11-25 16:00:00-05:00,13.73,13.83,13.64,13.73,77949
2013-11-26 16:00:00-05:00,13.74,13.78,13.63,13.66,94435
2013-11-27 16:00:00-05:00,13.78,13.78,13.65,13.65,53186
2013-11-29 16:00:00-05:00,13.66,13.7,13.65,13.66,20785
2013-12-02 16:00:00-05:00,13.65,13.66,13.53,13.53,59606
2013-12-03 16:00:00-05:00,13.5,13.71,13.49,13.67,55480
2013-12-04 16:00:00-05:00,13.95,13.96,13.75,13.75,69247
2013-12-05 16:00:00-05:00,13.69,14.01,13.56,13.91,60370
2013-12-06 16:00:00-05:00,13.93,13.99,13.7,13.82,70472
2013-12-09 16:00:00-05:00,13.75,13.76,13.56,13.56,63547
2013-12-10 16:00:00-05:00,13.53,13.93,13.42,13.79,143698
2013-12-11 16:00:00-05:00,14.0,14.0,13.75,13.95,65860
2013-12-12 16:00:00-05:00,14.0,14.04,13.96,14.02,83406
2013-12-13 16:00:00-05:00,14.18,14.31,14.03,14.23,60734
2013-12-16 16:00:00-05:00,14.11,14.49,14.11,14.41,89602
2013-12-17 16:00:00-05:00,14.53,14.53,14.36,14.49,147679
2013-12-18 16:00:00-05:00,14.8,14.8,14.5,14.552,58739
2013-12-19 16:00:00-05:00,14.76,14.76,14.5,14.5,68954
2013-12-20 16:00:00-05:00,14.5,14.6,14.45,14.45,94893
2013-12-23 16:00:00-05:00,14.58,14.73,14.44,14.49,89846
2013-12-24 16:00:00-05:00,14.78,14.78,14.26,14.59,59022
2013-12-26 16:00:00-05:00,14.67,14.67,14.29,14.35,36074
2013-12-27 16:00:00-05:00,14.26,14.26,13.95,14.09,82584
2013-12-30 16:00:00-05:00,14.35,14.35,14.1,14.23,89648
2013-12-31 16:00:00-05:00,14.15,14.201,13.95,14.04,150791
2014-01-02 16:00:00-05:00,14.04,14.25,14.04,14.08,102639
2014-01-03 16:00:00-05:00,14.07,14.5,14.0,14.37,79195
2014-01-06 16:00:00-05:00,14.48,14.5,14.401,14.46,27368
2014-01-07 16:00:00-05:00,14.49,14.49,14.31,14.39,80406
2014-01-08 16:00:00-05:00,14.32,14.32,14.15,14.15,50991
2014-01-09 16:00:00-05:00,14.17,14.27,14.12,14.12,55783
2014-01-10 16:00:00-05:00,14.16,14.239,14.14,14.21,88050
2014-01-13 16:00:00-05:00,14.22,14.24,14.111,14.19,96292
2014-01-14 16:00:00-05:00,14.14,14.2,14.1,14.19,23549
2014-01-15 16:00:00-05:00,14.23,14.35,14.2,14.33,51360
2014-01-16 16:00:00-05:00,14.27,14.4,14.24,14.34,49895
2014-01-17 16:00:00-05:00,14.32,14.4,14.26,14.33,54211
2014-01-21 16:00:00-05:00,14.33,14.46,14.3,14.36,66019
2014-01-22 16:00:00-05:00,14.32,14.44,14.3,14.44,52797
2014-01-23 16:00:00-05:00,14.46,14.549,14.24,14.3,72787
2014-01-24 16:00:00-05:00,14.31,14.4,14.24,14.25,72405
2014-01-27 16:00:00-05:00,14.35,14.43,14.3,14.3,92246
2014-01-28 16:00:00-05:00,14.27,14.37,14.24,14.37,25813
2014-01-29 16:00:00-05:00,14.33,14.49,14.2701,14.49,28098
2014-01-30 16:00:00-05:00,14.52,14.56,14.458,14.56,56145
2014-01-31 16:00:00-05:00,14.56,14.56,14.4,14.46,24690
2014-02-03 16:00:00-05:00,14.44,14.48,14.32,14.35,29613
2014-02-04 16:00:00-05:00,14.44,14.44,14.15,14.15,46910
2014-02-05 16:00:00-05:00,14.16,14.3,14.11,14.11,81260
2014-02-06 16:00:00-05:00,14.15,14.23,14.13,14.1601,59091
2014-02-07 16:00:00-05:00,14.21,14.339,14.1601,14.3,22326
2014-02-10 16:00:00-05:00,14.36,14.68,14.35,14.57,110619
2014-02-11 16:00:00-05:00,14.65,14.65,14.5,14.58,35409
2014-02-12 16:00:00-05:00,14.62,14.73,14.545,14.709,83994
2014-02-13 16:00:00-05:00,14.83,14.899,14.64,14.66,102167
2014-02-14 16:00:00-05:00,14.66,14.81,14.66,14.81,22917
2014-02-18 16:00:00-05:00,14.77,14.89,14.72,14.73,46264
2014-02-19 16:00:00-05:00,14.82,14.98,14.61,14.61,45828
2014-02-20 16:00:00-05:00,14.74,14.76,14.67,14.71,33537
2014-02-21 16:00:00-05:00,14.78,14.8,14.7,14.7,29761
2014-02-24 16:00:00-05:00,14.68,14.75,14.61,14.67,41660
2014-02-25 16:00:00-05:00,14.61,14.65,14.59,14.63,63913
2014-02-26 16:00:00-05:00,14.55,14.65,14.54,14.59,28200
2014-02-27 16:00:00-05:00,14.61,14.61,14.52,14.53,24594
2014-02-28 16:00:00-05:00,14.5,14.59,14.45,14.45,30404
2014-03-03 16:00:00-05:00,14.46,14.64,14.46,14.57,39733
2014-03-04 16:00:00-05:00,14.59,14.75,14.55,14.6,50436
2014-03-05 16:00:00-05:00,14.58,14.629,14.52,14.59,46954
2014-03-06 16:00:00-05:00,14.59,14.61,14.45,14.45,47378
2014-03-07 16:00:00-05:00,14.5,14.5,14.34,14.38,37843
2014-03-10 16:00:00-04:00,14.44,14.47,14.39,14.4,26342
2014-03-11 16:00:00-04:00,14.4,14.41,14.33,14.34,21011
2014-03-12 16:00:00-04:00,14.36,14.53,14.34,14.48,50532
2014-03-13 16:00:00-04:00,14.48,14.58,14.46,14.55,33641
2014-03-14 16:00:00-04:00,14.55,14.56,14.44,14.44,22876
2014-03-17 16:00:00-04:00,14.55,14.58,14.46,14.46,39588
2014-03-18 16:00:00-04:00,14.52,14.52,14.41,14.44,38358
2014-03-19 16:00:00-04:00,14.41,14.58,14.38,14.38,49071
2014-03-20 16:00:00-04:00,14.38,14.43,14.31,14.32,58451
2014-03-21 16:00:00-04:00,14.4,14.449,14.32,14.35,20792
2014-03-24 16:00:00-04:00,14.43,14.56,14.39,14.55,24039
2014-03-25 16:00:00-04:00,14.61,14.61,14.48,14.55,23603
2014-03-26 16:00:00-04:00,14.61,14.62,14.55,14.6,21361
2014-03-27 16:00:00-04:00,14.5,14.6,14.46,14.6,25090
2014-03-28 16:00:00-04:00,14.58,14.62,14.5,14.51,19625
2014-03-31 16:00:00-04:00,14.49,14.5,14.4,14.49,25803
2014-04-01 16:00:00-04:00,14.46,14.49,14.42,14.46,26002
2014-04-02 16:00:00-04:00,14.45,14.47,14.39,14.42,26775
2014-04-03 16:00:00-04:00,14.45,14.48,14.4,14.418,24266
2014-04-04 16:00:00-04:00,14.41,14.52,14.4,14.4299,35445
2014-04-07 16:00:00-04:00,14.47,14.47,14.39,14.46,32204
2014-04-08 16:00:00-04:00,14.43,14.46,14.4,14.4,35374
2014-04-09 16:00:00-04:00,14.46,14.46,14.3901,14.41,26775
2014-04-10 16:00:00-04:00,14.42,14.48,14.42,14.46,23084
2014-04-11 16:00:00-04:00,14.46,14.54,14.46,14.54,45094
2014-04-14 16:00:00-04:00,14.51,14.5199,14.47,14.49,26375
2014-04-15 16:00:00-04:00,14.53,14.74,14.51,14.73,69201
2014-04-16 16:00:00-04:00,14.69,14.79,14.69,14.79,70825
2014-04-17 16:00:00-04:00,14.74,14.9,14.74,14.9,38062
2014-04-21 16:00:00-04:00,14.78,14.91,14.78,14.91,29060
2014-04-22 16:00:00-04:00,14.86,14.99,14.86,14.99,20220
2014-04-23 16:00:00-04:00,15.15,15.15,15.05,15.13,47435
2014-04-24 16:00:00-04:00,15.13,15.27,15.06,15.27,53243
2014-04-25 16:00:00-04:00,15.19,15.43,15.19,15.34,32657
2014-04-28 16:00:00-04:00,15.22,15.29,15.13,15.16,27848
2014-04-29 16:00:00-04:00,15.11,15.17,15.0,15.01,40095
2014-04-30 16:00:00-04:00,15.11,15.16,14.99,15.0,39837
2014-05-01 16:00:00-04:00,15.0,15.18,15.0,15.14,20023
2014-05-02 16:00:00-04:00,15.12,15.15,15.0401,15.13,10645
2014-05-05 16:00:00-04:00,15.07,15.19,15.07,15.13,28074
2014-05-06 16:00:00-04:00,15.16,15.25,15.14,15.15,34013
2014-05-07 16:00:00-04:00,15.13,15.33,15.13,15.33,22383
2014-05-08 16:00:00-04:00,15.25,15.41,15.2,15.21,44090
2014-05-09 16:00:00-04:00,15.27,15.3,15.2399,15.2399,10078
2014-05-12 16:00:00-04:00,15.3,15.31,15.241,15.27,9467
2014-05-13 16:00:00-04:00,15.24,15.37,15.24,15.3206,16248
2014-05-14 16:00:00-04:00,15.35,15.36,15.27,15.27,24243
2014-05-15 16:00:00-04:00,15.36,15.39,15.26,15.29,36875
2014-05-16 16:00:00-04:00,15.29,15.4,15.29,15.4,29586
2014-05-19 16:00:00-04:00,15.36,15.66,15.34,15.35,26476
2014-05-20 16:00:00-04:00,15.34,15.7,15.32,15.32,37276
2014-05-21 16:00:00-04:00,15.4,15.52,15.29,15.36,44327
2014-05-22 16:00:00-04:00,15.36,15.48,15.36,15.39,37815
2014-05-23 16:00:00-04:00,15.37,15.45,15.32,15.32,45011
2014-05-27 16:00:00-04:00,15.33,15.38,15.3,15.362,14380
2014-05-28 16:00:00-04:00,15.34,15.47,15.3,15.47,47285
2014-05-29 16:00:00-04:00,15.42,15.59,15.37,15.39,41953
2014-05-30 16:00:00-04:00,15.38,15.4026,15.35,15.37,10296
2014-06-02 16:00:00-04:00,15.42,15.42,15.3,15.3,14546
2014-06-03 16:00:00-04:00,15.29,15.31,15.12,15.13,24023
2014-06-04 16:00:00-04:00,15.08,15.14,14.99,14.99,37726
2014-06-05 16:00:00-04:00,14.94,15.04,14.94,15.0,65428
2014-06-06 16:00:00-04:00,15.01,15.22,15.01,15.18,38364
2014-06-09 16:00:00-04:00,15.12,15.23,15.06,15.06,34211
2014-06-10 16:00:00-04:00,15.05,15.1098,14.99,14.99,23221
2014-06-11 16:00:00-04:00,14.99,15.14,14.99,15.14,31392
2014-06-12 16:00:00-04:00,15.07,15.12,15.07,15.12,26015
2014-06-13 16:00:00-04:00,15.05,15.13,15.01,15.1,34827
2014-06-16 16:00:00-04:00,15.14,15.25,15.07,15.07,35405
2014-06-17 16:00:00-04:00,15.03,15.06,14.97,15.04,23922
2014-06-18 16:00:00-04:00,14.96,15.11,14.96,15.1,29288
2014-06-19 16:00:00-04:00,15.14,15.18,15.06,15.13,37493
2014-06-20 16:00:00-04:00,15.06,15.3,15.06,15.3,17694
2014-06-23 16:00:00-04:00,15.3,15.38,15.2133,15.3,25750
2014-06-24 16:00:00-04:00,15.26,15.39,15.18,15.204,43205
2014-06-25 16:00:00-04:00,15.2,15.34,15.2,15.34,13975
2014-06-26 16:00:00-04:00,15.24,15.34,15.21,15.33,27161
2014-06-27 16:00:00-04:00,15.29,15.45,15.29,15.44,45797
2014-06-30 16:00:00-04:00,15.4,15.47,15.35,15.4,33846
2014-07-01 16:00:00-04:00,15.36,15.4,15.3,15.33,42411
2014-07-02 16:00:00-04:00,15.29,15.3,15.12,15.15,28383
2014-07-03 16:00:00-04:00,15.12,15.12,15.04,15.06,16114
2014-07-07 16:00:00-04:00,15.05,15.15,14.95,14.95,62811
2014-07-08 16:00:00-04:00,15.02,15.05,14.932,14.99,46370
2014-07-09 16:00:00-04:00,14.95,15.03,14.942,15.0,21641
2014-07-10 16:00:00-04:00,15.0,15.017,14.94,14.99,44728
2014-07-11 16:00:00-04:00,14.97,15.11,14.963,15.06,32371
2014-07-14 16:00:00-04:00,15.12,15.15,15.0606,15.13,23667
2014-07-15 16:00:00-04:00,15.14,15.24,15.0729,15.17,57651
2014-07-16 16:00:00-04:00,15.12,15.25,15.12,15.2,24841
2014-07-17 16:00:00-04:00,15.23,15.3,14.92,15.0448,50251
2014-07-18 16:00:00-04:00,15.01,15.17,14.993,15.17,22292
2014-07-21 16:00:00-04:00,15.14,15.3,15.14,15.24,15411
2014-07-22 16:00:00-04:00,15.25,15.28,15.24,15.28,18374
2014-07-23 16:00:00-04:00,15.23,15.32,15.23,15.32,35700
2014-07-24 16:00:00-04:00,15.32,15.32,15.24,15.2905,19225
2014-07-25 16:00:00-04:00,15.25,15.39,15.25,15.28,28882
2014-07-28 16:00:00-04:00,15.25,15.3,15.0,15.06,60405
2014-07-29 16:00:00-04:00,15.04,15.09,14.94,15.0,57577
2014-07-30 16:00:00-04:00,14.99,15.01,14.9899,15.0,36485
2014-07-31 16:00:00-04:00,14.91,14.96,14.86,14.91,23517
2014-08-01 16:00:00-04:00,14.93,14.98,14.86,14.9636,46438
2014-08-04 16:00:00-04:00,14.91,14.94,14.9,14.9252,8022
2014-08-05 16:00:00-04:00,14.85,14.9,14.83,14.83,21145
2014-08-06 16:00:00-04:00,14.84,15.05,14.73,15.0,25411
2014-08-07 16:00:00-04:00,14.98,15.04,14.92,15.04,17800
2014-08-08 16:00:00-04:00,15.0,15.15,15.0,15.14,19010
2014-08-11 16:00:00-04:00,15.08,15.1538,15.08,15.11,12229
2014-08-12 16:00:00-04:00,15.11,15.15,14.93,14.93,39764
2014-08-13 16:00:00-04:00,15.01,15.01,14.96,15.0,17240
2014-08-14 16:00:00-04:00,14.97,15.01,14.91,14.96,51342
2014-08-15 16:00:00-04:00,15.01,15.01,14.92,14.93,36296
2014-08-18 16:00:00-04:00,14.92,15.0,14.92,14.97,39503
2014-08-19 16:00:00-04:00,14.94,15.03,14.92,14.98,36653
2014-08-20 16:00:00-04:00,14.95,15.03,14.95,15.02,42210
2014-08-21 16:00:00-04:00,15.07,15.1,15.04,15.04,34021
2014-08-22 16:00:00-04:00,15.03,15.13,14.95,15.01,31860
2014-08-25 16:00:00-04:00,14.96,14.9999,14.88,14.88,42408
2014-08-26 16:00:00-04:00,14.88,14.99,14.88,14.93,43162
2014-08-27 16:00:00-04:00,14.88,14.95,14.87,14.88,41995
2014-08-28 16:00:00-04:00,14.9,14.9498,14.89,14.9,37795
2014-08-29 16:00:00-04:00,14.9,14.96,14.9,14.91,37256
2014-09-02 16:00:00-04:00,14.87,14.92,14.87,14.9,36973
2014-09-03 16:00:00-04:00,14.87,14.94,14.87,14.9105,37209
2014-09-04 16:00:00-04:00,14.87,14.94,14.86,14.89,47981
2014-09-05 16:00:00-04:00,14.87,14.91,14.83,14.85,44170
2014-09-08 16:00:00-04:00,14.85,14.93,14.83,14.85,51099
2014-09-09 16:00:00-04:00,14.85,14.94,14.85,14.9,40116
2014-09-10 16:00:00-04:00,14.83,14.94,14.83,14.94,54670
2014-09-11 16:00:00-04:00,14.95,15.04,14.9,15.04,47886
2014-09-12 16:00:00-04:00,15.01,15.187,14.97,15.15,142696
2014-09-15 16:00:00-04:00,15.15,15.2,15.01,15.04,72326
2014-09-16 16:00:00-04:00,14.96,14.97,14.89,14.89,48219
2014-09-17 16:00:00-04:00,14.86,14.93,14.86,14.89,33798
2014-09-18 16:00:00-04:00,14.87,15.01,14.87,14.96,23315
2014-09-19 16:00:00-04:00,14.95,15.06,14.95,15.06,25798
2014-09-22 16:00:00-04:00,15.02,15.03,14.96,15.0,21262
2014-09-23 16:00:00-04:00,14.97,15.05,14.91,14.97,47075
2014-09-24 16:00:00-04:00,14.98,15.08,14.98,15.07,25326
2014-09-25 16:00:00-04:00,15.01,15.139,15.0,15.11,51887
2014-09-26 16:00:00-04:00,15.03,15.09,15.03,15.03,30617
2014-09-29 16:00:00-04:00,15.01,15.1,14.97,14.98,39047
2014-09-30 16:00:00-04:00,14.97,15.024,14.88,14.88,52074
2014-10-01 16:00:00-04:00,14.9,15.04,14.9,14.93,47838
2014-10-02 16:00:00-04:00,14.9,14.94,14.77,14.88,62473
2014-10-03 16:00:00-04:00,14.87,15.07,14.87,15.01,31734
2014-10-06 16:00:00-04:00,14.98,15.05,14.98,15.0174,26956
2014-10-07 16:00:00-04:00,15.0,15.1,15.0,15.1,25874
2014-10-08 16:00:00-04:00,15.1,15.26,15.1,15.25,64370
2014-10-09 16:00:00-04:00,15.26,15.34,15.22,15.31,56987
2014-10-10 16:00:00-04:00,15.31,15.33,15.25,15.29,7560
2014-10-13 16:00:00-04:00,15.21,15.3,15.2,15.29,27927
2014-10-14 16:00:00-04:00,15.26,15.36,15.24,15.29,29270
2014-10-15 16:00:00-04:00,15.24,15.56,15.24,15.56,79537
2014-10-16 16:00:00-04:00,15.54,15.63,15.43,15.63,56414
2014-10-17 16:00:00-04:00,15.56,15.62,15.33,15.33,45430
2014-10-20 16:00:00-04:00,15.33,15.408,15.31,15.32,30888
2014-10-21 16:00:00-04:00,15.27,15.34,15.24,15.34,21658
2014-10-22 16:00:00-04:00,15.28,15.32,15.21,15.21,39884
2014-10-23 16:00:00-04:00,15.27,15.3023,15.22,15.22,62909
2014-10-24 16:00:00-04:00,15.2,15.48,15.2,15.42,60523
2014-10-27 16:00:00-04:00,15.39,15.47,15.34,15.34,39643
2014-10-28 16:00:00-04:00,15.34,15.56,15.34,15.5,58572
2014-10-29 16:00:00-04:00,15.42,15.5,15.25,15.28,36698
2014-10-30 16:00:00-04:00,15.31,15.58,15.24,15.28,52642
2014-10-31 16:00:00-04:00,15.31,15.45,15.2,15.42,42441
2014-11-03 16:00:00-05:00,15.35,15.39,15.29,15.38,32985
2014-11-04 16:00:00-05:00,15.35,15.43,15.26,15.38,36671
2014-11-05 16:00:00-05:00,15.34,15.43,15.28,15.416,54913
2014-11-06 16:00:00-05:00,15.37,15.43,15.27,15.42,38238
2014-11-07 16:00:00-05:00,15.36,15.4,15.26,15.37,29164
2014-11-10 16:00:00-05:00,15.31,15.36,15.24,15.3531,37452
2014-11-11 16:00:00-05:00,15.29,15.4099,15.24,15.32,44520
2014-11-12 16:00:00-05:00,15.3,15.35,15.25,15.32,29939
2014-11-13 16:00:00-05:00,15.36,15.43,15.32,15.42,18721
2014-11-14 16:00:00-05:00,15.38,15.4799,15.35,15.4,25014
2014-11-17 16:00:00-05:00,15.43,15.489,15.36,15.37,31308
2014-11-18 16:00:00-05:00,15.43,15.49,15.41,15.49,30921
2014-11-19 16:00:00-05:00,15.48,15.51,15.4,15.45,29141
2014-11-20 16:00:00-05:00,15.49,15.49,15.28,15.31,27177
2014-11-21 16:00:00-05:00,15.33,15.39,15.26,15.26,31156
2014-11-24 16:00:00-05:00,15.26,15.41,15.26,15.29,45949
2014-11-25 16:00:00-05:00,15.21,15.32,15.21,15.3,27566
2014-11-26 16:00:00-05:00,15.28,15.31,15.22,15.24,30990
2014-11-28 16:00:00-05:00,15.25,15.32,15.25,15.28,9325
2014-12-01 16:00:00-05:00,15.28,15.36,15.21,15.23,30661
2014-12-02 16:00:00-05:00,15.21,15.38,15.21,15.37,30964
2014-12-03 16:00:00-05:00,15.3,15.52,15.28,15.52,44142
2014-12-04 16:00:00-05:00,15.54,15.6,15.518,15.6,29400
2014-12-05 16:00:00-05:00,15.54,15.66,15.54,15.6,24391
2014-12-08 16:00:00-05:00,15.57,15.67,15.51,15.67,31007
2014-12-09 16:00:00-05:00,15.68,15.71,15.6,15.67,40665
2014-12-10 16:00:00-05:00,15.74,15.94,15.72,15.89,54024
2014-12-11 16:00:00-05:00,15.73,15.74,15.48,15.48,57592
2014-12-12 16:00:00-05:00,15.46,15.7,15.46,15.64,55741
2014-12-15 16:00:00-05:00,15.74,15.79,15.46,15.47,41822
2014-12-16 16:00:00-05:00,15.43,15.84,15.43,15.84,60878
2014-12-17 16:00:00-05:00,15.74,15.819,15.63,15.77,38876
2014-12-18 16:00:00-05:00,15.82,15.82,15.62,15.62,24503
2014-12-19 16:00:00-05:00,15.6,15.83,15.5,15.81,37241
2014-12-22 16:00:00-05:00,16.05,16.08,15.78,16.08,33450
2014-12-23 16:00:00-05:00,16.2,16.2,15.42,15.42,106120
2014-12-24 16:00:00-05:00,15.52,15.66,15.51,15.66,18187
2014-12-26 16:00:00-05:00,15.61,15.68,15.57,15.68,11879
2014-12-29 16:00:00-05:00,15.59,15.59,15.42,15.53,22581
2014-12-30 16:00:00-05:00,15.49,15.56,15.46,15.55,27415
2014-12-31 16:00:00-05:00,15.59,15.67,15.56,15.62,49285
2015-01-02 16:00:00-05:00,15.57,15.64,15.52,15.52,26844
2015-01-05 16:00:00-05:00,15.46,15.59,15.39,15.55,80699
2015-01-06 16:00:00-05:00,15.64,15.72,15.58,15.64,42649
2015-01-07 16:00:00-05:00,15.72,15.78,15.66,15.72,43046
2015-01-08 16:00:00-05:00,15.68,15.75,15.67,15.67,39052
2015-01-09 16:00:00-05:00,15.7,15.73,15.62,15.69,57530
2015-01-12 16:00:00-05:00,15.71,15.74,15.65,15.669,51036
2015-01-13 16:00:00-05:00,15.63,15.73,15.62,15.72,55302
2015-01-14 16:00:00-05:00,15.78,15.82,15.71,15.81,50158
2015-01-15 16:00:00-05:00,15.88,16.079,15.86,16.02,76873
2015-01-16 16:00:00-05:00,16.0,16.0099,15.91,15.9205,26951
2015-01-20 16:00:00-05:00,15.97,15.97,15.79,15.7909,40720
2015-01-21 16:00:00-05:00,15.87,15.9,15.77,15.82,38173
2015-01-22 16:00:00-05:00,15.87,15.91,15.79,15.91,26006
2015-01-23 16:00:00-05:00,15.94,16.0,15.9,15.97,48845
2015-01-26 16:00:00-05:00,15.97,16.02,15.9601,15.995,25643
2015-01-27 16:00:00-05:00,16.02,16.06,15.98,16.0504,40482
2015-01-28 16:00:00-05:00,16.03,16.29,16.02,16.19,46486
2015-01-29 16:00:00-05:00,16.13,16.197,16.12,16.13,23437
2015-01-30 16:00:00-05:00,16.06,16.16,16.06,16.1,135455
2015-02-02 16:00:00-05:00,16.11,16.16,15.91,16.06,145602
2015-02-03 16:00:00-05:00,16.04,16.13,15.99,16.1,76306
2015-02-04 16:00:00-05:00,16.09,16.15,16.0,16.09,30755
2015-02-05 16:00:00-05:00,16.11,16.11,15.93,15.97,46683
2015-02-06 16:00:00-05:00,15.95,15.95,15.81,15.81,18506
2015-02-09 16:00:00-05:00,15.87,15.9075,15.7432,15.76,42750
2015-02-10 16:00:00-05:00,15.76,15.79,15.66,15.66,36375
2015-02-11 16:00:00-05:00,15.71,15.71,15.52,15.56,58633
2015-02-12 16:00:00-05:00,15.59,15.6,15.53,15.56,47436
2015-02-13 16:00:00-05:00,15.59,15.59,15.44,15.44,35340
2015-02-17 16:00:00-05:00,15.49,15.49,15.12,15.17,104657
2015-02-18 16:00:00-05:00,15.22,15.384,15.17,15.28,145190
2015-02-19 16:00:00-05:00,15.33,15.45,15.3,15.33,51370
2015-02-20 16:00:00-05:00,15.38,15.47,15.37,15.37,57335
2015-02-23 16:00:00-05:00,15.44,15.4599,15.32,15.35,65985
2015-02-24 16:00:00-05:00,15.4,15.45,15.32,15.45,37987
2015-02-25 16:00:00-05:00,15.43,15.54,15.38,15.5,53028
2015-02-26 16:00:00-05:00,15.5,15.5,15.33,15.34,21765
2015-02-27 16:00:00-05:00,15.39,15.55,15.39,15.55,20127
2015-03-02 16:00:00-05:00,15.49,15.56,15.49,15.51,25128
2015-03-03 16:00:00-05:00,15.54,15.64,15.5,15.63,28986
2015-03-04 16:00:00-05:00,15.66,15.69,15.56,15.59,30479
2015-03-05 16:00:00-05:00,15.62,15.67,15.5701,15.67,17262
2015-03-06 16:00:00-05:00,15.63,15.63,15.34,15.39,23181
2015-03-09 16:00:00-04:00,15.45,15.5,15.39,15.45,24708
2015-03-10 16:00:00-04:00,15.42,15.55,15.31,15.33,75017
2015-03-11 16:00:00-04:00,15.38,15.39,15.3595,15.38,15474
2015-03-12 16:00:00-04:00,15.41,15.55,15.41,15.47,19820
2015-03-13 16:00:00-04:00,15.51,15.54,15.412,15.49,22785
2015-03-16 16:00:00-04:00,15.5,15.55,15.44,15.52,28746
2015-03-17 16:00:00-04:00,15.5,15.51,15.43,15.45,41336
2015-03-18 16:00:00-04:00,15.5,15.5,15.31,15.45,22365
2015-03-19 16:00:00-04:00,15.49,15.49,15.35,15.47,51285
2015-03-20 16:00:00-04:00,15.5,15.65,15.475,15.61,20645
2015-03-23 16:00:00-04:00,15.59,15.62,15.53,15.62,21753
2015-03-24 16:00:00-04:00,15.67,15.67,15.5,15.55,28789
2015-03-25 16:00:00-04:00,15.52,15.55,15.5,15.51,20848
2015-03-26 16:00:00-04:00,15.46,15.52,15.46,15.475,20763
2015-03-27 16:00:00-04:00,15.44,15.49,15.42,15.48,10849
2015-03-30 16:00:00-04:00,15.47,15.47,15.3901,15.42,25193
2015-03-31 16:00:00-04:00,15.41,15.55,15.4,15.55,38164
2015-04-01 16:00:00-04:00,15.53,15.58,15.45,15.5,66072
2015-04-02 16:00:00-04:00,15.5,15.5,15.37,15.37,30628
2015-04-06 16:00:00-04:00,15.47,15.53,15.45,15.47,21631
2015-04-07 16:00:00-04:00,15.46,15.65,15.46,15.58,29190
2015-04-08 16:00:00-04:00,15.56,15.7,15.55,15.63,59409
2015-04-09 16:00:00-04:00,15.66,15.66,15.57,15.58,24501
2015-04-10 16:00:00-04:00,15.63,15.67,15.57,15.57,25772
2015-04-13 16:00:00-04:00,15.57,15.62,15.51,15.52,35727
2015-04-14 16:00:00-04:00,15.53,15.62,15.47,15.59,40647
2015-04-15 16:00:00-04:00,15.61,15.8,15.56,15.71,74307
2015-04-16 16:00:00-04:00,15.66,15.75,15.58,15.58,35474
2015-04-17 16:00:00-04:00,15.6,15.74,15.57,15.66,32727
2015-04-20 16:00:00-04:00,15.73,15.8395,15.68,15.77,30391
2015-04-21 16:00:00-04:00,15.72,15.8,15.69,15.73,29507
2015-04-22 16:00:00-04:00,15.78,15.78,15.63,15.67,39191
2015-04-23 16:00:00-04:00,15.65,15.79,15.65,15.73,35923
2015-04-24 16:00:00-04:00,15.7,15.81,15.67,15.77,36581
2015-04-27 16:00:00-04:00,15.82,15.82,15.68,15.72,21327
2015-04-28 16:00:00-04:00,15.59,15.73,15.55,15.73,31785
2015-04-29 16:00:00-04:00,15.61,15.87,15.61,15.85,41237
2015-04-30 16:00:00-04:00,15.82,15.82,15.61,15.63,29119
2015-05-01 16:00:00-04:00,15.63,15.66,15.48,15.48,26663
2015-05-04 16:00:00-04:00,15.48,15.589,15.38,15.39,44045
2015-05-05 16:00:00-04:00,15.39,15.4799,15.38,15.41,45484
2015-05-06 16:00:00-04:00,15.35,15.37,15.22,15.2599,27070
2015-05-07 16:00:00-04:00,15.22,15.28,15.18,15.19,38673
2015-05-08 16:00:00-04:00,15.26,15.26,15.12,15.15,31595
2015-05-11 16:00:00-04:00,15.13,15.18,15.06,15.0796,34500
2015-05-12 16:00:00-04:00,15.09,15.13,14.98,15.13,42330
2015-05-13 16:00:00-04:00,15.15,15.15,15.0,15.05,45718
2015-05-14 16:00:00-04:00,15.11,15.18,15.0,15.18,28616
2015-05-15 16:00:00-04:00,15.17,15.37,15.16,15.37,50378
2015-05-18 16:00:00-04:00,15.3,15.35,15.26,15.31,29271
2015-05-19 16:00:00-04:00,15.2,15.32,15.2,15.28,53150
2015-05-20 16:00:00-04:00,15.2,15.24,15.15,15.2,9864
2015-05-21 16:00:00-04:00,15.24,15.39,15.159,15.34,33941
2015-05-22 16:00:00-04:00,15.29,15.29,15.18,15.2,33997
2015-05-26 16:00:00-04:00,15.24,15.25,15.17,15.25,18974
2015-05-27 16:00:00-04:00,15.14,15.23,15.11,15.15,30619
2015-05-28 16:00:00-04:00,15.15,15.16,15.09,15.16,11866
2015-05-29 16:00:00-04:00,15.13,15.25,15.06,15.23,37285
2015-06-01 16:00:00-04:00,15.15,15.2085,15.15,15.15,26590
2015-06-02 16:00:00-04:00,15.16,15.23,15.09,15.23,34059
2015-06-03 16:00:00-04:00,15.19,15.2,15.12,15.14,43102
2015-06-04 16:00:00-04:00,15.14,15.179,14.94,14.99,36654
2015-06-05 16:00:00-04:00,14.93,14.96,14.77,14.95,40902
2015-06-08 16:00:00-04:00,14.89,14.89,14.7,14.74,43723
2015-06-09 16:00:00-04:00,14.69,14.7,14.52,14.7,67518
2015-06-10 16:00:00-04:00,14.64,14.84,14.64,14.8,75391
2015-06-11 16:00:00-04:00,14.85,14.91,14.85,14.89,17441
2015-06-12 16:00:00-04:00,14.89,14.99,14.82,14.89,27483
2015-06-15 16:00:00-04:00,14.94,14.97,14.82,14.83,27972
2015-06-16 16:00:00-04:00,14.86,14.94,14.85,14.87,17852
2015-06-17 16:00:00-04:00,14.9,14.96,14.84,14.92,27342
2015-06-18 16:00:00-04:00,14.93,15.06,14.93,14.99,28318
2015-06-19 16:00:00-04:00,14.98,15.15,14.98,15.1358,24234
2015-06-22 16:00:00-04:00,15.08,15.14,15.02,15.04,19238
2015-06-23 16:00:00-04:00,15.04,15.12,14.9801,15.1,29441
2015-06-24 16:00:00-04:00,15.13,15.22,15.05,15.21,32746
2015-06-25 16:00:00-04:00,15.16,15.249,15.06,15.06,27196
2015-06-26 16:00:00-04:00,14.98,15.0058,14.9,14.9,22376
2015-06-29 16:00:00-04:00,14.9,14.9814,14.9,14.91,23310
2015-06-30 16:00:00-04:00,14.97,14.97,14.9,14.9,32140
2015-07-01 16:00:00-04:00,14.9,15.01,14.88,14.92,32858
2015-07-02 16:00:00-04:00,14.97,14.98,14.89,14.9,23574
2015-07-06 16:00:00-04:00,14.84,14.9415,14.83,14.83,25185
2015-07-07 16:00:00-04:00,14.9,15.15,14.9,15.12,34490
2015-07-08 16:00:00-04:00,15.1,15.28,15.1,15.28,12729
2015-07-09 16:00:00-04:00,15.2,15.3,15.0,15.1,51658
2015-07-10 16:00:00-04:00,15.07,15.08,14.95,15.08,14096
2015-07-13 16:00:00-04:00,14.97,15.06,14.926,14.98,19219
2015-07-14 16:00:00-04:00,15.01,15.02,14.9568,15.02,26102
2015-07-15 16:00:00-04:00,15.03,15.07,14.91,14.99,51944
2015-07-16 16:00:00-04:00,15.08,15.1699,14.96,15.04,90981
2015-07-17 16:00:00-04:00,15.04,15.04,14.97,14.97,3541
2015-07-20 16:00:00-04:00,14.96,15.0,14.96,14.97,18143
2015-07-21 16:00:00-04:00,14.96,15.11,14.96,15.05,49608
2015-07-22 16:00:00-04:00,15.0,15.12,14.91,15.06,37481
2015-07-23 16:00:00-04:00,15.13,15.2,14.91,14.97,50177
2015-07-24 16:00:00-04:00,14.94,15.02,14.94,15.02,30856
2015-07-27 16:00:00-04:00,14.98,15.05,14.98,15.0,22064
2015-07-28 16:00:00-04:00,15.0,15.09,14.99,15.07,12781
2015-07-29 16:00:00-04:00,14.95,15.06,14.95,14.98,15803
2015-07-30 16:00:00-04:00,15.02,15.08,14.98,15.05,11494
2015-07-31 16:00:00-04:00,15.03,15.06,14.89,14.93,38474
2015-08-03 16:00:00-04:00,14.9,15.06,14.9,15.06,44715
2015-08-04 16:00:00-04:00,15.06,15.16,15.021,15.09,31581
2015-08-05 16:00:00-04:00,15.13,15.13,15.0,15.02,35415
2015-08-06 16:00:00-04:00,15.05,15.06,15.0001,15.06,3708
2015-08-07 16:00:00-04:00,15.01,15.01,14.98,14.98,5824
2015-08-10 16:00:00-04:00,14.97,15.08,14.97,14.9946,18344
2015-08-11 16:00:00-04:00,14.98,15.16,14.98,15.12,39010
2015-08-12 16:00:00-04:00,15.18,15.37,15.18,15.36,66515
2015-08-13 16:00:00-04:00,15.37,15.47,15.27,15.38,27191
2015-08-14 16:00:00-04:00,15.37,15.43,15.2601,15.34,12854
2015-08-17 16:00:00-04:00,15.38,15.48,15.29,15.34,27395
2015-08-18 16:00:00-04:00,15.27,15.35,15.21,15.29,14734
2015-08-19 16:00:00-04:00,15.32,15.41,15.26,15.4,38130
2015-08-20 16:00:00-04:00,15.38,15.4,15.22,15.3602,40276
2015-08-21 16:00:00-04:00,15.32,15.48,15.25,15.39,32004
2015-08-24 16:00:00-04:00,15.2,15.2487,15.05,15.07,48248
2015-08-25 16:00:00-04:00,15.11,15.2,15.09,15.18,12259
2015-08-26 16:00:00-04:00,15.1,15.18,14.99,15.03,35900
2015-08-27 16:00:00-04:00,14.96,15.13,14.84,15.01,94424
2015-08-28 16:00:00-04:00,14.96,15.16,14.96,15.1,22433
2015-08-31 16:00:00-04:00,15.04,15.05,14.94,14.95,17519
2015-09-01 16:00:00-04:00,14.95,15.04,14.9,15.0,43327
2015-09-02 16:00:00-04:00,14.98,15.05,14.92,14.98,30897
2015-09-03 16:00:00-04:00,15.04,15.1,15.02,15.1,13450
2015-09-04 16:00:00-04:00,15.1,15.22,15.03,15.18,50740
2015-09-08 16:00:00-04:00,15.21,15.21,15.1201,15.21,13369
2015-09-09 16:00:00-04:00,15.24,15.35,15.1203,15.31,52004
2015-09-10 16:00:00-04:00,15.3,15.3,15.16,15.2068,15631
2015-09-11 16:00:00-04:00,15.32,15.32,15.11,15.2595,44369
2015-09-14 16:00:00-04:00,15.27,15.28,15.1,15.27,30765
2015-09-15 16:00:00-04:00,15.25,15.27,15.1,15.23,37074
2015-09-16 16:00:00-04:00,15.22,15.38,15.19,15.3505,32674
2015-09-17 16:00:00-04:00,15.4,15.45,15.311,15.43,32040
2015-09-18 16:00:00-04:00,15.37,15.99,15.2801,15.55,50355
2015-09-21 16:00:00-04:00,15.55,15.55,15.45,15.52,18966
2015-09-22 16:00:00-04:00,15.52,15.59,15.46,15.59,38276
2015-09-23 16:00:00-04:00,15.55,15.65,15.43,15.52,42963
2015-09-24 16:00:00-04:00,15.47,15.58,15.32,15.33,34176
2015-09-25 16:00:00-04:00,15.39,15.45,15.3501,15.41,9919
2015-09-28 16:00:00-04:00,15.36,15.36,15.271,15.36,10412
2015-09-29 16:00:00-04:00,15.4,15.48,15.29,15.39,42830
2015-09-30 16:00:00-04:00,15.36,15.5,15.24,15.24,41096
2015-10-01 16:00:00-04:00,15.32,15.45,15.31,15.45,13507
2015-10-02 16:00:00-04:00,15.43,15.55,15.43,15.55,24246
2015-10-05 16:00:00-04:00,15.45,15.547,15.44,15.47,9616
2015-10-06 16:00:00-04:00,15.46,15.57,15.41,15.57,20956
2015-10-07 16:00:00-04:00,15.6,15.78,15.54,15.54,24267
2015-10-08 16:00:00-04:00,15.55,15.66,15.46,15.52,17131
2015-10-09 16:00:00-04:00,15.48,15.55,15.46,15.4899,25996
2015-10-12 16:00:00-04:00,15.55,15.64,15.38,15.45,14286
2015-10-13 16:00:00-04:00,15.44,15.59,15.32,15.46,28908
2015-10-14 16:00:00-04:00,15.49,15.63,15.49,15.56,15527
2015-10-15 16:00:00-04:00,15.64,15.7,15.5701,15.59,35389
2015-10-16 16:00:00-04:00,15.62,15.85,15.53,15.65,53844
2015-10-19 16:00:00-04:00,15.53,15.57,15.38,15.38,24629
2015-10-20 16:00:00-04:00,15.35,15.46,15.35,15.46,26685
2015-10-21 16:00:00-04:00,15.42,15.59,15.42,15.59,27063
2015-10-22 16:00:00-04:00,15.62,15.71,15.57,15.68,20128
2015-10-23 16:00:00-04:00,15.63,15.925,15.6,15.885,17684
2015-10-26 16:00:00-04:00,15.77,15.805,15.57,15.58,30314
2015-10-27 16:00:00-04:00,15.67,15.67,15.47,15.53,32778
2015-10-28 16:00:00-04:00,15.48,15.55,15.41,15.5,17163
2015-10-29 16:00:00-04:00,15.44,15.54,15.41,15.53,19329
2015-10-30 16:00:00-04:00,15.53,15.53,15.4305,15.53,13591
2015-11-02 16:00:00-05:00,15.55,15.7,15.5,15.7,26219
2015-11-03 16:00:00-05:00,15.62,15.77,15.533,15.73,25615
2015-11-04 16:00:00-05:00,15.75,15.75,15.52,15.68,17236
2015-11-05 16:00:00-05:00,15.72,15.77,15.63,15.75,25365
2015-11-06 16:00:00-05:00,15.69,15.69,15.51,15.59,28498
2015-11-09 16:00:00-05:00,15.55,15.55,15.24,15.26,43689
2015-11-10 16:00:00-05:00,15.29,15.59,15.29,15.47,20686
2015-11-11 16:00:00-05:00,15.5,15.5,15.35,15.37,8169
2015-11-12 16:00:00-05:00,15.37,15.47,15.29,15.41,39598
2015-11-13 16:00:00-05:00,15.34,15.52,15.32,15.52,22609
2015-11-16 16:00:00-05:00,15.52,15.75,15.52,15.75,26985
2015-11-17 16:00:00-05:00,15.7,15.7465,15.57,15.5701,28207
2015-11-18 16:00:00-05:00,15.61,15.61,15.57,15.6,9154
2015-11-19 16:00:00-05:00,15.58,15.75,15.56,15.68,18937
2015-11-20 16:00:00-05:00,15.64,15.68,15.64,15.66,12247
2015-11-23 16:00:00-05:00,15.66,15.79,15.57,15.67,36100
2015-11-24 16:00:00-05:00,15.7,15.76,15.61,15.7144,32455
2015-11-25 16:00:00-05:00,15.6,15.656,15.52,15.54,20870
2015-11-27 16:00:00-05:00,15.53,15.61,15.53,15.55,5311
2015-11-30 16:00:00-05:00,15.56,15.61,15.31,15.34,61910
2015-12-01 16:00:00-05:00,15.3,15.44,15.3,15.35,73600
2015-12-02 16:00:00-05:00,15.34,15.39,15.27,15.28,44001
2015-12-03 16:00:00-05:00,15.3,15.33,15.05,15.15,73493
2015-12-04 16:00:00-05:00,15.13,15.2492,15.12,15.16,34816
2015-12-07 16:00:00-05:00,15.16,15.22,15.0,15.05,68875
2015-12-08 16:00:00-05:00,15.03,15.24,15.03,15.24,25157
2015-12-09 16:00:00-05:00,15.19,15.31,15.19,15.31,16443
2015-12-10 16:00:00-05:00,15.33,15.57,15.23,15.44,75707
2015-12-11 16:00:00-05:00,15.36,15.55,15.35,15.45,68196
2015-12-14 16:00:00-05:00,15.35,15.44,15.15,15.17,35015
2015-12-15 16:00:00-05:00,15.23,15.3458,15.13,15.28,33680
2015-12-16 16:00:00-05:00,15.25,15.61,15.21,15.51,116836
2015-12-17 16:00:00-05:00,15.57,15.65,15.47,15.56,43012
2015-12-18 16:00:00-05:00,15.62,15.65,15.48,15.48,27105
2015-12-21 16:00:00-05:00,15.54,15.59,15.46,15.46,26043
2015-12-22 16:00:00-05:00,15.46,15.72,15.45,15.58,37830
2015-12-23 16:00:00-05:00,15.67,15.67,15.46,15.66,43252
2015-12-24 16:00:00-05:00,15.66,15.72,15.574,15.65,31644
2015-12-28 16:00:00-05:00,15.58,15.669,15.58,15.59,13748
2015-12-29 16:00:00-05:00,15.54,15.65,15.52,15.55,28880
2015-12-30 16:00:00-05:00,15.5,15.66,15.5,15.65,25401
2015-12-31 16:00:00-05:00,15.69,15.76,15.67,15.72,9360
2016-01-04 16:00:00-05:00,15.68,15.83,15.55,15.74,48909
2016-01-05 16:00:00-05:00,15.8,15.98,15.7,15.91,65867
2016-01-06 16:00:00-05:00,15.86,15.916,15.7301,15.9,33349
2016-01-07 16:00:00-05:00,15.87,16.11,15.87,15.91,12890
2016-01-08 16:00:00-05:00,15.94,15.94,15.84,15.84,26500
2016-01-11 16:00:00-05:00,15.88,15.93,15.7152,15.82,35334
2016-01-12 16:00:00-05:00,15.88,15.95,15.76,15.95,34924
2016-01-13 16:00:00-05:00,15.96,16.15,15.86,15.93,31203
2016-01-14 16:00:00-05:00,15.97,16.0,15.89,16.0,21054
2016-01-15 16:00:00-05:00,16.0,16.88,15.83,15.84,66516
2016-01-19 16:00:00-05:00,15.86,16.06,15.86,15.97,41421
2016-01-20 16:00:00-05:00,15.87,15.88,15.6,15.79,37679
2016-01-21 16:00:00-05:00,15.79,15.84,15.79,15.83,22830
2016-01-22 16:00:00-05:00,15.84,16.0,15.84,15.99,28531
2016-01-25 16:00:00-05:00,15.97,15.97,15.88,15.88,19077
2016-01-26 16:00:00-05:00,15.96,15.96,15.87,15.9,41816
2016-01-27 16:00:00-05:00,15.84,15.866,15.71,15.71,40062
2016-01-28 16:00:00-05:00,15.71,15.88,15.71,15.85,22363
2016-01-29 16:00:00-05:00,15.91,16.05,15.9065,16.01,15371
2016-02-01 16:00:00-05:00,15.95,16.135,15.95,16.04,33281
2016-02-02 16:00:00-05:00,16.13,16.15,16.06,16.06,29175
2016-02-03 16:00:00-05:00,16.12,16.14,16.054,16.14,22562
2016-02-04 16:00:00-05:00,16.09,16.19,16.08,16.17,48534
2016-02-05 16:00:00-05:00,16.19,16.25,16.17,16.25,15259
2016-02-08 16:00:00-05:00,16.25,16.28,16.05,16.19,31072
2016-02-09 16:00:00-05:00,16.1,16.27,16.1,16.23,28553
2016-02-10 16:00:00-05:00,16.34,16.37,16.24,16.268,45538
2016-02-11 16:00:00-05:00,16.35,16.376,16.211,16.28,24967
2016-02-12 16:00:00-05:00,16.34,16.37,16.09,16.18,26551
2016-02-16 16:00:00-05:00,16.19,16.19,15.96,16.05,47823
2016-02-17 16:00:00-05:00,15.99,16.14,15.99,16.1,15660
2016-02-18 16:00:00-05:00,16.07,16.19,16.07,16.19,46078
2016-02-19 16:00:00-05:00,16.23,16.31,16.16,16.3,47078
2016-02-22 16:00:00-05:00,16.32,16.32,16.18,16.18,24599
2016-02-23 16:00:00-05:00,16.16,16.42,16.14,16.37,25202
2016-02-24 16:00:00-05:00,16.39,16.44,16.29,16.37,29329
2016-02-25 16:00:00-05:00,16.31,16.4251,16.28,16.3751,50948
2016-02-26 16:00:00-05:00,16.36,16.36,16.23,16.31,19227
2016-02-29 16:00:00-05:00,16.29,16.37,16.26,16.37,35750
2016-03-01 16:00:00-05:00,16.35,16.43,16.08,16.18,74446
2016-03-02 16:00:00-05:00,16.18,16.24,16.1288,16.16,34909
2016-03-03 16:00:00-05:00,16.12,16.14,16.02,16.14,55314
2016-03-04 16:00:00-05:00,16.14,16.16,16.04,16.13,32477
2016-03-07 16:00:00-05:00,16.1,16.14,16.05,16.08,31178
2016-03-08 16:00:00-05:00,16.08,16.21,16.08,16.18,35511
2016-03-09 16:00:00-05:00,16.21,16.29,16.18,16.22,24182
2016-03-10 16:00:00-05:00,16.28,16.28,16.164,16.165,16723
2016-03-11 16:00:00-05:00,16.3,16.3,16.17,16.17,21872
2016-03-14 16:00:00-04:00,16.17,16.27,16.17,16.27,15089
2016-03-15 16:00:00-04:00,16.28,16.2807,16.19,16.23,30411
2016-03-16 16:00:00-04:00,16.29,16.33,16.221,16.33,17784
2016-03-17 16:00:00-04:00,16.35,16.401,16.3,16.38,15962
2016-03-18 16:00:00-04:00,16.35,16.44,16.35,16.36,12662
2016-03-21 16:00:00-04:00,16.41,16.41,16.3,16.37,17376
2016-03-22 16:00:00-04:00,16.39,16.406,16.31,16.35,16481
2016-03-23 16:00:00-04:00,16.4,16.41,16.31,16.32,18919
2016-03-24 16:00:00-04:00,16.36,16.406,16.29,16.29,26164
2016-03-28 16:00:00-04:00,16.28,16.3085,16.16,16.2,41031
2016-03-29 16:00:00-04:00,16.15,16.2,16.11,16.15,36179
2016-03-30 16:00:00-04:00,16.2,16.24,16.11,16.14,30194
2016-03-31 16:00:00-04:00,16.21,16.26,16.14,16.21,48408
2016-04-01 16:00:00-04:00,16.17,16.2099,16.1,16.11,47160
2016-04-04 16:00:00-04:00,16.11,16.1991,16.1031,16.17,39758
2016-04-05 16:00:00-04:00,16.18,16.27,16.1712,16.27,34410
2016-04-06 16:00:00-04:00,16.3,16.39,16.26,16.34,53574
2016-04-07 16:00:00-04:00,16.36,16.46,16.28,16.46,64752
2016-04-08 16:00:00-04:00,16.4,16.55,16.39,16.55,37855
2016-04-11 16:00:00-04:00,16.53,16.62,16.52,16.5401,22822
2016-04-12 16:00:00-04:00,16.64,16.6558,16.59,16.6201,22673
2016-04-13 16:00:00-04:00,16.63,16.63,16.53,16.54,26158
2016-04-14 16:00:00-04:00,16.52,16.6,16.52,16.59,18291
2016-04-15 16:00:00-04:00,16.59,16.8,16.58,16.78,47695
2016-04-18 16:00:00-04:00,16.75,16.97,16.75,16.97,86301
2016-04-19 16:00:00-04:00,16.9,16.97,16.8,16.89,38886
2016-04-20 16:00:00-04:00,16.91,16.91,16.85,16.9,18962
2016-04-21 16:00:00-04:00,16.94,17.06,16.85,17.0,40537
2016-04-22 16:00:00-04:00,17.06,17.07,16.73,16.75,83926
2016-04-25 16:00:00-04:00,16.82,16.82,16.65,16.7,51293
2016-04-26 16:00:00-04:00,16.67,16.73,16.59,16.6,48984
2016-04-27 16:00:00-04:00,16.54,16.61,16.46,16.46,38707
2016-04-28 16:00:00-04:00,16.54,16.54,16.46,16.54,17690
2016-04-29 16:00:00-04:00,16.58,16.71,16.57,16.65,35120
2016-05-02 16:00:00-04:00,16.66,16.7299,16.6564,16.668,24572
2016-05-03 16:00:00-04:00,16.76,16.82,16.63,16.82,21902
2016-05-04 16:00:00-04:00,16.82,16.83,16.6676,16.77,54717
2016-05-05 16:00:00-04:00,16.79,16.79,16.65,16.672,35176
2016-05-06 16:00:00-04:00,16.75,16.75,16.63,16.63,28265
2016-05-09 16:00:00-04:00,16.69,16.76,16.57,16.63,60256
2016-05-10 16:00:00-04:00,16.63,16.7,16.54,16.61,87360
2016-05-11 16:00:00-04:00,16.64,16.69,16.58,16.59,44035
2016-05-12 16:00:00-04:00,16.55,16.679,16.52,16.52,53269
2016-05-13 16:00:00-04:00,16.53,16.64,16.53,16.59,66594
2016-05-16 16:00:00-04:00,16.63,16.72,16.51,16.57,80326
2016-05-17 16:00:00-04:00,16.57,16.7,16.539,16.7,50705
2016-05-18 16:00:00-04:00,16.71,16.71,16.43,16.44,71996
2016-05-19 16:00:00-04:00,16.41,16.41,16.14,16.2399,76309
2016-05-20 16:00:00-04:00,16.2,16.3,16.2,16.29,48947
2016-05-23 16:00:00-04:00,16.34,16.3699,16.26,16.29,27409
2016-05-24 16:00:00-04:00,16.31,16.39,16.31,16.32,15359
2016-05-25 16:00:00-04:00,16.4,16.4,16.21,16.25,36446
2016-05-26 16:00:00-04:00,16.15,16.27,16.15,16.24,22381
2016-05-27 16:00:00-04:00,16.22,16.24,16.19,16.21,48077
2016-05-31 16:00:00-04:00,16.21,16.21,16.11,16.11,44887
2016-06-01 16:00:00-04:00,16.12,16.25,16.12,16.24,24946
2016-06-02 16:00:00-04:00,16.2,16.32,16.2,16.3,35509
2016-06-03 16:00:00-04:00,16.35,16.4,16.29,16.35,28936
2016-06-06 16:00:00-04:00,16.39,16.39,16.35,16.3799,12135
2016-06-07 16:00:00-04:00,16.39,16.45,16.39,16.42,31480
2016-06-08 16:00:00-04:00,16.45,16.48,16.34,16.34,43301
2016-06-09 16:00:00-04:00,16.36,16.5299,16.36,16.46,36798
2016-06-10 16:00:00-04:00,16.54,16.58,16.41,16.58,36155
2016-06-13 16:00:00-04:00,16.53,16.6,16.501,16.51,48262
2016-06-14 16:00:00-04:00,16.55,16.622,16.54,16.61,71311
2016-06-15 16:00:00-04:00,16.67,16.69,16.53,16.5301,60373
2016-06-16 16:00:00-04:00,16.56,16.59,16.44,16.44,50551
2016-06-17 16:00:00-04:00,16.38,16.48,16.38,16.42,48752
2016-06-20 16:00:00-04:00,16.37,16.5,16.37,16.45,57288
2016-06-21 16:00:00-04:00,16.44,16.56,16.42,16.56,43168
2016-06-22 16:00:00-04:00,16.55,16.65,16.55,16.58,95011
2016-06-23 16:00:00-04:00,16.65,16.66,16.57,16.64,53603
2016-06-24 16:00:00-04:00,16.69,16.75,16.62,16.71,81514
2016-06-27 16:00:00-04:00,16.79,16.79,16.73,16.77,26500
2016-06-28 16:00:00-04:00,16.67,16.76,16.67,16.72,32280
2016-06-29 16:00:00-04:00,16.7372,16.76,16.72,16.76,29128
2016-06-30 16:00:00-04:00,16.71,16.83,16.71,16.77,65720
2016-07-01 16:00:00-04:00,16.8,16.9,16.8,16.8535,36757
2016-07-05 16:00:00-04:00,16.88,16.88,16.76,16.76,28507
2016-07-06 16:00:00-04:00,16.77,17.01,16.77,16.96,30864
2016-07-07 16:00:00-04:00,17.04,17.06,16.92,17.06,46770
2016-07-08 16:00:00-04:00,17.02,17.14,16.9941,17.14,41413
2016-07-11 16:00:00-04:00,17.16,17.23,16.97,16.9701,78913
2016-07-12 16:00:00-04:00,16.99,17.03,16.75,16.75,48756
2016-07-13 16:00:00-04:00,16.77,16.84,16.56,16.58,70030
2016-07-14 16:00:00-04:00,16.58,16.58,16.37,16.4,73296
2016-07-15 16:00:00-04:00,16.41,16.65,16.41,16.65,45018
2016-07-18 16:00:00-04:00,16.68,17.04,16.68,16.9001,66365
2016-07-19 16:00:00-04:00,16.94,17.08,16.83,16.95,102821
2016-07-20 16:00:00-04:00,17.0,17.035,16.91,16.95,71760
2016-07-21 16:00:00-04:00,16.95,17.05,16.94,17.04,68309
2016-07-22 16:00:00-04:00,17.01,17.05,16.91,16.91,44404
2016-07-25 16:00:00-04:00,16.98,17.02,16.92,16.94,22826
2016-07-26 16:00:00-04:00,17.0,17.02,16.92,17.0,39588
2016-07-27 16:00:00-04:00,16.97,16.97,16.83,16.83,42326
2016-07-28 16:00:00-04:00,16.81,16.96,16.81,16.88,60107
2016-07-29 16:00:00-04:00,16.86,16.94,16.83,16.93,38457
2016-08-01 16:00:00-04:00,16.91,16.96,16.91,16.93,28732
2016-08-02 16:00:00-04:00,16.92,16.98,16.82,16.97,52208
2016-08-03 16:00:00-04:00,17.0,17.16,16.94,17.1301,38944
2016-08-04 16:00:00-04:00,17.18,17.18,17.01,17.11,81406
2016-08-05 16:00:00-04:00,17.14,17.19,17.0777,17.12,40759
2016-08-08 16:00:00-04:00,17.19,17.27,17.13,17.27,29880
2016-08-09 16:00:00-04:00,17.27,17.32,17.22,17.3,27229
2016-08-10 16:00:00-04:00,17.34,17.53,17.3203,17.51,62132
2016-08-11 16:00:00-04:00,17.46,17.513,17.31,17.31,51860
2016-08-12 16:00:00-04:00,17.3,17.31,17.17,17.17,51022
2016-08-15 16:00:00-04:00,17.23,17.39,17.11,17.18,71875
2016-08-16 16:00:00-04:00,17.15,17.233,17.03,17.12,29866
2016-08-17 16:00:00-04:00,17.07,17.22,17.03,17.1482,36786
2016-08-18 16:00:00-04:00,17.14,17.29,17.14,17.23,23682
2016-08-19 16:00:00-04:00,17.23,17.34,17.18,17.33,43563
2016-08-22 16:00:00-04:00,17.3,17.42,17.3,17.42,37453
2016-08-23 16:00:00-04:00,17.35,17.59,17.35,17.5325,22040
2016-08-24 16:00:00-04:00,17.64,17.64,17.42,17.51,51680
2016-08-25 16:00:00-04:00,17.5,17.52,17.08,17.08,70422
2016-08-26 16:00:00-04:00,17.0,17.09,16.86,16.87,96324
2016-08-29 16:00:00-04:00,16.93,17.03,16.81,16.81,52897
2016-08-30 16:00:00-04:00,16.87,16.9399,16.8675,16.93,40471
2016-08-31 16:00:00-04:00,16.94,17.06,16.9,17.06,64843
2016-09-01 16:00:00-04:00,16.96,17.08,16.96,16.98,21753
2016-09-02 16:00:00-04:00,17.04,17.0404,16.92,16.92,31392
2016-09-06 16:00:00-04:00,16.92,17.07,16.92,17.05,31788
2016-09-07 16:00:00-04:00,17.06,17.07,17.02,17.05,34716
2016-09-08 16:00:00-04:00,17.05,17.05,16.92,16.9699,27138
2016-09-09 16:00:00-04:00,16.92,16.92,16.61,16.62,63154
2016-09-12 16:00:00-04:00,16.68,16.68,16.58,16.61,52593
2016-09-13 16:00:00-04:00,16.64,16.67,16.56,16.65,37509
2016-09-14 16:00:00-04:00,16.64,16.79,16.6,16.79,57934
2016-09-15 16:00:00-04:00,16.79,16.85,16.676,16.83,58428
2016-09-16 16:00:00-04:00,16.84,16.84,16.7,16.7,19299
2016-09-19 16:00:00-04:00,16.79,16.9799,16.61,16.76,49697
2016-09-20 16:00:00-04:00,16.71,16.82,16.71,16.8,26737
2016-09-21 16:00:00-04:00,16.74,16.855,16.74,16.81,23617
2016-09-22 16:00:00-04:00,16.9,17.07,16.9,17.03,79244
2016-09-23 16:00:00-04:00,16.99,17.05,16.94,17.01,26992
2016-09-26 16:00:00-04:00,17.05,17.05,16.9901,17.05,18824
2016-09-27 16:00:00-04:00,17.03,17.13,17.03,17.13,24456
2016-09-28 16:00:00-04:00,17.0,17.1129,17.0,17.04,40736
2016-09-29 16:00:00-04:00,17.07,17.07,16.62,16.64,57483
2016-09-30 16:00:00-04:00,16.64,16.66,16.58,16.6,34582
2016-10-03 16:00:00-04:00,16.65,16.69,16.56,16.57,42054
2016-10-04 16:00:00-04:00,16.58,16.62,16.49,16.5,51309
2016-10-05 16:00:00-04:00,16.52,16.55,16.42,16.42,38226
2016-10-06 16:00:00-04:00,16.46,16.5499,16.4,16.53,34397
2016-10-07 16:00:00-04:00,16.53,16.57,16.51,16.52,10040
2016-10-10 16:00:00-04:00,16.57,16.61,16.54,16.55,22153
2016-10-11 16:00:00-04:00,16.54,16.583,16.47,16.48,24761
2016-10-12 16:00:00-04:00,16.53,16.53,16.33,16.34,26359
2016-10-13 16:00:00-04:00,16.34,16.345,16.15,16.16,23265
2016-10-14 16:00:00-04:00,16.1,16.1365,15.95,15.97,34779
2016-10-17 16:00:00-04:00,16.01,16.16,15.71,15.77,62519
2016-10-18 16:00:00-04:00,15.75,16.0,15.75,15.99,42310
2016-10-19 16:00:00-04:00,16.0,16.24,15.95,16.23,65928
2016-10-20 16:00:00-04:00,16.25,16.26,15.89,15.92,69973
2016-10-21 16:00:00-04:00,15.92,16.1,15.91,16.0,43546
2016-10-24 16:00:00-04:00,16.02,16.05,16.0,16.0,28077
2016-10-25 16:00:00-04:00,15.95,15.97,15.89,15.92,48564
2016-10-26 16:00:00-04:00,15.86,15.95,15.82,15.86,40872
2016-10-27 16:00:00-04:00,15.76,15.76,15.55,15.55,29848
2016-10-28 16:00:00-04:00,15.58,15.58,15.41,15.41,56881
2016-10-31 16:00:00-04:00,15.49,15.52,15.34,15.34,36404
2016-11-01 16:00:00-04:00,15.45,15.69,15.42,15.66,43967
2016-11-02 16:00:00-04:00,15.67,15.77,15.65,15.77,37030
2016-11-03 16:00:00-04:00,15.68,15.84,15.68,15.82,28320
2016-11-04 16:00:00-04:00,15.78,15.89,15.771,15.89,33754
2016-11-07 16:00:00-05:00,15.82,15.93,15.82,15.93,30224
2016-11-08 16:00:00-05:00,15.95,15.99,15.95,15.99,36318
2016-11-09 16:00:00-05:00,15.91,15.91,15.43,15.47,80036
2016-11-10 16:00:00-05:00,15.45,15.5115,15.0801,15.16,126230
2016-11-11 16:00:00-05:00,15.16,15.1739,14.84,14.85,183657
2016-11-14 16:00:00-05:00,14.61,14.85,14.37,14.85,176580
2016-11-15 16:00:00-05:00,14.86,15.25,14.78,15.24,102334
2016-11-16 16:00:00-05:00,15.27,15.39,15.09,15.09,72980
2016-11-17 16:00:00-05:00,14.98,15.15,14.98,15.08,31751
2016-11-18 16:00:00-05:00,15.2,15.44,15.0,15.31,76557
2016-11-21 16:00:00-05:00,15.23,15.6668,15.23,15.4,68579
2016-11-22 16:00:00-05:00,15.4,15.59,15.32,15.32,52811
2016-11-23 16:00:00-05:00,15.25,15.25,14.99,15.07,75515
2016-11-25 13:00:00-05:00,15.06,15.18,14.96,14.96,15116
2016-11-28 16:00:00-05:00,14.95,15.04,14.9,14.95,38491
2016-11-29 16:00:00-05:00,14.9,15.27,14.9,15.05,49299
2016-11-30 16:00:00-05:00,14.99,15.03,14.901,14.9866,36837
2016-12-01 16:00:00-05:00,14.91,15.03,14.81,14.81,62472
2016-12-02 16:00:00-05:00,14.8,14.92,14.76,14.92,44548
2016-12-05 16:00:00-05:00,14.78,14.93,14.78,14.93,81171
2016-12-06 16:00:00-05:00,14.85,15.11,14.85,15.06,56043
2016-12-07 16:00:00-05:00,15.13,15.39,15.051,15.39,59041
2016-12-08 16:00:00-05:00,15.25,15.2617,15.13,15.21,56242
2016-12-09 16:00:00-05:00,15.18,15.27,15.03,15.06,98904
2016-12-12 16:00:00-05:00,14.96,15.0816,14.86,14.9701,58646
2016-12-13 16:00:00-05:00,15.02,15.54,15.02,15.38,170259
2016-12-14 16:00:00-05:00,15.53,15.68,15.3461,15.6,145214
2016-12-15 16:00:00-05:00,15.55,15.58,15.2,15.26,91474
2016-12-16 16:00:00-05:00,15.22,15.47,15.18,15.4,74504
2016-12-19 16:00:00-05:00,15.43,15.68,15.3331,15.68,40063
2016-12-20 16:00:00-05:00,15.57,15.69,15.52,15.69,55104
2016-12-21 16:00:00-05:00,15.69,15.8,15.6101,15.76,31825
2016-12-22 16:00:00-05:00,15.79,15.87,15.75,15.8,61973
2016-12-23 16:00:00-05:00,15.75,16.11,15.75,15.99,57867
2016-12-27 16:00:00-05:00,16.02,16.02,15.62,15.63,36625
2016-12-28 16:00:00-05:00,15.48,15.74,15.3,15.7,47395
2016-12-29 16:00:00-05:00,15.74,16.38,15.6706,16.25,50170
2016-12-30 16:00:00-05:00,16.2,16.4,16.0257,16.26,57168
2017-01-03 16:00:00-05:00,16.2,16.25,16.0,16.08,40096
2017-01-04 16:00:00-05:00,16.16,16.16,16.0,16.09,33843
2017-01-05 16:00:00-05:00,16.11,16.27,16.0,16.0,45682
2017-01-06 16:00:00-05:00,16.01,16.01,15.81,15.92,16667
2017-01-09 16:00:00-05:00,15.92,16.07,15.84,15.93,23059
2017-01-10 16:00:00-05:00,15.95,16.05,15.77,15.87,75053
2017-01-11 16:00:00-05:00,15.99,15.99,15.65,15.66,37690
2017-01-12 16:00:00-05:00,15.78,15.89,15.69,15.76,74964
2017-01-13 16:00:00-05:00,15.75,16.02,15.75,15.949,61757
2017-01-17 16:00:00-05:00,16.1,16.409,15.88,15.88,75740
2017-01-18 16:00:00-05:00,15.9,15.9,15.759,15.77,49524
2017-01-19 16:00:00-05:00,15.78,15.83,15.7,15.77,36273
2017-01-20 16:00:00-05:00,15.83,15.83,15.62,15.66,47812
2017-01-23 16:00:00-05:00,15.79,15.79,15.68,15.73,39325
2017-01-24 16:00:00-05:00,15.71,15.73,15.58,15.58,75211
2017-01-25 16:00:00-05:00,15.58,15.6379,15.56,15.61,27056
2017-01-26 16:00:00-05:00,15.54,15.66,15.53,15.65,33954
2017-01-27 16:00:00-05:00,15.56,15.62,15.54,15.62,21156
2017-01-30 16:00:00-05:00,15.6,15.62,15.54,15.62,24374
2017-01-31 16:00:00-05:00,15.57,15.66,15.56,15.61,28975
2017-02-01 16:00:00-05:00,15.62,15.64,15.54,15.6,23405
2017-02-02 16:00:00-05:00,15.59,15.62,15.52,15.52,35317
2017-02-03 16:00:00-05:00,15.55,15.64,15.51,15.52,44084
2017-02-06 16:00:00-05:00,15.59,15.6,15.52,15.59,7248
2017-02-07 16:00:00-05:00,15.57,15.61,15.53,15.56,15017
2017-02-08 16:00:00-05:00,15.58,15.67,15.58,15.62,26648
2017-02-09 16:00:00-05:00,15.58,15.6207,15.52,15.54,42065
2017-02-10 16:00:00-05:00,15.62,15.62,15.52,15.58,26412
2017-02-13 16:00:00-05:00,15.53,15.54,15.47,15.49,28279
2017-02-14 16:00:00-05:00,15.47,15.52,15.33,15.34,42162
2017-02-15 16:00:00-05:00,15.33,15.41,15.25,15.3,41819
2017-02-16 16:00:00-05:00,15.31,15.31,15.11,15.21,39765
2017-02-17 16:00:00-05:00,15.22,15.3,15.15,15.15,34920
2017-02-21 16:00:00-05:00,15.28,15.28,15.18,15.22,53653
2017-02-22 16:00:00-05:00,15.22,15.225,15.14,15.16,62847
2017-02-23 16:00:00-05:00,15.17,15.26,15.165,15.25,25175
2017-02-24 16:00:00-05:00,15.21,15.27,15.2,15.2,42805
2017-02-27 16:00:00-05:00,15.2,15.21,15.171,15.18,33121
2017-02-28 16:00:00-05:00,15.17,15.22,15.17,15.22,25656
2017-03-01 16:00:00-05:00,15.14,15.1699,15.1,15.13,28944
2017-03-02 16:00:00-05:00,15.1,15.1121,15.03,15.092,39983
2017-03-03 16:00:00-05:00,15.06,15.0626,14.95,14.99,48934
2017-03-06 16:00:00-05:00,14.93,14.97,14.91,14.97,60787
2017-03-07 16:00:00-05:00,14.88,14.9358,14.88,14.91,33249
2017-03-08 16:00:00-05:00,14.82,14.95,14.8,14.87,137567
2017-03-09 16:00:00-05:00,14.82,14.87,14.68,14.7,68897
2017-03-10 16:00:00-05:00,14.77,14.77,14.61,14.74,100894
2017-03-13 16:00:00-04:00,14.72,14.7234,14.65,14.69,37479
2017-03-14 16:00:00-04:00,14.66,14.83,14.66,14.75,45516
2017-03-15 16:00:00-04:00,14.8,15.01,14.74,15.01,47749
2017-03-16 16:00:00-04:00,14.93,15.16,14.785,14.89,54645
2017-03-17 16:00:00-04:00,14.89,14.92,14.76,14.82,30077
2017-03-20 16:00:00-04:00,14.81,14.9,14.81,14.82,46966
2017-03-21 16:00:00-04:00,14.83,14.93,14.8,14.8,44081
2017-03-22 16:00:00-04:00,14.82,14.91,14.78,14.84,25370
2017-03-23 16:00:00-04:00,14.82,14.83,14.77,14.81,33679
2017-03-24 16:00:00-04:00,14.81,14.84,14.79,14.79,5969
2017-03-27 16:00:00-04:00,14.89,14.9,14.82,14.9,20315
2017-03-28 16:00:00-04:00,14.89,14.93,14.86,14.89,32252
2017-03-29 16:00:00-04:00,14.83,14.9,14.81,14.9,18540
2017-03-30 16:00:00-04:00,14.89,14.9125,14.86,14.86,17747
2017-03-31 16:00:00-04:00,14.87,14.92,14.83,14.85,25568
2017-04-03 16:00:00-04:00,14.86,14.94,14.86,14.94,15466
2017-04-04 16:00:00-04:00,14.95,14.95,14.8627,14.92,24571
2017-04-05 16:00:00-04:00,14.89,14.93,14.84,14.9,42491
2017-04-06 16:00:00-04:00,14.87,14.96,14.87,14.92,41987
2017-04-07 16:00:00-04:00,14.93,15.02,14.93,14.99,16774
2017-04-10 16:00:00-04:00,15.0,15.11,14.9776,15.08,22510
2017-04-11 16:00:00-04:00,15.09,15.22,15.09,15.13,43673
2017-04-12 16:00:00-04:00,15.12,15.24,15.12,15.15,26449
2017-04-13 16:00:00-04:00,15.18,15.23,15.15,15.23,12254
2017-04-17 16:00:00-04:00,15.23,15.23,15.09,15.09,88517
2017-04-18 16:00:00-04:00,15.12,15.15,15.07,15.15,35447
2017-04-19 16:00:00-04:00,15.1,15.125,15.03,15.05,46297
2017-04-20 16:00:00-04:00,15.07,15.081,15.03,15.05,35262
2017-04-21 16:00:00-04:00,15.05,15.1,15.01,15.07,43774
2017-04-24 16:00:00-04:00,15.09,15.09,15.02,15.06,34205
2017-04-25 16:00:00-04:00,15.03,15.03,14.95,14.95,28462
2017-04-26 16:00:00-04:00,14.88,14.98,14.88,14.89,30361
2017-04-27 16:00:00-04:00,14.87,15.0,14.87,14.95,28112
2017-04-28 16:00:00-04:00,14.95,15.0,14.95,14.98,13963
2017-05-01 16:00:00-04:00,14.99,15.03,14.96,14.96,29130
2017-05-02 16:00:00-04:00,14.97,15.04,14.97,15.04,29620
2017-05-03 16:00:00-04:00,15.04,15.12,15.04,15.12,13391
2017-05-04 16:00:00-04:00,15.1,15.12,15.0801,15.09,34326
2017-05-05 16:00:00-04:00,15.11,15.16,15.08,15.1,18646
2017-05-08 16:00:00-04:00,15.08,15.11,15.07,15.07,7005
2017-05-09 16:00:00-04:00,15.07,15.15,15.04,15.09,26457
2017-05-10 16:00:00-04:00,15.13,15.13,15.03,15.04,15925
2017-05-11 16:00:00-04:00,15.04,15.11,15.02,15.03,19725
2017-05-12 16:00:00-04:00,15.06,15.16,15.06,15.13,44983
2017-05-15 16:00:00-04:00,15.17,15.21,15.128,15.21,31207
2017-05-16 16:00:00-04:00,15.25,15.25,15.19,15.21,38774
2017-05-17 16:00:00-04:00,15.23,15.34,15.18,15.22,34786
2017-05-18 16:00:00-04:00,15.3,15.31,15.1611,15.19,85642
2017-05-19 16:00:00-04:00,15.29,15.37,15.11,15.16,120832
2017-05-22 16:00:00-04:00,15.16,15.22,15.1,15.21,63604
2017-05-23 16:00:00-04:00,15.25,15.33,15.22,15.29,68103
2017-05-24 16:00:00-04:00,15.37,15.37,15.27,15.29,26375
2017-05-25 16:00:00-04:00,15.32,15.37,15.2636,15.33,26659
2017-05-26 16:00:00-04:00,15.25,15.34,15.24,15.3,22254
2017-05-30 16:00:00-04:00,15.35,15.375,15.26,15.31,25251
2017-05-31 16:00:00-04:00,15.29,15.39,15.29,15.3601,21711
2017-06-01 16:00:00-04:00,15.38,15.45,15.37,15.42,24986
2017-06-02 16:00:00-04:00,15.42,15.48,15.39,15.48,31716
2017-06-05 16:00:00-04:00,15.48,15.481,15.43,15.47,8828
2017-06-06 16:00:00-04:00,15.48,15.48,15.41,15.43,9186
2017-06-07 16:00:00-04:00,15.4,15.49,15.4,15.43,21594
2017-06-08 16:00:00-04:00,15.49,15.49,15.415,15.415,14985
2017-06-09 16:00:00-04:00,15.41,15.4352,15.37,15.38,16415
2017-06-12 16:00:00-04:00,15.38,15.41,15.37,15.37,17051
2017-06-13 16:00:00-04:00,15.38,15.38,15.34,15.35,27619
2017-06-14 16:00:00-04:00,15.38,15.47,15.33,15.35,38757
2017-06-15 16:00:00-04:00,15.4,15.43,15.3,15.37,57230
2017-06-16 16:00:00-04:00,15.4,15.53,15.3746,15.53,27451
2017-06-19 16:00:00-04:00,15.51,15.56,15.43,15.43,25585
2017-06-20 16:00:00-04:00,15.44,15.52,15.42,15.49,42508
2017-06-21 16:00:00-04:00,15.53,15.53,15.44,15.51,21225
2017-06-22 16:00:00-04:00,15.51,15.57,15.474,15.57,17886
2017-06-23 16:00:00-04:00,15.57,15.59,15.51,15.548,12144
2017-06-26 16:00:00-04:00,15.62,15.64,15.5,15.5,23924
2017-06-27 16:00:00-04:00,15.5,15.55,15.45,15.46,19514
2017-06-28 16:00:00-04:00,15.41,15.44,15.37,15.4001,8060
2017-06-29 16:00:00-04:00,15.36,15.36,15.25,15.2599,24199
2017-06-30 16:00:00-04:00,15.23,15.35,15.22,15.22,18523
2017-07-03 13:00:00-04:00,15.31,15.41,15.31,15.41,10019
2017-07-05 16:00:00-04:00,15.36,15.5,15.33,15.41,48742
2017-07-06 16:00:00-04:00,15.44,15.44,15.3335,15.4,33570
2017-07-07 16:00:00-04:00,15.38,15.46,15.3701,15.4,30958
2017-07-10 16:00:00-04:00,15.46,15.55,15.39,15.53,58188
2017-07-11 16:00:00-04:00,15.52,15.53,15.45,15.51,23617
2017-07-12 16:00:00-04:00,15.56,15.56,15.44,15.52,31908
2017-07-13 16:00:00-04:00,15.5,15.54,15.4933,15.52,30083
2017-07-14 16:00:00-04:00,15.54,15.67,15.52,15.67,24691
2017-07-17 16:00:00-04:00,15.65,15.7,15.51,15.51,38281
2017-07-18 16:00:00-04:00,15.51,15.6,15.51,15.6,20973
2017-07-19 16:00:00-04:00,15.61,15.61,15.53,15.56,15178
2017-07-20 16:00:00-04:00,15.58,15.68,15.55,15.55,21810
2017-07-21 16:00:00-04:00,15.67,15.67,15.55,15.55,31857
2017-07-24 16:00:00-04:00,16.0,16.0,15.54,15.55,17852
2017-07-25 16:00:00-04:00,16.0,16.0,15.42,15.42,35327
2017-07-26 16:00:00-04:00,15.87,15.87,15.43,15.44,23641
2017-07-27 16:00:00-04:00,15.27,15.373,15.27,15.3,57202
2017-07-28 16:00:00-04:00,15.38,15.45,15.337,15.4467,38177
2017-07-31 16:00:00-04:00,0.0,15.55,0.0,15.55,24079
2017-08-01 16:00:00-04:00,15.63,15.63,15.55,15.57,26309
2017-08-02 16:00:00-04:00,15.61,15.68,15.58,15.61,28879
2017-08-03 16:00:00-04:00,15.74,15.74,15.59,15.59,15533
2017-08-04 16:00:00-04:00,15.53,15.6556,15.49,15.491,28208
2017-08-07 16:00:00-04:00,15.44,15.52,15.44,15.46,15816
2017-08-08 16:00:00-04:00,15.5,15.51,15.37,15.4,28532
2017-08-09 16:00:00-04:00,15.48,15.48,15.28,15.3,35027
2017-08-10 16:00:00-04:00,15.32,15.34,15.27,15.3,42715
2017-08-11 16:00:00-04:00,15.25,15.39,15.18,15.35,26621
2017-08-14 16:00:00-04:00,15.37,15.43,15.33,15.4,9349
2017-08-15 16:00:00-04:00,15.4,15.4,15.3,15.37,27112
2017-08-16 16:00:00-04:00,15.45,15.45,15.34,15.43,27320
2017-08-17 16:00:00-04:00,15.49,15.49,15.39,15.42,26250
2017-08-18 16:00:00-04:00,15.4,15.44,15.38,15.38,19269
2017-08-21 16:00:00-04:00,15.4,15.49,15.4,15.47,20022
2017-08-22 16:00:00-04:00,15.55,15.55,15.42,15.47,35238
2017-08-23 16:00:00-04:00,15.53,15.58,15.52,15.58,36583
2017-08-24 16:00:00-04:00,15.56,15.59,15.49,15.54,25853
2017-08-25 16:00:00-04:00,15.57,15.57,15.54,15.55,14409
2017-08-28 16:00:00-04:00,15.54,15.579,15.52,15.56,45599
2017-08-29 16:00:00-04:00,15.5,15.56,15.49,15.53,34012
2017-08-30 16:00:00-04:00,15.44,15.53,15.44,15.48,24851
2017-08-31 16:00:00-04:00,15.6,15.69,15.46,15.69,27787
2017-09-01 16:00:00-04:00,15.72,15.72,15.46,15.54,26457
2017-09-05 16:00:00-04:00,15.59,15.59,15.46,15.47,46926
2017-09-06 16:00:00-04:00,15.54,15.54,15.49,15.54,14899
2017-09-07 16:00:00-04:00,15.59,15.62,15.49,15.6,24956
2017-09-08 16:00:00-04:00,15.63,15.76,15.5983,15.6925,35301
2017-09-11 16:00:00-04:00,15.72,15.79,15.67,15.709,23665
2017-09-12 16:00:00-04:00,15.72,15.73,15.63,15.64,24224
2017-09-13 16:00:00-04:00,15.66,15.76,15.64,15.75,24026
2017-09-14 16:00:00-04:00,15.68,15.8,15.68,15.74,26743
2017-09-15 16:00:00-04:00,15.85,15.9,15.76,15.88,36681
2017-09-18 16:00:00-04:00,15.9,15.9,15.72,15.73,28507
2017-09-19 16:00:00-04:00,15.79,15.79,15.59,15.61,34060
2017-09-20 16:00:00-04:00,15.65,15.65,15.52,15.52,17540
2017-09-21 16:00:00-04:00,15.65,15.65,15.46,15.46,49578
2017-09-22 16:00:00-04:00,15.45,15.49,15.42,15.42,24040
2017-09-25 16:00:00-04:00,15.61,15.61,15.48,15.57,24010
2017-09-26 16:00:00-04:00,15.64,15.74,15.54,15.74,32682
2017-09-27 16:00:00-04:00,15.6,15.62,15.51,15.53,43390
2017-09-28 16:00:00-04:00,15.54,15.54,15.42,15.45,50668
2017-09-29 16:00:00-04:00,15.56,15.56,15.36,15.36,31407
2017-10-02 16:00:00-04:00,15.37,15.4799,15.36,15.36,17197
2017-10-03 16:00:00-04:00,15.48,15.49,15.36,15.4,17066
2017-10-04 16:00:00-04:00,15.45,15.46,15.34,15.44,36091
2017-10-05 16:00:00-04:00,15.52,15.52,15.37,15.38,26930
2017-10-06 16:00:00-04:00,15.43,15.47,15.4,15.47,30009
2017-10-09 16:00:00-04:00,15.47,15.501,15.42,15.5,38642
2017-10-10 16:00:00-04:00,15.55,15.55,15.401,15.48,30455
2017-10-11 16:00:00-04:00,15.5,15.5,15.479,15.479,2934
2017-10-12 16:00:00-04:00,15.55,15.55,15.37,15.45,29245
2017-10-13 16:00:00-04:00,15.46,15.56,15.4,15.41,42160
2017-10-16 16:00:00-04:00,15.42,15.45,15.36,15.36,28266
2017-10-17 16:00:00-04:00,15.35,15.439,15.25,15.33,40794
2017-10-18 16:00:00-04:00,15.26,15.2868,15.25,15.28,14903
2017-10-19 16:00:00-04:00,15.33,15.33,15.26,15.3,10744
2017-10-20 16:00:00-04:00,15.27,15.29,15.15,15.2,31857
2017-10-23 16:00:00-04:00,15.22,15.25,15.14,15.23,25153
2017-10-24 16:00:00-04:00,15.25,15.29,15.16,15.22,29800
2017-10-25 16:00:00-04:00,15.21,15.21,14.99,15.03,30484
2017-10-26 16:00:00-04:00,15.01,15.09,14.97,15.0,26925
2017-10-27 16:00:00-04:00,14.99,15.012,14.9,14.92,30889
2017-10-30 16:00:00-04:00,14.98,15.0,14.91,15.0,29205
2017-10-31 16:00:00-04:00,14.92,15.0,14.92,14.92,32262
2017-11-01 16:00:00-04:00,14.95,15.0,14.95,14.98,13746
2017-11-02 16:00:00-04:00,14.96,15.03,14.95,14.95,25512
2017-11-03 16:00:00-04:00,14.96,14.96,14.88,14.9,17142
2017-11-06 16:00:00-05:00,14.95,14.969,14.921,14.95,19883
2017-11-07 16:00:00-05:00,14.96,15.05,14.92,15.05,25144
2017-11-08 16:00:00-05:00,15.08,15.12,15.04,15.12,14947
2017-11-09 16:00:00-05:00,15.12,15.12,15.03,15.06,25889
2017-11-10 16:00:00-05:00,15.07,15.09,14.98,14.98,17503
2017-11-13 16:00:00-05:00,15.01,15.08,15.0056,15.05,14600
2017-11-14 16:00:00-05:00,15.16,15.16,15.0,15.1,77352
2017-11-15 16:00:00-05:00,15.15,15.3,15.08,15.11,55714
2017-11-16 16:00:00-05:00,15.11,15.1692,15.09,15.16,39364
2017-11-17 16:00:00-05:00,15.18,15.18,15.1,15.12,27661
2017-11-20 16:00:00-05:00,15.1,15.14,14.99,14.99,37656
2017-11-21 16:00:00-05:00,15.0,15.14,15.0,15.0,60003
2017-11-22 16:00:00-05:00,15.0,15.07,14.99,15.02,29948
2017-11-24 13:00:00-05:00,15.04,15.11,15.0335,15.1,4984
2017-11-27 16:00:00-05:00,15.12,15.1354,15.06,15.06,33380
2017-11-28 16:00:00-05:00,15.08,15.11,15.01,15.07,30790
2017-11-29 16:00:00-05:00,15.02,15.05,14.88,14.99,36916
2017-11-30 16:00:00-05:00,15.02,15.02,14.89,14.91,33715
2017-12-01 16:00:00-05:00,14.96,14.96,14.86,14.87,56008
2017-12-04 16:00:00-05:00,14.87,14.87,14.81,14.82,35416
2017-12-05 16:00:00-05:00,14.76,14.95,14.76,14.94,37509
2017-12-06 16:00:00-05:00,14.95,15.02,14.9,14.94,82001
2017-12-07 16:00:00-05:00,14.94,14.98,14.84,14.9,70606
2017-12-08 16:00:00-05:00,14.86,14.88,14.8,14.8699,77515
2017-12-11 16:00:00-05:00,14.86,14.95,14.831,14.9,65082
